{"importBase":"import","nativeBase":"native","name":"main","deps":["internal"],"uuids":["07veRFOMFPB5DAQBjvGr/4","281gUmDttNdoXRd0HLbrSi","35Osn2gFZA85Qj2f4zxpo3","6fAc9/gb9Kfr1dCvwZaWSA@b47c0@40c10","6fAc9/gb9Kfr1dCvwZaWSA@b47c0@74afd","6fAc9/gb9Kfr1dCvwZaWSA@b47c0@7d38f","6fAc9/gb9Kfr1dCvwZaWSA@b47c0@8fd34","6fAc9/gb9Kfr1dCvwZaWSA@b47c0@bb97f","6fAc9/gb9Kfr1dCvwZaWSA@b47c0@e9a6d","baIUdvKGZPgZxNbjWTFuRI","d0MqyYBeFAkIi762QNy1/B@b47c0@40c10","d0MqyYBeFAkIi762QNy1/B@b47c0@74afd","d0MqyYBeFAkIi762QNy1/B@b47c0@7d38f","d0MqyYBeFAkIi762QNy1/B@b47c0@8fd34","d0MqyYBeFAkIi762QNy1/B@b47c0@bb97f","d0MqyYBeFAkIi762QNy1/B@b47c0@e9a6d","f0A7W6dnNPYI9xnXl0gRfn","fdjsU2o1RKF5x0TziDw3jI","032ee72e8","0338dc959","0bddbf0de","0ca04e9cf","281gUmDttNdoXRd0HLbrSi@6c48a","281gUmDttNdoXRd0HLbrSi@f9941","6fAc9/gb9Kfr1dCvwZaWSA@b47c0","d0MqyYBeFAkIi762QNy1/B@b47c0","d7o+pKeyNIZp2KX3h+oC3n","f0A7W6dnNPYI9xnXl0gRfn@6c48a","f0A7W6dnNPYI9xnXl0gRfn@f9941"],"paths":{"9":["db:/internal/physics/default-physics-material",1],"17":["db:/internal/default_renderpipeline/builtin-forward",0]},"scenes":{"db://assets/LoadScene/StartScene.scene":0,"db://assets/LoadScene/SceneLoader.scene":2},"packs":{"032ee72e8":["22","27"],"0338dc959":["0","23","24","3","4","5","6","7","8","25","10","11","12","13","14","15","26"],"0bddbf0de":["2","28"],"0ca04e9cf":["1","16"]},"versions":{"import":[18,"1b739",19,"eb502",20,"9cf94",21,"d8f07",17,"731f4"],"native":[1,"ef251",3,"6f2af",4,"459f6",5,"6a9df",6,"dabf1",7,"ea0b7",8,"9e658",10,"d8477",11,"66393",12,"a5757",13,"2b5b1",14,"8000e",15,"3645b",16,"d9657"]},"redirect":[9,"0"],"debug":false,"extensionMap":{},"hasPreloadScript":true,"types":["cc.RenderPipeline","cc.PhysicsMaterial"],"encrypted":true}
