[{"__type__":"cc.SpriteFrame","content":{"name":"food2","texture":"0dhQwMoJpMT5S7vfb67+ZY","rect":[0,0,154,177],"offset":[0,0],"originalSize":[154,177],"capInsets":[0,0,0,0]}},[{"__type__":"cc.Prefab","_name":"food2","data":{"__id__":1}},{"__type__":"cc.Node","_name":"food2","_components":[{"__type__":"cc.Sprite","node":{"__id__":1},"_materials":[{"__uuid__":"ecpdLyjvZBwrvm+cedCcQy"}],"_spriteFrame":{"__uuid__":"55ab+0n1BF0J84SzJSrD6h"}},{"__type__":"cc.RigidBody","node":{"__id__":1}},{"__type__":"cc.PhysicsPolygonCollider","node":{"__id__":1},"_friction":0.4,"points":[{"__type__":"cc.Vec2","x":-7,"y":88.5},{"__type__":"cc.Vec2","x":-24,"y":74.5},{"__type__":"cc.Vec2","x":-26,"y":54.5},{"__type__":"cc.Vec2","x":-48,"y":42.5},{"__type__":"cc.Vec2","x":-50,"y":23.5},{"__type__":"cc.Vec2","x":-66,"y":16.5},{"__type__":"cc.Vec2","x":-77,"y":-1.5},{"__type__":"cc.Vec2","x":-54,"y":-75.5},{"__type__":"cc.Vec2","x":-35,"y":-88.5},{"__type__":"cc.Vec2","x":39,"y":-87.5},{"__type__":"cc.Vec2","x":56,"y":-73.5},{"__type__":"cc.Vec2","x":77,"y":-18.5},{"__type__":"cc.Vec2","x":73,"y":9.5},{"__type__":"cc.Vec2","x":54,"y":22.5},{"__type__":"cc.Vec2","x":50,"y":44.5},{"__type__":"cc.Vec2","x":31,"y":54.5},{"__type__":"cc.Vec2","x":26,"y":77.5},{"__type__":"cc.Vec2","x":13,"y":87.5}]}],"_prefab":{"__type__":"cc.PrefabInfo","root":{"__id__":1},"asset":{"__uuid__":"f9lIxacAdHQrnJPjq0UFPl"},"fileId":"7fBBI7ktxCUqsMWrDjHNlP"},"_contentSize":{"__type__":"cc.Size","width":154,"height":177},"groupIndex":1}]]