{
    "importBase": "import",
    "nativeBase": "native",
    "name": "main",
    "deps": [
        "internal"
    ],
    "uuids": [
        "02c366c82",
        "07d5b6caa",
        "0b77cf815",
        "3c5f7977-7814-46f1-ab4a-cafd59e240c8",
        "414c798c-cead-4c55-b7d2-67fbb94fa384",
        "414c798c-cead-4c55-b7d2-67fbb94fa384@6c48a",
        "414c798c-cead-4c55-b7d2-67fbb94fa384@f9941",
        "89d35065-8f0c-4b10-8ae1-9255a2ed53fc",
        "89d35065-8f0c-4b10-8ae1-9255a2ed53fc@6c48a",
        "89d35065-8f0c-4b10-8ae1-9255a2ed53fc@f9941",
        "ba21476f-2866-4f81-9c4d-6e359316e448",
        "fd8ec536-a354-4a17-9c74-4f3883c378c8"
    ],
    "paths": {
        "fd8ec536-a354-4a17-9c74-4f3883c378c8": [
            "db:/internal/default_renderpipeline/builtin-forward",
            "cc.RenderPipeline"
        ],
        "ba21476f-2866-4f81-9c4d-6e359316e448": [
            "db:/internal/physics/default-physics-material",
            "cc.PhysicsMaterial"
        ]
    },
    "scenes": {
        "db://assets/LoadScene/StartScene.scene": "3c5f7977-7814-46f1-ab4a-cafd59e240c8"
    },
    "packs": {
        "0b77cf815": [
            "89d35065-8f0c-4b10-8ae1-9255a2ed53fc",
            "414c798c-cead-4c55-b7d2-67fbb94fa384"
        ],
        "07d5b6caa": [
            "3c5f7977-7814-46f1-ab4a-cafd59e240c8",
            "414c798c-cead-4c55-b7d2-67fbb94fa384@f9941",
            "89d35065-8f0c-4b10-8ae1-9255a2ed53fc@f9941"
        ],
        "02c366c82": [
            "89d35065-8f0c-4b10-8ae1-9255a2ed53fc@6c48a",
            "414c798c-cead-4c55-b7d2-67fbb94fa384@6c48a"
        ]
    },
    "versions": {
        "import": [],
        "native": []
    },
    "redirect": [
        "ba21476f-2866-4f81-9c4d-6e359316e448",
        "0"
    ],
    "debug": true,
    "extensionMap": {},
    "hasPreloadScript": true
}