[{"__type__":"cc.SpriteFrame","content":{"name":"food5","texture":"04mMtRCGdKoaOeNMBx18IF","rect":[0,0,301,265],"offset":[0,0],"originalSize":[301,265],"capInsets":[0,0,0,0]}},[{"__type__":"cc.Prefab","_name":"food5","data":{"__id__":1}},{"__type__":"cc.Node","_name":"food5","_components":[{"__type__":"cc.Sprite","node":{"__id__":1},"_materials":[{"__uuid__":"ecpdLyjvZBwrvm+cedCcQy"}],"_spriteFrame":{"__uuid__":"65Y8cbrbRONLZL9IM9qmLf"}},{"__type__":"cc.RigidBody","node":{"__id__":1}},{"__type__":"cc.PhysicsPolygonCollider","node":{"__id__":1},"_friction":0.4,"points":[{"__type__":"cc.Vec2","x":-34.5,"y":132.5},{"__type__":"cc.Vec2","x":-99.5,"y":116.5},{"__type__":"cc.Vec2","x":-142.5,"y":66.5},{"__type__":"cc.Vec2","x":-150.5,"y":22.5},{"__type__":"cc.Vec2","x":-134.5,"y":-0.5},{"__type__":"cc.Vec2","x":-147.5,"y":-27.5},{"__type__":"cc.Vec2","x":-129.5,"y":-61.5},{"__type__":"cc.Vec2","x":-148.5,"y":-88.5},{"__type__":"cc.Vec2","x":-140.5,"y":-119.5},{"__type__":"cc.Vec2","x":-119.5,"y":-132.5},{"__type__":"cc.Vec2","x":121.5,"y":-132.5},{"__type__":"cc.Vec2","x":150.5,"y":-103.5},{"__type__":"cc.Vec2","x":130.5,"y":-61.5},{"__type__":"cc.Vec2","x":147.5,"y":-25.5},{"__type__":"cc.Vec2","x":133.5,"y":14.5},{"__type__":"cc.Vec2","x":149.5,"y":36.5},{"__type__":"cc.Vec2","x":125.5,"y":92.5},{"__type__":"cc.Vec2","x":66.5,"y":129.5}]}],"_prefab":{"__type__":"cc.PrefabInfo","root":{"__id__":1},"asset":{"__uuid__":"be2CwiVDRP0bFCdsHV1Hmh"},"fileId":"ef9J/j4htJEZM7cmBK/CE2"},"_contentSize":{"__type__":"cc.Size","width":301,"height":265},"groupIndex":1}]]