[{"__type__":"cc.Prefab","_name":"LevelInfo","data":{"__id__":1},"asyncLoadAssets":true},{"__type__":"cc.Node","_name":"LevelInfo","_children":[{"__id__":2},{"__id__":4}],"_level":1,"_components":[{"__type__":"45e18CwOolAD4tgLZJSiPUt","node":{"__id__":1},"nowLevelLabel":{"__id__":3},"nowItemsLabel":{"__id__":5}},{"__type__":"cc.Widget","node":{"__id__":1},"_alignFlags":45}],"_prefab":{"__type__":"cc.PrefabInfo","root":{"__id__":1},"asset":{"__uuid__":"0as6IOWJ1JWJfNiisY0PIK"},"fileId":"374M6fFf5OTbhIgPOCuQmb"},"_contentSize":{"__type__":"cc.Size","width":1080,"height":1920},"_position":{"__type__":"cc.Vec3","x":540,"y":960}},{"__type__":"cc.Node","_name":"levelNumber","_parent":{"__id__":1},"_components":[{"__id__":3},{"__type__":"cc.LabelOutline","node":{"__id__":2},"_enabled":false,"_color":{"__type__":"cc.Color"}}],"_prefab":{"__type__":"cc.PrefabInfo","root":{"__id__":1},"asset":{"__uuid__":"0as6IOWJ1JWJfNiisY0PIK"},"fileId":"ecZrmeKHBGPIQG4Ja1986C"},"_color":{"__type__":"cc.Color"},"_contentSize":{"__type__":"cc.Size","width":157.44,"height":52.92},"_position":{"__type__":"cc.Vec3","y":762.206}},{"__type__":"cc.Label","node":{"__id__":2},"_materials":[{"__uuid__":"ecpdLyjvZBwrvm+cedCcQy"}],"_useOriginalSize":false,"_string":"Level 1","_N$string":"Level 1","_lineHeight":42,"_N$file":{"__uuid__":"1bMUL9XNhMX6Bs88jnELPe"},"_isSystemFontUsed":false,"_N$horizontalAlign":1,"_N$verticalAlign":1},{"__type__":"cc.Node","_name":"foodNumber","_parent":{"__id__":1},"_components":[{"__id__":5},{"__type__":"cc.LabelOutline","node":{"__id__":4},"_enabled":false,"_color":{"__type__":"cc.Color"}}],"_prefab":{"__type__":"cc.PrefabInfo","root":{"__id__":1},"asset":{"__uuid__":"0as6IOWJ1JWJfNiisY0PIK"},"fileId":"b7uYsuwg9MHbxjo25f4Xs2"},"_color":{"__type__":"cc.Color"},"_contentSize":{"__type__":"cc.Size","width":79.38,"height":50.4},"_position":{"__type__":"cc.Vec3","y":643.898}},{"__type__":"cc.Label","node":{"__id__":4},"_materials":[{"__uuid__":"ecpdLyjvZBwrvm+cedCcQy"}],"_useOriginalSize":false,"_string":"2/3","_N$string":"2/3","_fontSize":38,"_N$file":{"__uuid__":"1bMUL9XNhMX6Bs88jnELPe"},"_isSystemFontUsed":false,"_N$horizontalAlign":1,"_N$verticalAlign":1}]