[{"__type__":"cc.SpriteFrame","content":{"name":"default_btn_disabled","texture":"71VhFCTINJM6/Ky3oX9nBT","rect":[0,0,40,40],"offset":[0,0],"originalSize":[40,40],"capInsets":[12,12,12,12]}},{"__type__":"cc.SpriteFrame","content":{"name":"slime","texture":"e2X3DgfCZNXKQq6A7BaRQP","rect":[0,0,188,196],"offset":[0,0],"originalSize":[188,196],"capInsets":[0,0,0,0]}},{"__type__":"cc.SpriteFrame","content":{"name":"Button_Square03_White","texture":"c83I+6mUZBfLL5beZxNgc6","rect":[0,0,54,54],"offset":[0,0],"originalSize":[54,54],"capInsets":[27,27,27,27]}},{"__type__":"cc.SpriteFrame","content":{"name":"default_sprite_splash","texture":"02delMVqdBD70a/HSD99FK","rect":[0,0,2,2],"offset":[0,0],"originalSize":[2,2],"capInsets":[0,0,0,0]}},[{"__type__":"cc.SceneAsset","_name":"home","scene":{"__id__":1},"asyncLoadAssets":null},{"__type__":"cc.Scene","_name":"New Node","_children":[{"__id__":2}],"_anchorPoint":{"__type__":"cc.Vec2"},"autoReleaseAssets":false},{"__type__":"cc.Node","_name":"Canvas","_parent":{"__id__":1},"_children":[{"__id__":3},{"__id__":4}],"_components":[{"__type__":"cc.Canvas","node":{"__id__":2},"_designResolution":{"__type__":"cc.Size","width":1080,"height":1920},"_fitWidth":true},{"__type__":"9d230/9g95EsaBb21ouLws3","node":{"__id__":2},"playButton":{"__id__":9}}],"_contentSize":{"__type__":"cc.Size","width":1080,"height":1920},"_position":{"__type__":"cc.Vec3","x":540,"y":960},"_id":"73KU8R9oBKoIj0IuVdkDKu"},{"__type__":"cc.Node","_name":"Main Camera","_parent":{"__id__":2},"_level":1,"_components":[{"__type__":"cc.Camera","node":{"__id__":3},"_clearFlags":7,"_depth":-1}],"_position":{"__type__":"cc.Vec3","z":383.640017328599}},{"__type__":"cc.Node","_name":"Main","_parent":{"__id__":2},"_children":[{"__id__":5},{"__id__":6},{"__id__":10}],"_level":1,"_components":[{"__type__":"cc.Sprite","node":{"__id__":4},"_materials":[{"__uuid__":"ecpdLyjvZBwrvm+cedCcQy"}],"_spriteFrame":{"__uuid__":"a2MjXRFdtLlYQ5ouAFv/+R"},"_sizeMode":0},{"__type__":"cc.Widget","node":{"__id__":4},"_alignFlags":45,"_originalWidth":485,"_originalHeight":2039}],"_color":{"__type__":"cc.Color","r":223,"g":241,"b":255},"_contentSize":{"__type__":"cc.Size","width":1080,"height":1920}},{"__type__":"cc.Node","_name":"Overlay","_parent":{"__id__":4},"_level":2,"_components":[{"__type__":"cc.Sprite","node":{"__id__":5},"_materials":[{"__uuid__":"ecpdLyjvZBwrvm+cedCcQy"}],"_spriteFrame":{"__uuid__":"a2MjXRFdtLlYQ5ouAFv/+R"},"_sizeMode":0}],"_color":{"__type__":"cc.Color","r":223,"g":241,"b":255},"_contentSize":{"__type__":"cc.Size","width":1080,"height":3000}},{"__type__":"cc.Node","_name":"play Button","_parent":{"__id__":4},"_children":[{"__id__":7}],"_level":2,"_components":[{"__id__":9},{"__type__":"cc.Widget","node":{"__id__":6},"_alignFlags":4,"_bottom":295}],"_contentSize":{"__type__":"cc.Size","width":300,"height":150},"_position":{"__type__":"cc.Vec3","y":-590}},{"__type__":"cc.Node","_name":"Background","_parent":{"__id__":6},"_children":[{"__id__":8}],"_level":2,"_components":[{"__type__":"cc.Sprite","node":{"__id__":7},"_materials":[{"__uuid__":"ecpdLyjvZBwrvm+cedCcQy"}],"_spriteFrame":{"__uuid__":"69LAfKz7xOaYqPGJAxZu3k"},"_type":1,"_sizeMode":0},{"__type__":"cc.Widget","node":{"__id__":7},"alignMode":0,"_alignFlags":45,"_originalWidth":100,"_originalHeight":40}],"_color":{"__type__":"cc.Color","r":222,"g":194,"b":233},"_contentSize":{"__type__":"cc.Size","width":300,"height":150}},{"__type__":"cc.Node","_name":"Label","_parent":{"__id__":7},"_level":3,"_components":[{"__type__":"cc.Label","node":{"__id__":8},"_materials":[{"__uuid__":"ecpdLyjvZBwrvm+cedCcQy"}],"_useOriginalSize":false,"_string":"Play","_N$string":"Play","_fontSize":60,"_enableWrapText":false,"_N$file":{"__uuid__":"e0ZM/UcOVKnogJYAczxC4r"},"_isSystemFontUsed":false,"_N$horizontalAlign":1,"_N$verticalAlign":1,"_N$overflow":1}],"_contentSize":{"__type__":"cc.Size","width":300,"height":120}},{"__type__":"cc.Button","node":{"__id__":6},"clickEvents":[{"__type__":"cc.ClickEvent","target":{"__id__":2},"_componentId":"9d230/9g95EsaBb21ouLws3","handler":"playGame"}],"_N$transition":3,"transition":3,"_N$normalColor":{"__type__":"cc.Color","r":230,"g":230,"b":230},"_N$pressedColor":{"__type__":"cc.Color","r":200,"g":200,"b":200},"pressedColor":{"__type__":"cc.Color","r":200,"g":200,"b":200},"_N$disabledColor":{"__type__":"cc.Color","r":120,"g":120,"b":120,"a":200},"_N$normalSprite":{"__uuid__":"69LAfKz7xOaYqPGJAxZu3k"},"_N$pressedSprite":{"__uuid__":"e97GVMl6JHh5Ml5qEDdSGa"},"pressedSprite":{"__uuid__":"e97GVMl6JHh5Ml5qEDdSGa"},"_N$hoverSprite":{"__uuid__":"f0BIwQ8D5Ml7nTNQbh1YlS"},"hoverSprite":{"__uuid__":"f0BIwQ8D5Ml7nTNQbh1YlS"},"_N$disabledSprite":{"__uuid__":"29FYIk+N1GYaeWH/q1NxQO"},"_N$target":{"__id__":7}},{"__type__":"cc.Node","_name":"Logo","_parent":{"__id__":4},"_children":[{"__id__":11},{"__id__":12}],"_level":2,"_position":{"__type__":"cc.Vec3","y":97.663}},{"__type__":"cc.Node","_name":"New Sprite","_parent":{"__id__":10},"_level":3,"_components":[{"__type__":"cc.Sprite","node":{"__id__":11},"_materials":[{"__uuid__":"ecpdLyjvZBwrvm+cedCcQy"}],"_spriteFrame":{"__uuid__":"45a+fQt+BNE7KlLkdq+vSb"}}],"_contentSize":{"__type__":"cc.Size","width":188,"height":196},"_position":{"__type__":"cc.Vec3","x":184.592,"y":65.626}},{"__type__":"cc.Node","_name":"New Label","_parent":{"__id__":10},"_level":3,"_components":[{"__type__":"cc.Label","node":{"__id__":12},"_materials":[{"__uuid__":"ecpdLyjvZBwrvm+cedCcQy"}],"_useOriginalSize":false,"_string":"Slime\n    Fullis","_N$string":"Slime\n    Fullis","_fontSize":140,"_lineHeight":140,"_N$file":{"__uuid__":"e0ZM/UcOVKnogJYAczxC4r"},"_isSystemFontUsed":false,"_N$horizontalAlign":1,"_N$verticalAlign":1,"_N$overflow":1},{"__type__":"cc.Widget","node":{"__id__":12},"_alignFlags":2,"_top":467.28400000000005,"_bottom":1052.716,"_verticalCenter":2.337,"_originalHeight":400},{"__type__":"cc.LabelOutline","node":{"__id__":12},"_width":6}],"_color":{"__type__":"cc.Color","r":211,"g":117,"b":184},"_contentSize":{"__type__":"cc.Size","width":590,"height":400},"_position":{"__type__":"cc.Vec3","x":-115.341,"y":2.337}}],{"__type__":"cc.SpriteFrame","content":{"name":"default_btn_pressed","texture":"b4P/PCArtIdIH38t6mlw8Y","rect":[0,0,40,40],"offset":[0,0],"originalSize":[40,40],"capInsets":[12,12,12,12]}},{"__type__":"cc.SpriteFrame","content":{"name":"default_btn_normal","texture":"e8Ueib+qJEhL6mXAHdnwbi","rect":[0,0,40,40],"offset":[0,0],"originalSize":[40,40],"capInsets":[12,12,12,12]}}]