[[{"__type__":"cc.SceneAsset","_name":"LoadScene","scene":{"__id__":1},"asyncLoadAssets":null},{"__type__":"cc.Scene","_name":"New Node","_children":[{"__id__":2}],"_anchorPoint":{"__type__":"cc.Vec2"},"autoReleaseAssets":false},{"__type__":"cc.Node","_name":"Canvas","_parent":{"__id__":1},"_children":[{"__id__":3},{"__id__":4},{"__id__":12},{"__id__":13},{"__id__":6}],"_components":[{"__type__":"cc.Canvas","node":{"__id__":2},"_designResolution":{"__type__":"cc.Size","width":1560,"height":720}}],"_contentSize":{"__type__":"cc.Size","width":1560,"height":720},"_position":{"__type__":"cc.Vec3","x":780,"y":360},"_id":"0eQsJHVsdBiYvBuG3KQXbH"},{"__type__":"cc.Node","_name":"Main Camera","_parent":{"__id__":2},"_level":1,"_components":[{"__type__":"cc.Camera","node":{"__id__":3},"_clearFlags":7,"_depth":-1}],"_position":{"__type__":"cc.Vec3","z":623.5382907247958}},{"__type__":"cc.Node","_name":"LoadGameController","_parent":{"__id__":2},"_level":1,"_components":[{"__type__":"89e3bULnINAO5LStk1zefH7","node":{"__id__":4},"progressBar":{"__id__":5},"loadingLabel":{"__id__":11}}]},{"__type__":"cc.ProgressBar","node":{"__id__":6},"_N$totalLength":792,"_N$barSprite":{"__id__":9},"_N$progress":0},{"__type__":"cc.Node","_name":"New ProgressBar","_parent":{"__id__":2},"_children":[{"__id__":7},{"__id__":8},{"__id__":10}],"_level":1,"_components":[{"__type__":"cc.Sprite","node":{"__id__":6},"_materials":[{"__uuid__":"ecpdLyjvZBwrvm+cedCcQy"}],"_spriteFrame":{"__uuid__":"69cbO1R2xNt5s1qpD9E60r"},"_type":1,"_sizeMode":0},{"__id__":5},{"__type__":"cc.Widget","node":{"__id__":6},"_alignFlags":4,"_bottom":100}],"_color":{"__type__":"cc.Color","r":252,"g":222,"b":104},"_contentSize":{"__type__":"cc.Size","width":800,"height":30},"_position":{"__type__":"cc.Vec3","y":-245}},{"__type__":"cc.Node","_name":"bar copy","_parent":{"__id__":6},"_level":2,"_components":[{"__type__":"cc.Sprite","node":{"__id__":7},"_materials":[{"__uuid__":"ecpdLyjvZBwrvm+cedCcQy"}],"_spriteFrame":{"__uuid__":"69cbO1R2xNt5s1qpD9E60r"},"_type":1,"_sizeMode":0}],"_color":{"__type__":"cc.Color","r":41,"g":33,"b":33},"_contentSize":{"__type__":"cc.Size","width":792,"height":25},"_anchorPoint":{"__type__":"cc.Vec2","y":0.5},"_position":{"__type__":"cc.Vec3","x":-396}},{"__type__":"cc.Node","_name":"bar","_parent":{"__id__":6},"_components":[{"__id__":9}],"_color":{"__type__":"cc.Color","r":219,"g":22,"b":22},"_contentSize":{"__type__":"cc.Size","height":25},"_anchorPoint":{"__type__":"cc.Vec2","y":0.5},"_position":{"__type__":"cc.Vec3","x":-396}},{"__type__":"cc.Sprite","node":{"__id__":8},"_materials":[{"__uuid__":"ecpdLyjvZBwrvm+cedCcQy"}],"_spriteFrame":{"__uuid__":"69cbO1R2xNt5s1qpD9E60r"},"_type":1,"_sizeMode":0},{"__type__":"cc.Node","_name":"LbLoading","_parent":{"__id__":6},"_level":2,"_components":[{"__id__":11},{"__type__":"cc.Widget","node":{"__id__":10},"_alignFlags":4,"_bottom":-50}],"_contentSize":{"__type__":"cc.Size","height":50.4},"_position":{"__type__":"cc.Vec3","y":-39.8}},{"__type__":"cc.Label","node":{"__id__":10},"_materials":[{"__uuid__":"ecpdLyjvZBwrvm+cedCcQy"}],"_useOriginalSize":false,"_N$file":{"__uuid__":"d9jpUVP8VCVpsUGpte0Lms"},"_isSystemFontUsed":false,"_N$horizontalAlign":1,"_N$verticalAlign":1},{"__type__":"cc.Node","_name":"New Sprite","_parent":{"__id__":2},"_level":1,"_components":[{"__type__":"cc.Sprite","node":{"__id__":12},"_materials":[{"__uuid__":"ecpdLyjvZBwrvm+cedCcQy"}],"_spriteFrame":{"__uuid__":"a4zrI8idBMz48jwWdrhH1/"},"_sizeMode":0},{"__type__":"cc.Widget","node":{"__id__":12},"_alignFlags":45,"_originalWidth":1920,"_originalHeight":1080}],"_contentSize":{"__type__":"cc.Size","width":1560,"height":720}},{"__type__":"cc.Node","_name":"sprite","_parent":{"__id__":2},"_level":1,"_components":[{"__type__":"cc.Sprite","node":{"__id__":13},"_materials":[{"__uuid__":"ecpdLyjvZBwrvm+cedCcQy"}],"_spriteFrame":{"__uuid__":"dcJyszVqdHv6M893f9MkIb"}},{"__type__":"cc.Widget","node":{"__id__":13},"_alignFlags":18}],"_contentSize":{"__type__":"cc.Size","width":876,"height":386}}],{"__type__":"cc.SpriteFrame","content":{"name":"loading bar","texture":"f3qKgYgO9OOJwQ2UbxSqru","rect":[0,0,1106,41],"offset":[0,0],"originalSize":[1106,41],"capInsets":[0,0,0,0]}},{"__type__":"cc.SpriteFrame","content":{"name":"back","texture":"e563e9iqBDKbq6wlYTtGwC","rect":[0,0,1920,1080],"offset":[0,0],"originalSize":[1920,1080],"capInsets":[0,0,0,0]}},{"__type__":"cc.SpriteFrame","content":{"name":"iconn2","texture":"0d1rDtl5BPL6I0cK3K6kn+","rect":[0,0,876,386],"offset":[0,0],"originalSize":[876,386],"capInsets":[0,0,0,0]}}]