[1,["fdoJXLgx1GAa2UhGATlj3o","92j+5IJ39EE5+d9IgyZqH4@6c48a","b3I4vCFFlNSooCc/dM5h5+@f9941","fbz1ZT+65I0YssQkpVy4Je@f9941","92j+5IJ39EE5+d9IgyZqH4@f9941","b3I4vCFFlNSooCc/dM5h5+@6c48a","fbz1ZT+65I0YssQkpVy4Je@6c48a"],["node","_textureSource","_customMaterial","_spriteFrame","_parent","_cameraComponent","loadingLabel","loadingSprite","scene"],[["cc.Node",["_name","_id","_components","_lpos","_parent","_children"],1,9,5,1,2],"cc.SpriteFrame",["cc.Widget",["_alignFlags","_left","_right","_top","_bottom","_originalWidth","_originalHeight","node"],-4,1],["cc.Sprite",["_srcBlendFactor","_dstBlendFactor","_type","node","_customMaterial","_spriteFrame"],0,1,6,6],["cc.SceneAsset",["_name"],2],["cc.Node",["_name","_parent","_components","_lpos"],2,1,12,5],["cc.Canvas",["node","_cameraComponent"],3,1,1],["cc.UITransform",["node","_contentSize"],3,1,5],["cc.UIOpacity",["node"],3,1],["89e3bULnINAO5LStk1zefH7",["node","loadingSprite","loadingLabel"],3,1,1,1],["cc.Scene",["_name","_children","_globals"],2,2,4],["cc.SceneGlobals",["ambient","shadows","_skybox","fog","octree","skin","lightProbeInfo","postSettings"],3,4,4,4,4,4,4,4,4],["cc.AmbientInfo",["_skyIllumLDR","_skyColorHDR","_skyColorLDR","_groundAlbedoLDR"],2,5,5,5],["cc.ShadowsInfo",["_shadowColor"],3,5],["cc.SkyboxInfo",[],3],["cc.FogInfo",[],3],["cc.OctreeInfo",[],3],["cc.SkinInfo",[],3],["cc.LightProbeInfo",[],3],["cc.PostSettingsInfo",[],3],["cc.Camera",["_projection","_fov","_orthoHeight","_far","_depth","_clearFlags","_visibility","node"],-4,1],["cc.Label",["_string","_actualFontSize","_underlineHeight","node"],0,1]],[[7,0,1,1],[8,0,1],[5,0,1,2,3,2],[3,0,1,3,4,5,3],[4,0,2],[0,0,1,5,2,3,3],[0,0,4,2,2],[0,0,4,2,3,2],[0,0,1,2,3],[6,0,1,1],[2,0,7,2],[2,0,1,2,3,4,5,6,7,8],[3,0,1,2,3,4],[9,0,1,2,1],[10,0,1,2,2],[11,0,1,2,3,4,5,6,7,1],[12,0,1,2,3,2],[13,0,1],[14,1],[15,1],[16,1],[17,1],[18,1],[19,1],[20,0,1,2,3,4,5,6,7,8],[21,0,1,2,3,4]],[[[{"name":"blue bar","rect":{"x":0,"y":0,"width":442,"height":25},"offset":{"x":0,"y":0},"originalSize":{"width":442,"height":25},"rotated":false,"capInsets":[0,0,0,0],"vertices":{"rawPosition":[-221,-12.5,0,221,-12.5,0,-221,12.5,0,221,12.5,0],"indexes":[0,1,2,2,1,3],"uv":[0,25,442,25,0,0,442,0],"nuv":[0,0,1,0,0,1,1,1],"minPos":{"x":-221,"y":-12.5,"z":0},"maxPos":{"x":221,"y":12.5,"z":0}},"packable":true,"pixelsToUnit":100,"pivot":{"x":0.5,"y":0.5},"meshType":0}],[1],0,[0],[1],[1]],[[[4,"LoadScene"],[5,"Canvas","28i/0D0NFFUpjvicONtcb8",[-5,-6,-7,-8,-9],[[9,-2,-1],[10,45,-3],[0,-4,[5,1280,720]]],[1,640,360,0]],[6,"BG",1,[[3,770,771,-10,0,1],[11,45,40,40,23.5,23.5,1280,720,-11],[0,-12,[5,1200,673]],[1,-13]]],[2,"Main Camera",1,[[-14,[0,-15,[5,0,0]],[1,-16]],1,4,4],[1,0,0,1000]],[7,"Logo",1,[[3,770,771,-17,2,3],[0,-18,[5,932,284]],[1,-19]],[1,0,35,0]],[2,"blue bar",1,[[-20,[0,-21,[5,442,25]],[1,-22]],1,4,4],[1,0,-230.956,0]],[2,"label loading",1,[[-23,[0,-24,[5,97.87109375,50.4]],[1,-25]],1,4,4],[1,0,-180.796,0]],[8,"LoadGameController","25WrJTlipEkbK7w6BmrvDu",[[13,-28,-27,-26],[1,-29],[0,-30,[5,0,0]]]],[14,"LoadScene",[1,7],[15,[16,0.8,[2,0.2,0.5,0.8,0.520833125],[2,0.452588,0.607642,0.755699,0],[2,0.618555,0.577848,0.544564,0]],[17,[4,4283190348]],[18],[19],[20],[21],[22],[23]]],[24,0,60,486.6787658802178,4096,0,0,1408237568,3],[12,770,771,3,5],[25,"Label",40,0,6]],0,[0,5,9,0,0,1,0,0,1,0,0,1,0,-1,3,0,-2,2,0,-3,4,0,-4,5,0,-5,6,0,0,2,0,0,2,0,0,2,0,0,2,0,-1,9,0,0,3,0,0,3,0,0,4,0,0,4,0,0,4,0,-1,10,0,0,5,0,0,5,0,-1,11,0,0,6,0,0,6,0,6,11,0,7,10,0,0,7,0,0,7,0,0,7,0,8,8,1,4,8,7,4,8,30],[0,0,0,0,10,10],[2,3,2,3,2,3],[0,2,0,3,0,4]],[[{"name":"bg","rect":{"x":0,"y":0,"width":1200,"height":673},"offset":{"x":0,"y":0},"originalSize":{"width":1200,"height":673},"rotated":false,"capInsets":[0,0,0,0],"vertices":{"rawPosition":[-600,-336.5,0,600,-336.5,0,-600,336.5,0,600,336.5,0],"indexes":[0,1,2,2,1,3],"uv":[0,673,1200,673,0,0,1200,0],"nuv":[0,0,1,0,0,1,1,1],"minPos":{"x":-600,"y":-336.5,"z":0},"maxPos":{"x":600,"y":336.5,"z":0}},"packable":true,"pixelsToUnit":100,"pivot":{"x":0.5,"y":0.5},"meshType":0}],[1],0,[0],[1],[5]],[[{"name":"Loading-9-13-2025","rect":{"x":46,"y":46,"width":932,"height":284},"offset":{"x":0,"y":0},"originalSize":{"width":1024,"height":376},"rotated":false,"capInsets":[0,0,0,0],"vertices":{"rawPosition":[-466,-142,0,466,-142,0,-466,142,0,466,142,0],"indexes":[0,1,2,2,1,3],"uv":[46,330,978,330,46,46,978,46],"nuv":[0.044921875,0.12234042553191489,0.955078125,0.12234042553191489,0.044921875,0.8776595744680851,0.955078125,0.8776595744680851],"minPos":{"x":-466,"y":-142,"z":0},"maxPos":{"x":466,"y":142,"z":0}},"packable":true,"pixelsToUnit":100,"pivot":{"x":0.5,"y":0.5},"meshType":0}],[1],0,[0],[1],[6]]]]
