[{"__type__":"cc.SceneAsset","_name":"game","scene":{"__id__":1},"asyncLoadAssets":null},{"__type__":"cc.Scene","_name":"New Node","_children":[{"__id__":2}],"_anchorPoint":{"__type__":"cc.Vec2"},"autoReleaseAssets":false},{"__type__":"cc.Node","_name":"Canvas","_parent":{"__id__":1},"_children":[{"__id__":3},{"__id__":4},{"__type__":"cc.Node","_name":"LoadGameController","_parent":{"__id__":2},"_level":1,"_components":[null]}],"_components":[{"__type__":"cc.Canvas","node":{"__id__":2},"_designResolution":{"__type__":"cc.Size","width":1560,"height":720}},{"__type__":"cc.Widget","node":{"__id__":2},"_alignFlags":45}],"_contentSize":{"__type__":"cc.Size","width":1560,"height":720},"_position":{"__type__":"cc.Vec3","x":780,"y":360},"_id":"a5esZu+45LA5mBpvttspPD"},{"__type__":"cc.Node","_name":"Main Camera","_parent":{"__id__":2},"_components":[{"__type__":"cc.Camera","node":{"__id__":3},"_clearFlags":7,"_depth":-1}],"_contentSize":{"__type__":"cc.Size","width":1560,"height":720},"_position":{"__type__":"cc.Vec3","z":383.640017328599}},{"__type__":"cc.Node","_name":"label loading","_parent":{"__id__":2},"_components":[{"__type__":"cc.Label","node":{"__id__":4},"_materials":[{"__uuid__":"ecpdLyjvZBwrvm+cedCcQy"}],"_useOriginalSize":false,"_string":"Downloading","_N$string":"Downloading","_N$verticalAlign":1},{"__type__":"cc.Widget","node":{"__id__":4},"alignMode":2,"_alignFlags":18,"_left":913.830625,"_right":548.2993749999999,"_top":418.5,"_bottom":251.10000000000002,"_originalWidth":97.87,"_originalHeight":50.4}],"_contentSize":{"__type__":"cc.Size","width":231.27,"height":50.4}}]