{"importBase":"import","nativeBase":"native","name":"main","deps":["internal"],"uuids":["02c366c82","07d5b6caa","0b77cf815","3cX3l3eBRG8atKyv1Z4kDI","baIUdvKGZPgZxNbjWTFuRI","41THmMzq1MVbfSZ/u5T6OE","41THmMzq1MVbfSZ/u5T6OE@6c48a","41THmMzq1MVbfSZ/u5T6OE@f9941","8901BljwxLEIrhklWi7VP8","8901BljwxLEIrhklWi7VP8@6c48a","8901BljwxLEIrhklWi7VP8@f9941","fdjsU2o1RKF5x0TziDw3jI"],"paths":{"4":["db:/internal/physics/default-physics-material",1],"11":["db:/internal/default_renderpipeline/builtin-forward",0]},"scenes":{"db://assets/LoadScene/StartScene.scene":3},"packs":{"02c366c82":["9","6"],"07d5b6caa":["3","7","10"],"0b77cf815":["8","5"]},"versions":{"import":[],"native":[]},"redirect":[4,"0"],"debug":false,"extensionMap":{},"hasPreloadScript":true,"types":["cc.RenderPipeline","cc.PhysicsMaterial"]}