[[{"__type__":"cc.SceneAsset","_name":"game","scene":{"__id__":1},"asyncLoadAssets":null},{"__type__":"cc.Scene","_name":"New Node","_children":[{"__id__":2}],"_active":false,"_anchorPoint":{"__type__":"cc.Vec2"},"autoReleaseAssets":false},{"__type__":"cc.Node","_name":"Canvas","_parent":{"__id__":1},"_children":[{"__id__":3},{"__id__":4},{"__id__":12},{"__id__":18},{"__id__":92},{"__id__":94},{"__id__":100}],"_level":1,"_components":[{"__type__":"cc.Canvas","node":{"__id__":2},"_designResolution":{"__type__":"cc.Size","width":1080,"height":1920}},{"__type__":"1e049VrLKxFuqAQD8WHBvhA","node":{"__id__":2},"score":{"__id__":9},"game_over_layer":{"__id__":100},"bullectArea":{"__id__":93},"bird":{"__id__":15},"gameOver":{"__id__":113},"barrier_group":{"__id__":91},"startButton":{"__id__":99},"startButtonLabel":{"__id__":98}}],"_contentSize":{"__type__":"cc.Size","width":1080,"height":1920},"_position":{"__type__":"cc.Vec3","x":540,"y":960},"_id":"e5veJ8RH9CVoVBsAFg5T6C"},{"__type__":"cc.Node","_name":"Main Camera","_parent":{"__id__":2},"_level":2,"_components":[{"__type__":"cc.Camera","node":{"__id__":3},"_clearFlags":7,"_depth":-1}],"_position":{"__type__":"cc.Vec3","z":274.5300529996671}},{"__type__":"cc.Node","_name":"bg","_parent":{"__id__":2},"_children":[{"__id__":5},{"__id__":6},{"__id__":10}],"_level":2,"_components":[{"__type__":"cc.Sprite","node":{"__id__":4},"_materials":[{"__uuid__":"ecpdLyjvZBwrvm+cedCcQy"}],"_sizeMode":0},{"__type__":"cc.Widget","node":{"__id__":4},"_alignFlags":45,"_originalWidth":100,"_originalHeight":100}],"_color":{"__type__":"cc.Color"},"_contentSize":{"__type__":"cc.Size","width":1080,"height":1920},"_anchorPoint":{"__type__":"cc.Vec2"},"_position":{"__type__":"cc.Vec3","x":-540,"y":-960}},{"__type__":"cc.Node","_name":"New Sprite","_parent":{"__id__":4},"_level":3,"_components":[{"__type__":"cc.Sprite","node":{"__id__":5},"_materials":[{"__uuid__":"ecpdLyjvZBwrvm+cedCcQy"}],"_spriteFrame":{"__uuid__":"56mzHtS1xMq7+u4xE0zwC8"},"_sizeMode":0},{"__type__":"cc.Widget","node":{"__id__":5},"_alignFlags":45,"_originalWidth":1320,"_originalHeight":2868}],"_contentSize":{"__type__":"cc.Size","width":1080,"height":1920},"_position":{"__type__":"cc.Vec3","x":540,"y":960}},{"__type__":"cc.Node","_name":"top-bar","_parent":{"__id__":4},"_children":[{"__id__":7},{"__id__":8}],"_level":3,"_components":[{"__type__":"cc.Sprite","node":{"__id__":6},"_materials":[{"__uuid__":"ecpdLyjvZBwrvm+cedCcQy"}],"_spriteFrame":{"__uuid__":"a2MjXRFdtLlYQ5ouAFv/+R"},"_sizeMode":0},{"__type__":"cc.Widget","node":{"__id__":6},"_alignFlags":41,"_originalWidth":100},{"__type__":"cc.BoxCollider","node":{"__id__":6},"tag":2,"_offset":{"__type__":"cc.Vec2","y":-136},"_size":{"__type__":"cc.Size","width":1877,"height":140}}],"_color":{"__type__":"cc.Color","r":157,"g":163,"b":163},"_contentSize":{"__type__":"cc.Size","width":1080,"height":140},"_position":{"__type__":"cc.Vec3","x":540,"y":1850},"groupIndex":4},{"__type__":"cc.Node","_name":"electric","_parent":{"__id__":6},"_level":4,"_components":[{"__type__":"cc.Sprite","node":{"__id__":7},"_materials":[{"__uuid__":"ecpdLyjvZBwrvm+cedCcQy"}],"_spriteFrame":{"__uuid__":"2fcv2tyjtBD5H326oaOLaG"}}],"_contentSize":{"__type__":"cc.Size","width":1320,"height":412},"_position":{"__type__":"cc.Vec3","y":-119.464}},{"__type__":"cc.Node","_name":"score","_parent":{"__id__":6},"_level":4,"_components":[{"__id__":9}],"_color":{"__type__":"cc.Color","r":255,"g":224},"_contentSize":{"__type__":"cc.Size","width":56.91,"height":94.5}},{"__type__":"cc.Label","node":{"__id__":8},"_materials":[{"__uuid__":"ecpdLyjvZBwrvm+cedCcQy"}],"_useOriginalSize":false,"_string":"0","_N$string":"0","_fontSize":70,"_lineHeight":75,"_N$file":{"__uuid__":"08qsiyJRZLqI5J68oFvsKG"},"_isSystemFontUsed":false,"_N$horizontalAlign":1,"_N$verticalAlign":1},{"__type__":"cc.Node","_name":"bottom-bar","_parent":{"__id__":4},"_children":[{"__id__":11}],"_level":3,"_components":[{"__type__":"cc.Sprite","node":{"__id__":10},"_enabled":false,"_materials":[{"__uuid__":"ecpdLyjvZBwrvm+cedCcQy"}],"_spriteFrame":{"__uuid__":"a2MjXRFdtLlYQ5ouAFv/+R"},"_sizeMode":0},{"__type__":"cc.Widget","node":{"__id__":10},"_alignFlags":44,"_originalWidth":100},{"__type__":"cc.BoxCollider","node":{"__id__":10},"tag":2,"_size":{"__type__":"cc.Size","width":1877,"height":140}}],"_color":{"__type__":"cc.Color","r":58,"g":58,"b":58},"_contentSize":{"__type__":"cc.Size","width":1080,"height":140},"_position":{"__type__":"cc.Vec3","x":540,"y":70},"groupIndex":4},{"__type__":"cc.Node","_name":"electric","_parent":{"__id__":10},"_level":4,"_components":[{"__type__":"cc.Sprite","node":{"__id__":11},"_materials":[{"__uuid__":"ecpdLyjvZBwrvm+cedCcQy"}],"_spriteFrame":{"__uuid__":"2fcv2tyjtBD5H326oaOLaG"}}],"_contentSize":{"__type__":"cc.Size","width":1320,"height":412},"_position":{"__type__":"cc.Vec3","y":19.961}},{"__type__":"cc.Node","_name":"player","_parent":{"__id__":2},"_children":[{"__id__":13},{"__id__":17}],"_level":2,"_components":[{"__type__":"cc.Widget","node":{"__id__":12},"_alignFlags":45}],"_contentSize":{"__type__":"cc.Size","width":1080,"height":1920},"_anchorPoint":{"__type__":"cc.Vec2"},"_position":{"__type__":"cc.Vec3","x":-540,"y":-960}},{"__type__":"cc.Node","_name":"bird","_parent":{"__id__":12},"_children":[{"__id__":14}],"_level":3,"_components":[{"__type__":"cc.Sprite","node":{"__id__":13},"_materials":[{"__uuid__":"ecpdLyjvZBwrvm+cedCcQy"}],"_spriteFrame":{"__uuid__":"13G+oz4jJLUq0T5zy15RhB"},"_sizeMode":0},{"__type__":"cc.RigidBody","node":{"__id__":13},"_gravityScale":5,"_fixedRotation":true,"enabledContactListener":true,"bullet":true},{"__id__":15},{"__type__":"cc.Widget","node":{"__id__":13},"_alignFlags":8,"_left":0.14933333333333335,"_isAbsLeft":false},{"__type__":"cc.BoxCollider","node":{"__id__":13},"_offset":{"__type__":"cc.Vec2","x":40,"y":40},"_size":{"__type__":"cc.Size","width":80,"height":80}}],"_contentSize":{"__type__":"cc.Size","width":80,"height":80},"_anchorPoint":{"__type__":"cc.Vec2"},"_position":{"__type__":"cc.Vec3","x":161.28,"y":831.111},"groupIndex":2},{"__type__":"cc.Node","_name":"bullect-pos","_parent":{"__id__":13},"_level":4,"_components":[{"__type__":"cc.Widget","node":{"__id__":14},"_alignFlags":12,"_left":0.9983499999999998,"_bottom":0.7325625,"_isAbsLeft":false,"_isAbsBottom":false}],"_position":{"__type__":"cc.Vec3","x":79.868,"y":58.605000000000004}},{"__type__":"2094bhVDb9HKbQPEIAlAp2k","node":{"__id__":13},"particle":{"__id__":16}},{"__type__":"cc.ParticleSystem","node":{"__id__":17},"_materials":[{"__uuid__":"ecpdLyjvZBwrvm+cedCcQy"}],"_custom":true,"_file":{"__uuid__":"3ft5EgPfpA67xC6zjnaymS"},"_spriteFrame":{"__uuid__":"81AyPucsxE7aLydZNH9uRG"},"playOnLoad":false,"totalParticles":400,"duration":0.1,"emissionRate":200,"life":1.07,"lifeVar":0.2,"_startColor":{"__type__":"cc.Color","r":255,"g":255,"b":255},"_startColorVar":{"__type__":"cc.Color","a":0},"_endColor":{"__type__":"cc.Color","r":255,"g":255,"b":255,"a":127},"_endColorVar":{"__type__":"cc.Color","a":0},"angleVar":360,"startSize":29,"startSizeVar":10,"endSize":15,"endSizeVar":5,"_positionType":1,"positionType":1,"speed":82,"speedVar":271,"tangentialAccel":0},{"__type__":"cc.Node","_name":"New Particle","_parent":{"__id__":12},"_level":3,"_components":[{"__id__":16},{"__type__":"cc.Widget","node":{"__id__":17},"_alignFlags":18,"_verticalCenter":676,"_horizontalCenter":112}],"_position":{"__type__":"cc.Vec3","x":652,"y":1636}},{"__type__":"cc.Node","_name":"barrier-group","_parent":{"__id__":2},"_children":[{"__id__":19},{"__id__":90}],"_level":2,"_components":[{"__type__":"cc.Widget","node":{"__id__":18},"_alignFlags":45},{"__id__":91}],"_contentSize":{"__type__":"cc.Size","width":1080,"height":1920},"_anchorPoint":{"__type__":"cc.Vec2"},"_position":{"__type__":"cc.Vec3","x":-540,"y":-960}},{"__type__":"cc.Node","_name":"barrier-box","_parent":{"__id__":18},"_children":[{"__id__":20},{"__id__":27},{"__id__":34},{"__id__":41},{"__id__":48},{"__id__":55},{"__id__":62},{"__id__":69},{"__id__":76},{"__id__":83}],"_level":3,"_components":[{"__type__":"cc.Layout","node":{"__id__":19},"_layoutSize":{"__type__":"cc.Size","width":145,"height":1500.4},"_resize":1,"_N$layoutType":2,"_N$spacingY":5.6},{"__type__":"cc.Widget","node":{"__id__":19},"_alignFlags":2,"_left":602,"_right":3,"_top":617.625,"_bottom":616.375,"_verticalCenter":-70.90200000000004,"_originalWidth":145,"_originalHeight":100},{"__type__":"cc.Sprite","node":{"__id__":19},"_enabled":false,"_spriteFrame":{"__uuid__":"a2MjXRFdtLlYQ5ouAFv/+R"},"_sizeMode":0}],"_contentSize":{"__type__":"cc.Size","width":145,"height":1500.4},"_anchorPoint":{"__type__":"cc.Vec2","y":0.5},"_position":{"__type__":"cc.Vec3","x":844.197,"y":889.098}},{"__type__":"cc.Node","_name":"barrier","_parent":{"__id__":19},"_children":[{"__id__":21},{"__id__":26}],"_level":4,"_prefab":{"__type__":"cc.PrefabInfo","root":{"__id__":20},"asset":{"__uuid__":"bcdTTFEedIvbLSgWRy4xUe"},"fileId":"fbT/7t8p5DoLTV87KdSkLR"},"_contentSize":{"__type__":"cc.Size","width":145,"height":145},"_position":{"__type__":"cc.Vec3","x":72.5,"y":677.7}},{"__type__":"cc.Node","_name":"barrier","_parent":{"__id__":20},"_children":[{"__id__":22},{"__id__":23},{"__id__":24}],"_level":2,"_components":[{"__type__":"cc.Sprite","_name":"barrier<Sprite>","node":{"__id__":21},"_materials":[{"__uuid__":"ecpdLyjvZBwrvm+cedCcQy"}],"_spriteFrame":{"__uuid__":"d1mTR2jlVPCLWgcixN6qNo"},"_sizeMode":0},{"__type__":"cc.BoxCollider","node":{"__id__":21},"tag":1,"_size":{"__type__":"cc.Size","width":145,"height":145}},{"__type__":"8c022HY4e1HQqJTCjyhozU6","node":{"__id__":21},"particle":{"__id__":25}}],"_prefab":{"__type__":"cc.PrefabInfo","root":{"__id__":20},"asset":{"__uuid__":"bcdTTFEedIvbLSgWRy4xUe"},"fileId":"9ajX0uZHtKN56ZcqCU8lWB"},"_contentSize":{"__type__":"cc.Size","width":145,"height":145},"groupIndex":3},{"__type__":"cc.Node","_name":"bg","_parent":{"__id__":21},"_active":false,"_level":3,"_components":[{"__type__":"cc.Sprite","_name":"bg<Sprite>","node":{"__id__":22},"_materials":[{"__uuid__":"ecpdLyjvZBwrvm+cedCcQy"}],"_spriteFrame":{"__uuid__":"a2MjXRFdtLlYQ5ouAFv/+R"},"_sizeMode":0},{"__type__":"cc.Widget","node":{"__id__":22},"_alignFlags":45,"_originalWidth":100,"_originalHeight":100}],"_prefab":{"__type__":"cc.PrefabInfo","root":{"__id__":20},"asset":{"__uuid__":"bcdTTFEedIvbLSgWRy4xUe"},"fileId":"ccLXv5PwBHT6KK3M8xcpJo"},"_contentSize":{"__type__":"cc.Size","width":145,"height":145}},{"__type__":"cc.Node","_name":"star","_parent":{"__id__":21},"_active":false,"_level":3,"_components":[{"__type__":"cc.Sprite","_name":"star<Sprite>","node":{"__id__":23},"_materials":[{"__uuid__":"ecpdLyjvZBwrvm+cedCcQy"}],"_spriteFrame":{"__uuid__":"92y809xHZJ9ZxiJbWZcsau"},"_sizeMode":0}],"_prefab":{"__type__":"cc.PrefabInfo","root":{"__id__":20},"asset":{"__uuid__":"bcdTTFEedIvbLSgWRy4xUe"},"fileId":"80xciyTMBOt7XGFrseVLfg"},"_contentSize":{"__type__":"cc.Size","width":115,"height":115},"_position":{"__type__":"cc.Vec3","y":-3.4}},{"__type__":"cc.Node","_name":"text","_parent":{"__id__":21},"_level":5,"_components":[{"__type__":"cc.Label","_name":"text<Label>","node":{"__id__":24},"_materials":[{"__uuid__":"ecpdLyjvZBwrvm+cedCcQy"}],"_useOriginalSize":false,"_string":"1","_N$string":"1","_fontSize":70,"_lineHeight":75,"_N$file":{"__uuid__":"08qsiyJRZLqI5J68oFvsKG"},"_isSystemFontUsed":false,"_N$horizontalAlign":1,"_N$verticalAlign":1}],"_prefab":{"__type__":"cc.PrefabInfo","root":{"__id__":20},"asset":{"__uuid__":"bcdTTFEedIvbLSgWRy4xUe"},"fileId":"5fAMPpbUJPs6aEc3erAeYz"},"_color":{"__type__":"cc.Color","r":70,"g":70,"b":70},"_contentSize":{"__type__":"cc.Size","width":40.74,"height":94.5},"_position":{"__type__":"cc.Vec3","y":-6}},{"__type__":"cc.ParticleSystem","_name":"New Particle<ParticleSystem>","node":{"__id__":26},"_materials":[{"__uuid__":"ecpdLyjvZBwrvm+cedCcQy"}],"_custom":true,"_file":{"__uuid__":"3ft5EgPfpA67xC6zjnaymS"},"_spriteFrame":{"__uuid__":"5b//K+bKRIoKY5+cfKmdFK"},"playOnLoad":false,"totalParticles":400,"duration":0.1,"emissionRate":200,"life":1.07,"lifeVar":0.2,"_startColor":{"__type__":"cc.Color","r":255},"_startColorVar":{"__type__":"cc.Color","a":0},"_endColor":{"__type__":"cc.Color","r":255,"a":127},"_endColorVar":{"__type__":"cc.Color","a":0},"angleVar":360,"startSize":29,"startSizeVar":10,"endSize":15,"endSizeVar":5,"_positionType":1,"positionType":1,"speed":82,"speedVar":271,"tangentialAccel":0},{"__type__":"cc.Node","_name":"New Particle","_parent":{"__id__":20},"_level":2,"_components":[{"__id__":25}],"_prefab":{"__type__":"cc.PrefabInfo","root":{"__id__":20},"asset":{"__uuid__":"bcdTTFEedIvbLSgWRy4xUe"},"fileId":"8aoWcqziZPx4Dr2ua+8kKV"}},{"__type__":"cc.Node","_name":"barrier","_parent":{"__id__":19},"_children":[{"__id__":28},{"__id__":33}],"_level":4,"_prefab":{"__type__":"cc.PrefabInfo","root":{"__id__":27},"asset":{"__uuid__":"bcdTTFEedIvbLSgWRy4xUe"},"fileId":"fbT/7t8p5DoLTV87KdSkLR"},"_contentSize":{"__type__":"cc.Size","width":145,"height":145},"_position":{"__type__":"cc.Vec3","x":72.5,"y":527.1}},{"__type__":"cc.Node","_name":"barrier","_parent":{"__id__":27},"_children":[{"__id__":29},{"__id__":30},{"__id__":31}],"_level":2,"_components":[{"__type__":"cc.Sprite","_name":"barrier<Sprite>","node":{"__id__":28},"_materials":[{"__uuid__":"ecpdLyjvZBwrvm+cedCcQy"}],"_spriteFrame":{"__uuid__":"d1mTR2jlVPCLWgcixN6qNo"},"_sizeMode":0},{"__type__":"cc.BoxCollider","node":{"__id__":28},"tag":1,"_size":{"__type__":"cc.Size","width":145,"height":145}},{"__type__":"8c022HY4e1HQqJTCjyhozU6","node":{"__id__":28},"particle":{"__id__":32}}],"_prefab":{"__type__":"cc.PrefabInfo","root":{"__id__":27},"asset":{"__uuid__":"bcdTTFEedIvbLSgWRy4xUe"},"fileId":"9ajX0uZHtKN56ZcqCU8lWB"},"_contentSize":{"__type__":"cc.Size","width":145,"height":145},"groupIndex":3},{"__type__":"cc.Node","_name":"bg","_parent":{"__id__":28},"_active":false,"_level":3,"_components":[{"__type__":"cc.Sprite","_name":"bg<Sprite>","node":{"__id__":29},"_materials":[{"__uuid__":"ecpdLyjvZBwrvm+cedCcQy"}],"_spriteFrame":{"__uuid__":"a2MjXRFdtLlYQ5ouAFv/+R"},"_sizeMode":0},{"__type__":"cc.Widget","node":{"__id__":29},"_alignFlags":45,"_originalWidth":100,"_originalHeight":100}],"_prefab":{"__type__":"cc.PrefabInfo","root":{"__id__":27},"asset":{"__uuid__":"bcdTTFEedIvbLSgWRy4xUe"},"fileId":"ccLXv5PwBHT6KK3M8xcpJo"},"_contentSize":{"__type__":"cc.Size","width":145,"height":145}},{"__type__":"cc.Node","_name":"star","_parent":{"__id__":28},"_active":false,"_level":3,"_components":[{"__type__":"cc.Sprite","_name":"star<Sprite>","node":{"__id__":30},"_materials":[{"__uuid__":"ecpdLyjvZBwrvm+cedCcQy"}],"_spriteFrame":{"__uuid__":"92y809xHZJ9ZxiJbWZcsau"},"_sizeMode":0}],"_prefab":{"__type__":"cc.PrefabInfo","root":{"__id__":27},"asset":{"__uuid__":"bcdTTFEedIvbLSgWRy4xUe"},"fileId":"80xciyTMBOt7XGFrseVLfg"},"_contentSize":{"__type__":"cc.Size","width":115,"height":115},"_position":{"__type__":"cc.Vec3","y":-3.4}},{"__type__":"cc.Node","_name":"text","_parent":{"__id__":28},"_level":5,"_components":[{"__type__":"cc.Label","_name":"text<Label>","node":{"__id__":31},"_materials":[{"__uuid__":"ecpdLyjvZBwrvm+cedCcQy"}],"_useOriginalSize":false,"_string":"1","_N$string":"1","_fontSize":70,"_lineHeight":75,"_N$file":{"__uuid__":"08qsiyJRZLqI5J68oFvsKG"},"_isSystemFontUsed":false,"_N$horizontalAlign":1,"_N$verticalAlign":1}],"_prefab":{"__type__":"cc.PrefabInfo","root":{"__id__":27},"asset":{"__uuid__":"bcdTTFEedIvbLSgWRy4xUe"},"fileId":"5fAMPpbUJPs6aEc3erAeYz"},"_color":{"__type__":"cc.Color","r":70,"g":70,"b":70},"_contentSize":{"__type__":"cc.Size","width":40.74,"height":94.5},"_position":{"__type__":"cc.Vec3","y":-6}},{"__type__":"cc.ParticleSystem","_name":"New Particle<ParticleSystem>","node":{"__id__":33},"_materials":[{"__uuid__":"ecpdLyjvZBwrvm+cedCcQy"}],"_custom":true,"_file":{"__uuid__":"3ft5EgPfpA67xC6zjnaymS"},"_spriteFrame":{"__uuid__":"5b//K+bKRIoKY5+cfKmdFK"},"playOnLoad":false,"totalParticles":400,"duration":0.1,"emissionRate":200,"life":1.07,"lifeVar":0.2,"_startColor":{"__type__":"cc.Color","r":255},"_startColorVar":{"__type__":"cc.Color","a":0},"_endColor":{"__type__":"cc.Color","r":255,"a":127},"_endColorVar":{"__type__":"cc.Color","a":0},"angleVar":360,"startSize":29,"startSizeVar":10,"endSize":15,"endSizeVar":5,"_positionType":1,"positionType":1,"speed":82,"speedVar":271,"tangentialAccel":0},{"__type__":"cc.Node","_name":"New Particle","_parent":{"__id__":27},"_level":2,"_components":[{"__id__":32}],"_prefab":{"__type__":"cc.PrefabInfo","root":{"__id__":27},"asset":{"__uuid__":"bcdTTFEedIvbLSgWRy4xUe"},"fileId":"8aoWcqziZPx4Dr2ua+8kKV"}},{"__type__":"cc.Node","_name":"barrier","_parent":{"__id__":19},"_children":[{"__id__":35},{"__id__":40}],"_level":4,"_prefab":{"__type__":"cc.PrefabInfo","root":{"__id__":34},"asset":{"__uuid__":"bcdTTFEedIvbLSgWRy4xUe"},"fileId":"fbT/7t8p5DoLTV87KdSkLR"},"_contentSize":{"__type__":"cc.Size","width":145,"height":145},"_position":{"__type__":"cc.Vec3","x":72.5,"y":376.5}},{"__type__":"cc.Node","_name":"barrier","_parent":{"__id__":34},"_children":[{"__id__":36},{"__id__":37},{"__id__":38}],"_level":2,"_components":[{"__type__":"cc.Sprite","_name":"barrier<Sprite>","node":{"__id__":35},"_materials":[{"__uuid__":"ecpdLyjvZBwrvm+cedCcQy"}],"_spriteFrame":{"__uuid__":"d1mTR2jlVPCLWgcixN6qNo"},"_sizeMode":0},{"__type__":"cc.BoxCollider","node":{"__id__":35},"tag":1,"_size":{"__type__":"cc.Size","width":145,"height":145}},{"__type__":"8c022HY4e1HQqJTCjyhozU6","node":{"__id__":35},"particle":{"__id__":39}}],"_prefab":{"__type__":"cc.PrefabInfo","root":{"__id__":34},"asset":{"__uuid__":"bcdTTFEedIvbLSgWRy4xUe"},"fileId":"9ajX0uZHtKN56ZcqCU8lWB"},"_contentSize":{"__type__":"cc.Size","width":145,"height":145},"groupIndex":3},{"__type__":"cc.Node","_name":"bg","_parent":{"__id__":35},"_active":false,"_level":3,"_components":[{"__type__":"cc.Sprite","_name":"bg<Sprite>","node":{"__id__":36},"_materials":[{"__uuid__":"ecpdLyjvZBwrvm+cedCcQy"}],"_spriteFrame":{"__uuid__":"a2MjXRFdtLlYQ5ouAFv/+R"},"_sizeMode":0},{"__type__":"cc.Widget","node":{"__id__":36},"_alignFlags":45,"_originalWidth":100,"_originalHeight":100}],"_prefab":{"__type__":"cc.PrefabInfo","root":{"__id__":34},"asset":{"__uuid__":"bcdTTFEedIvbLSgWRy4xUe"},"fileId":"ccLXv5PwBHT6KK3M8xcpJo"},"_contentSize":{"__type__":"cc.Size","width":145,"height":145}},{"__type__":"cc.Node","_name":"star","_parent":{"__id__":35},"_active":false,"_level":3,"_components":[{"__type__":"cc.Sprite","_name":"star<Sprite>","node":{"__id__":37},"_materials":[{"__uuid__":"ecpdLyjvZBwrvm+cedCcQy"}],"_spriteFrame":{"__uuid__":"92y809xHZJ9ZxiJbWZcsau"},"_sizeMode":0}],"_prefab":{"__type__":"cc.PrefabInfo","root":{"__id__":34},"asset":{"__uuid__":"bcdTTFEedIvbLSgWRy4xUe"},"fileId":"80xciyTMBOt7XGFrseVLfg"},"_contentSize":{"__type__":"cc.Size","width":115,"height":115},"_position":{"__type__":"cc.Vec3","y":-3.4}},{"__type__":"cc.Node","_name":"text","_parent":{"__id__":35},"_level":5,"_components":[{"__type__":"cc.Label","_name":"text<Label>","node":{"__id__":38},"_materials":[{"__uuid__":"ecpdLyjvZBwrvm+cedCcQy"}],"_useOriginalSize":false,"_string":"1","_N$string":"1","_fontSize":70,"_lineHeight":75,"_N$file":{"__uuid__":"08qsiyJRZLqI5J68oFvsKG"},"_isSystemFontUsed":false,"_N$horizontalAlign":1,"_N$verticalAlign":1}],"_prefab":{"__type__":"cc.PrefabInfo","root":{"__id__":34},"asset":{"__uuid__":"bcdTTFEedIvbLSgWRy4xUe"},"fileId":"5fAMPpbUJPs6aEc3erAeYz"},"_color":{"__type__":"cc.Color","r":70,"g":70,"b":70},"_contentSize":{"__type__":"cc.Size","width":40.74,"height":94.5},"_position":{"__type__":"cc.Vec3","y":-6}},{"__type__":"cc.ParticleSystem","_name":"New Particle<ParticleSystem>","node":{"__id__":40},"_materials":[{"__uuid__":"ecpdLyjvZBwrvm+cedCcQy"}],"_custom":true,"_file":{"__uuid__":"3ft5EgPfpA67xC6zjnaymS"},"_spriteFrame":{"__uuid__":"5b//K+bKRIoKY5+cfKmdFK"},"playOnLoad":false,"totalParticles":400,"duration":0.1,"emissionRate":200,"life":1.07,"lifeVar":0.2,"_startColor":{"__type__":"cc.Color","r":255},"_startColorVar":{"__type__":"cc.Color","a":0},"_endColor":{"__type__":"cc.Color","r":255,"a":127},"_endColorVar":{"__type__":"cc.Color","a":0},"angleVar":360,"startSize":29,"startSizeVar":10,"endSize":15,"endSizeVar":5,"_positionType":1,"positionType":1,"speed":82,"speedVar":271,"tangentialAccel":0},{"__type__":"cc.Node","_name":"New Particle","_parent":{"__id__":34},"_level":2,"_components":[{"__id__":39}],"_prefab":{"__type__":"cc.PrefabInfo","root":{"__id__":34},"asset":{"__uuid__":"bcdTTFEedIvbLSgWRy4xUe"},"fileId":"8aoWcqziZPx4Dr2ua+8kKV"}},{"__type__":"cc.Node","_name":"barrier","_parent":{"__id__":19},"_children":[{"__id__":42},{"__id__":47}],"_level":4,"_prefab":{"__type__":"cc.PrefabInfo","root":{"__id__":41},"asset":{"__uuid__":"bcdTTFEedIvbLSgWRy4xUe"},"fileId":"fbT/7t8p5DoLTV87KdSkLR"},"_contentSize":{"__type__":"cc.Size","width":145,"height":145},"_position":{"__type__":"cc.Vec3","x":72.5,"y":225.9}},{"__type__":"cc.Node","_name":"barrier","_parent":{"__id__":41},"_children":[{"__id__":43},{"__id__":44},{"__id__":45}],"_level":2,"_components":[{"__type__":"cc.Sprite","_name":"barrier<Sprite>","node":{"__id__":42},"_materials":[{"__uuid__":"ecpdLyjvZBwrvm+cedCcQy"}],"_spriteFrame":{"__uuid__":"d1mTR2jlVPCLWgcixN6qNo"},"_sizeMode":0},{"__type__":"cc.BoxCollider","node":{"__id__":42},"tag":1,"_size":{"__type__":"cc.Size","width":145,"height":145}},{"__type__":"8c022HY4e1HQqJTCjyhozU6","node":{"__id__":42},"particle":{"__id__":46}}],"_prefab":{"__type__":"cc.PrefabInfo","root":{"__id__":41},"asset":{"__uuid__":"bcdTTFEedIvbLSgWRy4xUe"},"fileId":"9ajX0uZHtKN56ZcqCU8lWB"},"_contentSize":{"__type__":"cc.Size","width":145,"height":145},"groupIndex":3},{"__type__":"cc.Node","_name":"bg","_parent":{"__id__":42},"_active":false,"_level":3,"_components":[{"__type__":"cc.Sprite","_name":"bg<Sprite>","node":{"__id__":43},"_materials":[{"__uuid__":"ecpdLyjvZBwrvm+cedCcQy"}],"_spriteFrame":{"__uuid__":"a2MjXRFdtLlYQ5ouAFv/+R"},"_sizeMode":0},{"__type__":"cc.Widget","node":{"__id__":43},"_alignFlags":45,"_originalWidth":100,"_originalHeight":100}],"_prefab":{"__type__":"cc.PrefabInfo","root":{"__id__":41},"asset":{"__uuid__":"bcdTTFEedIvbLSgWRy4xUe"},"fileId":"ccLXv5PwBHT6KK3M8xcpJo"},"_contentSize":{"__type__":"cc.Size","width":145,"height":145}},{"__type__":"cc.Node","_name":"star","_parent":{"__id__":42},"_active":false,"_level":3,"_components":[{"__type__":"cc.Sprite","_name":"star<Sprite>","node":{"__id__":44},"_materials":[{"__uuid__":"ecpdLyjvZBwrvm+cedCcQy"}],"_spriteFrame":{"__uuid__":"92y809xHZJ9ZxiJbWZcsau"},"_sizeMode":0}],"_prefab":{"__type__":"cc.PrefabInfo","root":{"__id__":41},"asset":{"__uuid__":"bcdTTFEedIvbLSgWRy4xUe"},"fileId":"80xciyTMBOt7XGFrseVLfg"},"_contentSize":{"__type__":"cc.Size","width":115,"height":115},"_position":{"__type__":"cc.Vec3","y":-3.4}},{"__type__":"cc.Node","_name":"text","_parent":{"__id__":42},"_level":5,"_components":[{"__type__":"cc.Label","_name":"text<Label>","node":{"__id__":45},"_materials":[{"__uuid__":"ecpdLyjvZBwrvm+cedCcQy"}],"_useOriginalSize":false,"_string":"1","_N$string":"1","_fontSize":70,"_lineHeight":75,"_N$file":{"__uuid__":"08qsiyJRZLqI5J68oFvsKG"},"_isSystemFontUsed":false,"_N$horizontalAlign":1,"_N$verticalAlign":1}],"_prefab":{"__type__":"cc.PrefabInfo","root":{"__id__":41},"asset":{"__uuid__":"bcdTTFEedIvbLSgWRy4xUe"},"fileId":"5fAMPpbUJPs6aEc3erAeYz"},"_color":{"__type__":"cc.Color","r":70,"g":70,"b":70},"_contentSize":{"__type__":"cc.Size","width":40.74,"height":94.5},"_position":{"__type__":"cc.Vec3","y":-6}},{"__type__":"cc.ParticleSystem","_name":"New Particle<ParticleSystem>","node":{"__id__":47},"_materials":[{"__uuid__":"ecpdLyjvZBwrvm+cedCcQy"}],"_custom":true,"_file":{"__uuid__":"3ft5EgPfpA67xC6zjnaymS"},"_spriteFrame":{"__uuid__":"5b//K+bKRIoKY5+cfKmdFK"},"playOnLoad":false,"totalParticles":400,"duration":0.1,"emissionRate":200,"life":1.07,"lifeVar":0.2,"_startColor":{"__type__":"cc.Color","r":255},"_startColorVar":{"__type__":"cc.Color","a":0},"_endColor":{"__type__":"cc.Color","r":255,"a":127},"_endColorVar":{"__type__":"cc.Color","a":0},"angleVar":360,"startSize":29,"startSizeVar":10,"endSize":15,"endSizeVar":5,"_positionType":1,"positionType":1,"speed":82,"speedVar":271,"tangentialAccel":0},{"__type__":"cc.Node","_name":"New Particle","_parent":{"__id__":41},"_level":2,"_components":[{"__id__":46}],"_prefab":{"__type__":"cc.PrefabInfo","root":{"__id__":41},"asset":{"__uuid__":"bcdTTFEedIvbLSgWRy4xUe"},"fileId":"8aoWcqziZPx4Dr2ua+8kKV"}},{"__type__":"cc.Node","_name":"barrier","_parent":{"__id__":19},"_children":[{"__id__":49},{"__id__":54}],"_level":4,"_prefab":{"__type__":"cc.PrefabInfo","root":{"__id__":48},"asset":{"__uuid__":"bcdTTFEedIvbLSgWRy4xUe"},"fileId":"fbT/7t8p5DoLTV87KdSkLR"},"_contentSize":{"__type__":"cc.Size","width":145,"height":145},"_position":{"__type__":"cc.Vec3","x":72.5,"y":75.30000000000001}},{"__type__":"cc.Node","_name":"barrier","_parent":{"__id__":48},"_children":[{"__id__":50},{"__id__":51},{"__id__":52}],"_level":2,"_components":[{"__type__":"cc.Sprite","_name":"barrier<Sprite>","node":{"__id__":49},"_materials":[{"__uuid__":"ecpdLyjvZBwrvm+cedCcQy"}],"_spriteFrame":{"__uuid__":"d1mTR2jlVPCLWgcixN6qNo"},"_sizeMode":0},{"__type__":"cc.BoxCollider","node":{"__id__":49},"tag":1,"_size":{"__type__":"cc.Size","width":145,"height":145}},{"__type__":"8c022HY4e1HQqJTCjyhozU6","node":{"__id__":49},"particle":{"__id__":53}}],"_prefab":{"__type__":"cc.PrefabInfo","root":{"__id__":48},"asset":{"__uuid__":"bcdTTFEedIvbLSgWRy4xUe"},"fileId":"9ajX0uZHtKN56ZcqCU8lWB"},"_contentSize":{"__type__":"cc.Size","width":145,"height":145},"groupIndex":3},{"__type__":"cc.Node","_name":"bg","_parent":{"__id__":49},"_active":false,"_level":3,"_components":[{"__type__":"cc.Sprite","_name":"bg<Sprite>","node":{"__id__":50},"_materials":[{"__uuid__":"ecpdLyjvZBwrvm+cedCcQy"}],"_spriteFrame":{"__uuid__":"a2MjXRFdtLlYQ5ouAFv/+R"},"_sizeMode":0},{"__type__":"cc.Widget","node":{"__id__":50},"_alignFlags":45,"_originalWidth":100,"_originalHeight":100}],"_prefab":{"__type__":"cc.PrefabInfo","root":{"__id__":48},"asset":{"__uuid__":"bcdTTFEedIvbLSgWRy4xUe"},"fileId":"ccLXv5PwBHT6KK3M8xcpJo"},"_contentSize":{"__type__":"cc.Size","width":145,"height":145}},{"__type__":"cc.Node","_name":"star","_parent":{"__id__":49},"_active":false,"_level":3,"_components":[{"__type__":"cc.Sprite","_name":"star<Sprite>","node":{"__id__":51},"_materials":[{"__uuid__":"ecpdLyjvZBwrvm+cedCcQy"}],"_spriteFrame":{"__uuid__":"92y809xHZJ9ZxiJbWZcsau"},"_sizeMode":0}],"_prefab":{"__type__":"cc.PrefabInfo","root":{"__id__":48},"asset":{"__uuid__":"bcdTTFEedIvbLSgWRy4xUe"},"fileId":"80xciyTMBOt7XGFrseVLfg"},"_contentSize":{"__type__":"cc.Size","width":115,"height":115},"_position":{"__type__":"cc.Vec3","y":-3.4}},{"__type__":"cc.Node","_name":"text","_parent":{"__id__":49},"_level":5,"_components":[{"__type__":"cc.Label","_name":"text<Label>","node":{"__id__":52},"_materials":[{"__uuid__":"ecpdLyjvZBwrvm+cedCcQy"}],"_useOriginalSize":false,"_string":"1","_N$string":"1","_fontSize":70,"_lineHeight":75,"_N$file":{"__uuid__":"08qsiyJRZLqI5J68oFvsKG"},"_isSystemFontUsed":false,"_N$horizontalAlign":1,"_N$verticalAlign":1}],"_prefab":{"__type__":"cc.PrefabInfo","root":{"__id__":48},"asset":{"__uuid__":"bcdTTFEedIvbLSgWRy4xUe"},"fileId":"5fAMPpbUJPs6aEc3erAeYz"},"_color":{"__type__":"cc.Color","r":70,"g":70,"b":70},"_contentSize":{"__type__":"cc.Size","width":40.74,"height":94.5},"_position":{"__type__":"cc.Vec3","y":-6}},{"__type__":"cc.ParticleSystem","_name":"New Particle<ParticleSystem>","node":{"__id__":54},"_materials":[{"__uuid__":"ecpdLyjvZBwrvm+cedCcQy"}],"_custom":true,"_file":{"__uuid__":"3ft5EgPfpA67xC6zjnaymS"},"_spriteFrame":{"__uuid__":"5b//K+bKRIoKY5+cfKmdFK"},"playOnLoad":false,"totalParticles":400,"duration":0.1,"emissionRate":200,"life":1.07,"lifeVar":0.2,"_startColor":{"__type__":"cc.Color","r":255},"_startColorVar":{"__type__":"cc.Color","a":0},"_endColor":{"__type__":"cc.Color","r":255,"a":127},"_endColorVar":{"__type__":"cc.Color","a":0},"angleVar":360,"startSize":29,"startSizeVar":10,"endSize":15,"endSizeVar":5,"_positionType":1,"positionType":1,"speed":82,"speedVar":271,"tangentialAccel":0},{"__type__":"cc.Node","_name":"New Particle","_parent":{"__id__":48},"_level":2,"_components":[{"__id__":53}],"_prefab":{"__type__":"cc.PrefabInfo","root":{"__id__":48},"asset":{"__uuid__":"bcdTTFEedIvbLSgWRy4xUe"},"fileId":"8aoWcqziZPx4Dr2ua+8kKV"}},{"__type__":"cc.Node","_name":"barrier","_parent":{"__id__":19},"_children":[{"__id__":56},{"__id__":61}],"_level":4,"_prefab":{"__type__":"cc.PrefabInfo","root":{"__id__":55},"asset":{"__uuid__":"bcdTTFEedIvbLSgWRy4xUe"},"fileId":"fbT/7t8p5DoLTV87KdSkLR"},"_contentSize":{"__type__":"cc.Size","width":145,"height":145},"_position":{"__type__":"cc.Vec3","x":72.5,"y":-75.29999999999998}},{"__type__":"cc.Node","_name":"barrier","_parent":{"__id__":55},"_children":[{"__id__":57},{"__id__":58},{"__id__":59}],"_level":2,"_components":[{"__type__":"cc.Sprite","_name":"barrier<Sprite>","node":{"__id__":56},"_materials":[{"__uuid__":"ecpdLyjvZBwrvm+cedCcQy"}],"_spriteFrame":{"__uuid__":"d1mTR2jlVPCLWgcixN6qNo"},"_sizeMode":0},{"__type__":"cc.BoxCollider","node":{"__id__":56},"tag":1,"_size":{"__type__":"cc.Size","width":145,"height":145}},{"__type__":"8c022HY4e1HQqJTCjyhozU6","node":{"__id__":56},"particle":{"__id__":60}}],"_prefab":{"__type__":"cc.PrefabInfo","root":{"__id__":55},"asset":{"__uuid__":"bcdTTFEedIvbLSgWRy4xUe"},"fileId":"9ajX0uZHtKN56ZcqCU8lWB"},"_contentSize":{"__type__":"cc.Size","width":145,"height":145},"groupIndex":3},{"__type__":"cc.Node","_name":"bg","_parent":{"__id__":56},"_active":false,"_level":3,"_components":[{"__type__":"cc.Sprite","_name":"bg<Sprite>","node":{"__id__":57},"_materials":[{"__uuid__":"ecpdLyjvZBwrvm+cedCcQy"}],"_spriteFrame":{"__uuid__":"a2MjXRFdtLlYQ5ouAFv/+R"},"_sizeMode":0},{"__type__":"cc.Widget","node":{"__id__":57},"_alignFlags":45,"_originalWidth":100,"_originalHeight":100}],"_prefab":{"__type__":"cc.PrefabInfo","root":{"__id__":55},"asset":{"__uuid__":"bcdTTFEedIvbLSgWRy4xUe"},"fileId":"ccLXv5PwBHT6KK3M8xcpJo"},"_contentSize":{"__type__":"cc.Size","width":145,"height":145}},{"__type__":"cc.Node","_name":"star","_parent":{"__id__":56},"_active":false,"_level":3,"_components":[{"__type__":"cc.Sprite","_name":"star<Sprite>","node":{"__id__":58},"_materials":[{"__uuid__":"ecpdLyjvZBwrvm+cedCcQy"}],"_spriteFrame":{"__uuid__":"92y809xHZJ9ZxiJbWZcsau"},"_sizeMode":0}],"_prefab":{"__type__":"cc.PrefabInfo","root":{"__id__":55},"asset":{"__uuid__":"bcdTTFEedIvbLSgWRy4xUe"},"fileId":"80xciyTMBOt7XGFrseVLfg"},"_contentSize":{"__type__":"cc.Size","width":115,"height":115},"_position":{"__type__":"cc.Vec3","y":-3.4}},{"__type__":"cc.Node","_name":"text","_parent":{"__id__":56},"_level":5,"_components":[{"__type__":"cc.Label","_name":"text<Label>","node":{"__id__":59},"_materials":[{"__uuid__":"ecpdLyjvZBwrvm+cedCcQy"}],"_useOriginalSize":false,"_string":"1","_N$string":"1","_fontSize":70,"_lineHeight":75,"_N$file":{"__uuid__":"08qsiyJRZLqI5J68oFvsKG"},"_isSystemFontUsed":false,"_N$horizontalAlign":1,"_N$verticalAlign":1}],"_prefab":{"__type__":"cc.PrefabInfo","root":{"__id__":55},"asset":{"__uuid__":"bcdTTFEedIvbLSgWRy4xUe"},"fileId":"5fAMPpbUJPs6aEc3erAeYz"},"_color":{"__type__":"cc.Color","r":70,"g":70,"b":70},"_contentSize":{"__type__":"cc.Size","width":40.74,"height":94.5},"_position":{"__type__":"cc.Vec3","y":-6}},{"__type__":"cc.ParticleSystem","_name":"New Particle<ParticleSystem>","node":{"__id__":61},"_materials":[{"__uuid__":"ecpdLyjvZBwrvm+cedCcQy"}],"_custom":true,"_file":{"__uuid__":"3ft5EgPfpA67xC6zjnaymS"},"_spriteFrame":{"__uuid__":"5b//K+bKRIoKY5+cfKmdFK"},"playOnLoad":false,"totalParticles":400,"duration":0.1,"emissionRate":200,"life":1.07,"lifeVar":0.2,"_startColor":{"__type__":"cc.Color","r":255},"_startColorVar":{"__type__":"cc.Color","a":0},"_endColor":{"__type__":"cc.Color","r":255,"a":127},"_endColorVar":{"__type__":"cc.Color","a":0},"angleVar":360,"startSize":29,"startSizeVar":10,"endSize":15,"endSizeVar":5,"_positionType":1,"positionType":1,"speed":82,"speedVar":271,"tangentialAccel":0},{"__type__":"cc.Node","_name":"New Particle","_parent":{"__id__":55},"_level":2,"_components":[{"__id__":60}],"_prefab":{"__type__":"cc.PrefabInfo","root":{"__id__":55},"asset":{"__uuid__":"bcdTTFEedIvbLSgWRy4xUe"},"fileId":"8aoWcqziZPx4Dr2ua+8kKV"}},{"__type__":"cc.Node","_name":"barrier","_parent":{"__id__":19},"_children":[{"__id__":63},{"__id__":68}],"_level":4,"_prefab":{"__type__":"cc.PrefabInfo","root":{"__id__":62},"asset":{"__uuid__":"bcdTTFEedIvbLSgWRy4xUe"},"fileId":"fbT/7t8p5DoLTV87KdSkLR"},"_contentSize":{"__type__":"cc.Size","width":145,"height":145},"_position":{"__type__":"cc.Vec3","x":72.5,"y":-225.89999999999998}},{"__type__":"cc.Node","_name":"barrier","_parent":{"__id__":62},"_children":[{"__id__":64},{"__id__":65},{"__id__":66}],"_level":2,"_components":[{"__type__":"cc.Sprite","_name":"barrier<Sprite>","node":{"__id__":63},"_materials":[{"__uuid__":"ecpdLyjvZBwrvm+cedCcQy"}],"_spriteFrame":{"__uuid__":"d1mTR2jlVPCLWgcixN6qNo"},"_sizeMode":0},{"__type__":"cc.BoxCollider","node":{"__id__":63},"tag":1,"_size":{"__type__":"cc.Size","width":145,"height":145}},{"__type__":"8c022HY4e1HQqJTCjyhozU6","node":{"__id__":63},"particle":{"__id__":67}}],"_prefab":{"__type__":"cc.PrefabInfo","root":{"__id__":62},"asset":{"__uuid__":"bcdTTFEedIvbLSgWRy4xUe"},"fileId":"9ajX0uZHtKN56ZcqCU8lWB"},"_contentSize":{"__type__":"cc.Size","width":145,"height":145},"groupIndex":3},{"__type__":"cc.Node","_name":"bg","_parent":{"__id__":63},"_active":false,"_level":3,"_components":[{"__type__":"cc.Sprite","_name":"bg<Sprite>","node":{"__id__":64},"_materials":[{"__uuid__":"ecpdLyjvZBwrvm+cedCcQy"}],"_spriteFrame":{"__uuid__":"a2MjXRFdtLlYQ5ouAFv/+R"},"_sizeMode":0},{"__type__":"cc.Widget","node":{"__id__":64},"_alignFlags":45,"_originalWidth":100,"_originalHeight":100}],"_prefab":{"__type__":"cc.PrefabInfo","root":{"__id__":62},"asset":{"__uuid__":"bcdTTFEedIvbLSgWRy4xUe"},"fileId":"ccLXv5PwBHT6KK3M8xcpJo"},"_contentSize":{"__type__":"cc.Size","width":145,"height":145}},{"__type__":"cc.Node","_name":"star","_parent":{"__id__":63},"_active":false,"_level":3,"_components":[{"__type__":"cc.Sprite","_name":"star<Sprite>","node":{"__id__":65},"_materials":[{"__uuid__":"ecpdLyjvZBwrvm+cedCcQy"}],"_spriteFrame":{"__uuid__":"92y809xHZJ9ZxiJbWZcsau"},"_sizeMode":0}],"_prefab":{"__type__":"cc.PrefabInfo","root":{"__id__":62},"asset":{"__uuid__":"bcdTTFEedIvbLSgWRy4xUe"},"fileId":"80xciyTMBOt7XGFrseVLfg"},"_contentSize":{"__type__":"cc.Size","width":115,"height":115},"_position":{"__type__":"cc.Vec3","y":-3.4}},{"__type__":"cc.Node","_name":"text","_parent":{"__id__":63},"_level":5,"_components":[{"__type__":"cc.Label","_name":"text<Label>","node":{"__id__":66},"_materials":[{"__uuid__":"ecpdLyjvZBwrvm+cedCcQy"}],"_useOriginalSize":false,"_string":"1","_N$string":"1","_fontSize":70,"_lineHeight":75,"_N$file":{"__uuid__":"08qsiyJRZLqI5J68oFvsKG"},"_isSystemFontUsed":false,"_N$horizontalAlign":1,"_N$verticalAlign":1}],"_prefab":{"__type__":"cc.PrefabInfo","root":{"__id__":62},"asset":{"__uuid__":"bcdTTFEedIvbLSgWRy4xUe"},"fileId":"5fAMPpbUJPs6aEc3erAeYz"},"_color":{"__type__":"cc.Color","r":70,"g":70,"b":70},"_contentSize":{"__type__":"cc.Size","width":40.74,"height":94.5},"_position":{"__type__":"cc.Vec3","y":-6}},{"__type__":"cc.ParticleSystem","_name":"New Particle<ParticleSystem>","node":{"__id__":68},"_materials":[{"__uuid__":"ecpdLyjvZBwrvm+cedCcQy"}],"_custom":true,"_file":{"__uuid__":"3ft5EgPfpA67xC6zjnaymS"},"_spriteFrame":{"__uuid__":"5b//K+bKRIoKY5+cfKmdFK"},"playOnLoad":false,"totalParticles":400,"duration":0.1,"emissionRate":200,"life":1.07,"lifeVar":0.2,"_startColor":{"__type__":"cc.Color","r":255},"_startColorVar":{"__type__":"cc.Color","a":0},"_endColor":{"__type__":"cc.Color","r":255,"a":127},"_endColorVar":{"__type__":"cc.Color","a":0},"angleVar":360,"startSize":29,"startSizeVar":10,"endSize":15,"endSizeVar":5,"_positionType":1,"positionType":1,"speed":82,"speedVar":271,"tangentialAccel":0},{"__type__":"cc.Node","_name":"New Particle","_parent":{"__id__":62},"_level":2,"_components":[{"__id__":67}],"_prefab":{"__type__":"cc.PrefabInfo","root":{"__id__":62},"asset":{"__uuid__":"bcdTTFEedIvbLSgWRy4xUe"},"fileId":"8aoWcqziZPx4Dr2ua+8kKV"}},{"__type__":"cc.Node","_name":"barrier","_parent":{"__id__":19},"_children":[{"__id__":70},{"__id__":75}],"_level":4,"_prefab":{"__type__":"cc.PrefabInfo","root":{"__id__":69},"asset":{"__uuid__":"bcdTTFEedIvbLSgWRy4xUe"},"fileId":"fbT/7t8p5DoLTV87KdSkLR"},"_contentSize":{"__type__":"cc.Size","width":145,"height":145},"_position":{"__type__":"cc.Vec3","x":72.5,"y":-376.5}},{"__type__":"cc.Node","_name":"barrier","_parent":{"__id__":69},"_children":[{"__id__":71},{"__id__":72},{"__id__":73}],"_level":2,"_components":[{"__type__":"cc.Sprite","_name":"barrier<Sprite>","node":{"__id__":70},"_materials":[{"__uuid__":"ecpdLyjvZBwrvm+cedCcQy"}],"_spriteFrame":{"__uuid__":"d1mTR2jlVPCLWgcixN6qNo"},"_sizeMode":0},{"__type__":"cc.BoxCollider","node":{"__id__":70},"tag":1,"_size":{"__type__":"cc.Size","width":145,"height":145}},{"__type__":"8c022HY4e1HQqJTCjyhozU6","node":{"__id__":70},"particle":{"__id__":74}}],"_prefab":{"__type__":"cc.PrefabInfo","root":{"__id__":69},"asset":{"__uuid__":"bcdTTFEedIvbLSgWRy4xUe"},"fileId":"9ajX0uZHtKN56ZcqCU8lWB"},"_contentSize":{"__type__":"cc.Size","width":145,"height":145},"groupIndex":3},{"__type__":"cc.Node","_name":"bg","_parent":{"__id__":70},"_active":false,"_level":3,"_components":[{"__type__":"cc.Sprite","_name":"bg<Sprite>","node":{"__id__":71},"_materials":[{"__uuid__":"ecpdLyjvZBwrvm+cedCcQy"}],"_spriteFrame":{"__uuid__":"a2MjXRFdtLlYQ5ouAFv/+R"},"_sizeMode":0},{"__type__":"cc.Widget","node":{"__id__":71},"_alignFlags":45,"_originalWidth":100,"_originalHeight":100}],"_prefab":{"__type__":"cc.PrefabInfo","root":{"__id__":69},"asset":{"__uuid__":"bcdTTFEedIvbLSgWRy4xUe"},"fileId":"ccLXv5PwBHT6KK3M8xcpJo"},"_contentSize":{"__type__":"cc.Size","width":145,"height":145}},{"__type__":"cc.Node","_name":"star","_parent":{"__id__":70},"_active":false,"_level":3,"_components":[{"__type__":"cc.Sprite","_name":"star<Sprite>","node":{"__id__":72},"_materials":[{"__uuid__":"ecpdLyjvZBwrvm+cedCcQy"}],"_spriteFrame":{"__uuid__":"92y809xHZJ9ZxiJbWZcsau"},"_sizeMode":0}],"_prefab":{"__type__":"cc.PrefabInfo","root":{"__id__":69},"asset":{"__uuid__":"bcdTTFEedIvbLSgWRy4xUe"},"fileId":"80xciyTMBOt7XGFrseVLfg"},"_contentSize":{"__type__":"cc.Size","width":115,"height":115},"_position":{"__type__":"cc.Vec3","y":-3.4}},{"__type__":"cc.Node","_name":"text","_parent":{"__id__":70},"_level":5,"_components":[{"__type__":"cc.Label","_name":"text<Label>","node":{"__id__":73},"_materials":[{"__uuid__":"ecpdLyjvZBwrvm+cedCcQy"}],"_useOriginalSize":false,"_string":"1","_N$string":"1","_fontSize":70,"_lineHeight":75,"_N$file":{"__uuid__":"08qsiyJRZLqI5J68oFvsKG"},"_isSystemFontUsed":false,"_N$horizontalAlign":1,"_N$verticalAlign":1}],"_prefab":{"__type__":"cc.PrefabInfo","root":{"__id__":69},"asset":{"__uuid__":"bcdTTFEedIvbLSgWRy4xUe"},"fileId":"5fAMPpbUJPs6aEc3erAeYz"},"_color":{"__type__":"cc.Color","r":70,"g":70,"b":70},"_contentSize":{"__type__":"cc.Size","width":40.74,"height":94.5},"_position":{"__type__":"cc.Vec3","y":-6}},{"__type__":"cc.ParticleSystem","_name":"New Particle<ParticleSystem>","node":{"__id__":75},"_materials":[{"__uuid__":"ecpdLyjvZBwrvm+cedCcQy"}],"_custom":true,"_file":{"__uuid__":"3ft5EgPfpA67xC6zjnaymS"},"_spriteFrame":{"__uuid__":"5b//K+bKRIoKY5+cfKmdFK"},"playOnLoad":false,"totalParticles":400,"duration":0.1,"emissionRate":200,"life":1.07,"lifeVar":0.2,"_startColor":{"__type__":"cc.Color","r":255},"_startColorVar":{"__type__":"cc.Color","a":0},"_endColor":{"__type__":"cc.Color","r":255,"a":127},"_endColorVar":{"__type__":"cc.Color","a":0},"angleVar":360,"startSize":29,"startSizeVar":10,"endSize":15,"endSizeVar":5,"_positionType":1,"positionType":1,"speed":82,"speedVar":271,"tangentialAccel":0},{"__type__":"cc.Node","_name":"New Particle","_parent":{"__id__":69},"_level":2,"_components":[{"__id__":74}],"_prefab":{"__type__":"cc.PrefabInfo","root":{"__id__":69},"asset":{"__uuid__":"bcdTTFEedIvbLSgWRy4xUe"},"fileId":"8aoWcqziZPx4Dr2ua+8kKV"}},{"__type__":"cc.Node","_name":"barrier","_parent":{"__id__":19},"_children":[{"__id__":77},{"__id__":82}],"_level":4,"_prefab":{"__type__":"cc.PrefabInfo","root":{"__id__":76},"asset":{"__uuid__":"bcdTTFEedIvbLSgWRy4xUe"},"fileId":"fbT/7t8p5DoLTV87KdSkLR"},"_contentSize":{"__type__":"cc.Size","width":145,"height":145},"_position":{"__type__":"cc.Vec3","x":72.5,"y":-527.1}},{"__type__":"cc.Node","_name":"barrier","_parent":{"__id__":76},"_children":[{"__id__":78},{"__id__":79},{"__id__":80}],"_level":2,"_components":[{"__type__":"cc.Sprite","_name":"barrier<Sprite>","node":{"__id__":77},"_materials":[{"__uuid__":"ecpdLyjvZBwrvm+cedCcQy"}],"_spriteFrame":{"__uuid__":"d1mTR2jlVPCLWgcixN6qNo"},"_sizeMode":0},{"__type__":"cc.BoxCollider","node":{"__id__":77},"tag":1,"_size":{"__type__":"cc.Size","width":145,"height":145}},{"__type__":"8c022HY4e1HQqJTCjyhozU6","node":{"__id__":77},"particle":{"__id__":81}}],"_prefab":{"__type__":"cc.PrefabInfo","root":{"__id__":76},"asset":{"__uuid__":"bcdTTFEedIvbLSgWRy4xUe"},"fileId":"9ajX0uZHtKN56ZcqCU8lWB"},"_contentSize":{"__type__":"cc.Size","width":145,"height":145},"groupIndex":3},{"__type__":"cc.Node","_name":"bg","_parent":{"__id__":77},"_active":false,"_level":3,"_components":[{"__type__":"cc.Sprite","_name":"bg<Sprite>","node":{"__id__":78},"_materials":[{"__uuid__":"ecpdLyjvZBwrvm+cedCcQy"}],"_spriteFrame":{"__uuid__":"a2MjXRFdtLlYQ5ouAFv/+R"},"_sizeMode":0},{"__type__":"cc.Widget","node":{"__id__":78},"_alignFlags":45,"_originalWidth":100,"_originalHeight":100}],"_prefab":{"__type__":"cc.PrefabInfo","root":{"__id__":76},"asset":{"__uuid__":"bcdTTFEedIvbLSgWRy4xUe"},"fileId":"ccLXv5PwBHT6KK3M8xcpJo"},"_contentSize":{"__type__":"cc.Size","width":145,"height":145}},{"__type__":"cc.Node","_name":"star","_parent":{"__id__":77},"_active":false,"_level":3,"_components":[{"__type__":"cc.Sprite","_name":"star<Sprite>","node":{"__id__":79},"_materials":[{"__uuid__":"ecpdLyjvZBwrvm+cedCcQy"}],"_spriteFrame":{"__uuid__":"92y809xHZJ9ZxiJbWZcsau"},"_sizeMode":0}],"_prefab":{"__type__":"cc.PrefabInfo","root":{"__id__":76},"asset":{"__uuid__":"bcdTTFEedIvbLSgWRy4xUe"},"fileId":"80xciyTMBOt7XGFrseVLfg"},"_contentSize":{"__type__":"cc.Size","width":115,"height":115},"_position":{"__type__":"cc.Vec3","y":-3.4}},{"__type__":"cc.Node","_name":"text","_parent":{"__id__":77},"_level":5,"_components":[{"__type__":"cc.Label","_name":"text<Label>","node":{"__id__":80},"_materials":[{"__uuid__":"ecpdLyjvZBwrvm+cedCcQy"}],"_useOriginalSize":false,"_string":"1","_N$string":"1","_fontSize":70,"_lineHeight":75,"_N$file":{"__uuid__":"08qsiyJRZLqI5J68oFvsKG"},"_isSystemFontUsed":false,"_N$horizontalAlign":1,"_N$verticalAlign":1}],"_prefab":{"__type__":"cc.PrefabInfo","root":{"__id__":76},"asset":{"__uuid__":"bcdTTFEedIvbLSgWRy4xUe"},"fileId":"5fAMPpbUJPs6aEc3erAeYz"},"_color":{"__type__":"cc.Color","r":70,"g":70,"b":70},"_contentSize":{"__type__":"cc.Size","width":40.74,"height":94.5},"_position":{"__type__":"cc.Vec3","y":-6}},{"__type__":"cc.ParticleSystem","_name":"New Particle<ParticleSystem>","node":{"__id__":82},"_materials":[{"__uuid__":"ecpdLyjvZBwrvm+cedCcQy"}],"_custom":true,"_file":{"__uuid__":"3ft5EgPfpA67xC6zjnaymS"},"_spriteFrame":{"__uuid__":"5b//K+bKRIoKY5+cfKmdFK"},"playOnLoad":false,"totalParticles":400,"duration":0.1,"emissionRate":200,"life":1.07,"lifeVar":0.2,"_startColor":{"__type__":"cc.Color","r":255},"_startColorVar":{"__type__":"cc.Color","a":0},"_endColor":{"__type__":"cc.Color","r":255,"a":127},"_endColorVar":{"__type__":"cc.Color","a":0},"angleVar":360,"startSize":29,"startSizeVar":10,"endSize":15,"endSizeVar":5,"_positionType":1,"positionType":1,"speed":82,"speedVar":271,"tangentialAccel":0},{"__type__":"cc.Node","_name":"New Particle","_parent":{"__id__":76},"_level":2,"_components":[{"__id__":81}],"_prefab":{"__type__":"cc.PrefabInfo","root":{"__id__":76},"asset":{"__uuid__":"bcdTTFEedIvbLSgWRy4xUe"},"fileId":"8aoWcqziZPx4Dr2ua+8kKV"}},{"__type__":"cc.Node","_name":"barrier","_parent":{"__id__":19},"_children":[{"__id__":84},{"__id__":89}],"_level":4,"_prefab":{"__type__":"cc.PrefabInfo","root":{"__id__":83},"asset":{"__uuid__":"bcdTTFEedIvbLSgWRy4xUe"},"fileId":"fbT/7t8p5DoLTV87KdSkLR"},"_contentSize":{"__type__":"cc.Size","width":145,"height":145},"_position":{"__type__":"cc.Vec3","x":72.5,"y":-677.7}},{"__type__":"cc.Node","_name":"barrier","_parent":{"__id__":83},"_children":[{"__id__":85},{"__id__":86},{"__id__":87}],"_level":2,"_components":[{"__type__":"cc.Sprite","_name":"barrier<Sprite>","node":{"__id__":84},"_materials":[{"__uuid__":"ecpdLyjvZBwrvm+cedCcQy"}],"_spriteFrame":{"__uuid__":"d1mTR2jlVPCLWgcixN6qNo"},"_sizeMode":0},{"__type__":"cc.BoxCollider","node":{"__id__":84},"tag":1,"_size":{"__type__":"cc.Size","width":145,"height":145}},{"__type__":"8c022HY4e1HQqJTCjyhozU6","node":{"__id__":84},"particle":{"__id__":88}}],"_prefab":{"__type__":"cc.PrefabInfo","root":{"__id__":83},"asset":{"__uuid__":"bcdTTFEedIvbLSgWRy4xUe"},"fileId":"9ajX0uZHtKN56ZcqCU8lWB"},"_contentSize":{"__type__":"cc.Size","width":145,"height":145},"groupIndex":3},{"__type__":"cc.Node","_name":"bg","_parent":{"__id__":84},"_active":false,"_level":3,"_components":[{"__type__":"cc.Sprite","_name":"bg<Sprite>","node":{"__id__":85},"_materials":[{"__uuid__":"ecpdLyjvZBwrvm+cedCcQy"}],"_spriteFrame":{"__uuid__":"a2MjXRFdtLlYQ5ouAFv/+R"},"_sizeMode":0},{"__type__":"cc.Widget","node":{"__id__":85},"_alignFlags":45,"_originalWidth":100,"_originalHeight":100}],"_prefab":{"__type__":"cc.PrefabInfo","root":{"__id__":83},"asset":{"__uuid__":"bcdTTFEedIvbLSgWRy4xUe"},"fileId":"ccLXv5PwBHT6KK3M8xcpJo"},"_contentSize":{"__type__":"cc.Size","width":145,"height":145}},{"__type__":"cc.Node","_name":"star","_parent":{"__id__":84},"_active":false,"_level":3,"_components":[{"__type__":"cc.Sprite","_name":"star<Sprite>","node":{"__id__":86},"_materials":[{"__uuid__":"ecpdLyjvZBwrvm+cedCcQy"}],"_spriteFrame":{"__uuid__":"92y809xHZJ9ZxiJbWZcsau"},"_sizeMode":0}],"_prefab":{"__type__":"cc.PrefabInfo","root":{"__id__":83},"asset":{"__uuid__":"bcdTTFEedIvbLSgWRy4xUe"},"fileId":"80xciyTMBOt7XGFrseVLfg"},"_contentSize":{"__type__":"cc.Size","width":115,"height":115},"_position":{"__type__":"cc.Vec3","y":-3.4}},{"__type__":"cc.Node","_name":"text","_parent":{"__id__":84},"_level":5,"_components":[{"__type__":"cc.Label","_name":"text<Label>","node":{"__id__":87},"_materials":[{"__uuid__":"ecpdLyjvZBwrvm+cedCcQy"}],"_useOriginalSize":false,"_string":"1","_N$string":"1","_fontSize":70,"_lineHeight":75,"_N$file":{"__uuid__":"08qsiyJRZLqI5J68oFvsKG"},"_isSystemFontUsed":false,"_N$horizontalAlign":1,"_N$verticalAlign":1}],"_prefab":{"__type__":"cc.PrefabInfo","root":{"__id__":83},"asset":{"__uuid__":"bcdTTFEedIvbLSgWRy4xUe"},"fileId":"5fAMPpbUJPs6aEc3erAeYz"},"_color":{"__type__":"cc.Color","r":70,"g":70,"b":70},"_contentSize":{"__type__":"cc.Size","width":40.74,"height":94.5},"_position":{"__type__":"cc.Vec3","y":-6}},{"__type__":"cc.ParticleSystem","_name":"New Particle<ParticleSystem>","node":{"__id__":89},"_materials":[{"__uuid__":"ecpdLyjvZBwrvm+cedCcQy"}],"_custom":true,"_file":{"__uuid__":"3ft5EgPfpA67xC6zjnaymS"},"_spriteFrame":{"__uuid__":"5b//K+bKRIoKY5+cfKmdFK"},"playOnLoad":false,"totalParticles":400,"duration":0.1,"emissionRate":200,"life":1.07,"lifeVar":0.2,"_startColor":{"__type__":"cc.Color","r":255},"_startColorVar":{"__type__":"cc.Color","a":0},"_endColor":{"__type__":"cc.Color","r":255,"a":127},"_endColorVar":{"__type__":"cc.Color","a":0},"angleVar":360,"startSize":29,"startSizeVar":10,"endSize":15,"endSizeVar":5,"_positionType":1,"positionType":1,"speed":82,"speedVar":271,"tangentialAccel":0},{"__type__":"cc.Node","_name":"New Particle","_parent":{"__id__":83},"_level":2,"_components":[{"__id__":88}],"_prefab":{"__type__":"cc.PrefabInfo","root":{"__id__":83},"asset":{"__uuid__":"bcdTTFEedIvbLSgWRy4xUe"},"fileId":"8aoWcqziZPx4Dr2ua+8kKV"}},{"__type__":"cc.Node","_name":"medicine-box","_parent":{"__id__":18},"_level":3,"_components":[{"__type__":"cc.Widget","node":{"__id__":90},"_alignFlags":10,"_left":1.0786666666666667,"_top":0.8500000000000001,"_bottom":0.15,"_isAbsLeft":false,"_isAbsTop":false,"_isAbsBottom":false},{"__type__":"cc.Sprite","node":{"__id__":90},"_enabled":false,"_spriteFrame":{"__uuid__":"a2MjXRFdtLlYQ5ouAFv/+R"},"_sizeMode":0}],"_contentSize":{"__type__":"cc.Size","width":60,"height":1558},"_anchorPoint":{"__type__":"cc.Vec2"},"_position":{"__type__":"cc.Vec3","x":1164.96,"y":181}},{"__type__":"e9176tZPIFPiJC4jrR+XHBp","node":{"__id__":18},"barrier_box":{"__id__":19},"medicine_box":{"__id__":90},"medicine_prefab":{"__uuid__":"42vciLMuZMs67Hbc/jZXZy"}},{"__type__":"cc.Node","_name":"bullect-fly-area","_parent":{"__id__":2},"_level":2,"_components":[{"__type__":"cc.Widget","node":{"__id__":92},"_alignFlags":45},{"__id__":93}],"_contentSize":{"__type__":"cc.Size","width":1080,"height":1920},"_anchorPoint":{"__type__":"cc.Vec2"},"_position":{"__type__":"cc.Vec3","x":-540,"y":-960}},{"__type__":"0f0edspzMxGJLX5Oot6Kj1M","node":{"__id__":92},"bullects":[{"__type__":"Bullects","name":"bullect","initPollCount":10,"prefab":{"__uuid__":"89EhTJZChFiJvl0xXR3xFM"}}],"bullect_produce_pos":{"__id__":14}},{"__type__":"cc.Node","_name":"New Button","_parent":{"__id__":2},"_children":[{"__id__":95},{"__id__":96}],"_active":false,"_level":2,"_components":[{"__id__":99},{"__type__":"cc.Widget","node":{"__id__":94},"_alignFlags":45,"_originalWidth":100,"_originalHeight":40}],"_contentSize":{"__type__":"cc.Size","width":1080,"height":1920}},{"__type__":"cc.Node","_name":"New Sprite","_parent":{"__id__":94},"_level":3,"_components":[{"__type__":"cc.Sprite","node":{"__id__":95},"_materials":[{"__uuid__":"ecpdLyjvZBwrvm+cedCcQy"}],"_spriteFrame":{"__uuid__":"56mzHtS1xMq7+u4xE0zwC8"},"_sizeMode":0},{"__type__":"cc.Widget","node":{"__id__":95},"_alignFlags":45,"_originalWidth":40,"_originalHeight":36}],"_opacity":187,"_contentSize":{"__type__":"cc.Size","width":1080,"height":1920}},{"__type__":"cc.Node","_name":"Background","_parent":{"__id__":94},"_children":[{"__id__":97}],"_level":2,"_components":[{"__type__":"cc.Sprite","node":{"__id__":96},"_enabled":false,"_materials":[{"__uuid__":"ecpdLyjvZBwrvm+cedCcQy"}],"_spriteFrame":{"__uuid__":"f0BIwQ8D5Ml7nTNQbh1YlS"},"_type":1,"_sizeMode":0},{"__type__":"cc.Widget","node":{"__id__":96},"alignMode":0,"_alignFlags":45,"_originalWidth":100,"_originalHeight":40}],"_contentSize":{"__type__":"cc.Size","width":1080,"height":1920}},{"__type__":"cc.Node","_name":"Label","_parent":{"__id__":96},"_level":3,"_components":[{"__id__":98}],"_contentSize":{"__type__":"cc.Size","width":711.1,"height":126}},{"__type__":"cc.Label","node":{"__id__":97},"_materials":[{"__uuid__":"ecpdLyjvZBwrvm+cedCcQy"}],"_useOriginalSize":false,"_string":"Tap on screen","_N$string":"Tap on screen","_fontSize":100,"_lineHeight":100,"_enableWrapText":false,"_N$file":{"__uuid__":"08qsiyJRZLqI5J68oFvsKG"},"_isSystemFontUsed":false,"_N$horizontalAlign":1,"_N$verticalAlign":1},{"__type__":"cc.Button","node":{"__id__":94},"clickEvents":[{"__type__":"cc.ClickEvent","target":{"__id__":2},"_componentId":"1e049VrLKxFuqAQD8WHBvhA","handler":"play"}],"_N$normalColor":{"__type__":"cc.Color","r":230,"g":230,"b":230},"_N$pressedColor":{"__type__":"cc.Color","r":200,"g":200,"b":200},"pressedColor":{"__type__":"cc.Color","r":200,"g":200,"b":200},"_N$disabledColor":{"__type__":"cc.Color","r":120,"g":120,"b":120,"a":200},"_N$normalSprite":{"__uuid__":"f0BIwQ8D5Ml7nTNQbh1YlS"},"_N$pressedSprite":{"__uuid__":"e97GVMl6JHh5Ml5qEDdSGa"},"pressedSprite":{"__uuid__":"e97GVMl6JHh5Ml5qEDdSGa"},"_N$hoverSprite":{"__uuid__":"f0BIwQ8D5Ml7nTNQbh1YlS"},"hoverSprite":{"__uuid__":"f0BIwQ8D5Ml7nTNQbh1YlS"},"_N$disabledSprite":{"__uuid__":"29FYIk+N1GYaeWH/q1NxQO"},"_N$target":{"__id__":96}},{"__type__":"cc.Node","_name":"game-over","_parent":{"__id__":2},"_children":[{"__id__":101},{"__id__":102},{"__id__":104},{"__id__":107},{"__id__":110}],"_active":false,"_level":2,"_components":[{"__type__":"cc.Widget","node":{"__id__":100},"_alignFlags":45},{"__type__":"cc.BlockInputEvents","node":{"__id__":100}},{"__id__":113}],"_color":{"__type__":"cc.Color"},"_contentSize":{"__type__":"cc.Size","width":750,"height":1334}},{"__type__":"cc.Node","_name":"bg","_parent":{"__id__":100},"_level":3,"_components":[{"__type__":"cc.Sprite","node":{"__id__":101},"_materials":[{"__uuid__":"ecpdLyjvZBwrvm+cedCcQy"}],"_spriteFrame":{"__uuid__":"56mzHtS1xMq7+u4xE0zwC8"},"_sizeMode":0},{"__type__":"cc.Widget","node":{"__id__":101},"_alignFlags":45,"_originalWidth":100,"_originalHeight":100}],"_opacity":228,"_contentSize":{"__type__":"cc.Size","width":750,"height":1334}},{"__type__":"cc.Node","_name":"score","_parent":{"__id__":100},"_level":3,"_components":[{"__id__":103}],"_contentSize":{"__type__":"cc.Size","width":81.5,"height":126},"_position":{"__type__":"cc.Vec3","y":295.932}},{"__type__":"cc.Label","node":{"__id__":102},"_materials":[{"__uuid__":"ecpdLyjvZBwrvm+cedCcQy"}],"_useOriginalSize":false,"_string":"7","_N$string":"7","_fontSize":100,"_lineHeight":100,"_N$file":{"__uuid__":"08qsiyJRZLqI5J68oFvsKG"},"_isSystemFontUsed":false,"_N$horizontalAlign":1,"_N$verticalAlign":1},{"__type__":"cc.Node","_name":"high-score","_parent":{"__id__":100},"_children":[{"__id__":105}],"_level":3,"_components":[{"__type__":"cc.Label","node":{"__id__":104},"_materials":[{"__uuid__":"ecpdLyjvZBwrvm+cedCcQy"}],"_useOriginalSize":false,"_string":"HIGHSCORE:","_N$string":"HIGHSCORE:","_lineHeight":45,"_N$file":{"__uuid__":"08qsiyJRZLqI5J68oFvsKG"},"_isSystemFontUsed":false,"_N$horizontalAlign":1,"_N$verticalAlign":1}],"_color":{"__type__":"cc.Color","r":255,"g":235},"_contentSize":{"__type__":"cc.Size","width":279.64,"height":56.7},"_position":{"__type__":"cc.Vec3","x":-57.498,"y":133}},{"__type__":"cc.Node","_name":"New Label","_parent":{"__id__":104},"_level":4,"_components":[{"__id__":106}],"_color":{"__type__":"cc.Color","r":255,"g":122},"_contentSize":{"__type__":"cc.Size","width":62.16,"height":50.4},"_anchorPoint":{"__type__":"cc.Vec2","y":0.5},"_position":{"__type__":"cc.Vec3","x":149.805}},{"__type__":"cc.Label","node":{"__id__":105},"_materials":[{"__uuid__":"ecpdLyjvZBwrvm+cedCcQy"}],"_useOriginalSize":false,"_string":"55","_N$string":"55","_N$file":{"__uuid__":"08qsiyJRZLqI5J68oFvsKG"},"_isSystemFontUsed":false,"_N$horizontalAlign":1,"_N$verticalAlign":1},{"__type__":"cc.Node","_name":"btn-return","_parent":{"__id__":100},"_children":[{"__id__":108}],"_level":3,"_components":[{"__type__":"cc.Sprite","node":{"__id__":107},"_materials":[{"__uuid__":"ecpdLyjvZBwrvm+cedCcQy"}],"_spriteFrame":{"__uuid__":"08lKtaf6NF4LL1Bkut8PRt"},"_type":1,"_sizeMode":0},{"__id__":109}],"_contentSize":{"__type__":"cc.Size","width":277,"height":129},"_position":{"__type__":"cc.Vec3","x":-170,"y":-309}},{"__type__":"cc.Node","_name":"Label","_parent":{"__id__":107},"_components":[{"__type__":"cc.Label","node":{"__id__":108},"_materials":[{"__uuid__":"ecpdLyjvZBwrvm+cedCcQy"}],"_useOriginalSize":false,"_string":"Home","_N$string":"Home","_fontSize":60,"_lineHeight":80,"_enableWrapText":false,"_N$file":{"__uuid__":"08qsiyJRZLqI5J68oFvsKG"},"_isSystemFontUsed":false,"_N$horizontalAlign":1,"_N$verticalAlign":1}],"_contentSize":{"__type__":"cc.Size","width":152.4,"height":100.8},"_position":{"__type__":"cc.Vec3","y":15}},{"__type__":"cc.Button","node":{"__id__":107},"_N$transition":3,"transition":3,"_N$pressedColor":{"__type__":"cc.Color","r":255,"g":255,"b":255},"pressedColor":{"__type__":"cc.Color","r":255,"g":255,"b":255},"_N$disabledColor":{"__type__":"cc.Color","r":255,"g":255,"b":255},"_N$normalSprite":{"__uuid__":"08lKtaf6NF4LL1Bkut8PRt"},"_N$pressedSprite":{"__uuid__":"e97GVMl6JHh5Ml5qEDdSGa"},"pressedSprite":{"__uuid__":"e97GVMl6JHh5Ml5qEDdSGa"},"_N$hoverSprite":{"__uuid__":"f0BIwQ8D5Ml7nTNQbh1YlS"},"hoverSprite":{"__uuid__":"f0BIwQ8D5Ml7nTNQbh1YlS"},"_N$disabledSprite":{"__uuid__":"29FYIk+N1GYaeWH/q1NxQO"},"_N$target":{"__id__":107}},{"__type__":"cc.Node","_name":"btn-restart","_parent":{"__id__":100},"_children":[{"__id__":111}],"_level":3,"_components":[{"__type__":"cc.Sprite","node":{"__id__":110},"_materials":[{"__uuid__":"ecpdLyjvZBwrvm+cedCcQy"}],"_spriteFrame":{"__uuid__":"9e+jwMYWZJc5FPExQ6bZyy"},"_type":1,"_sizeMode":0},{"__id__":112}],"_contentSize":{"__type__":"cc.Size","width":277,"height":129},"_position":{"__type__":"cc.Vec3","x":170,"y":-309}},{"__type__":"cc.Node","_name":"Label","_parent":{"__id__":110},"_components":[{"__type__":"cc.Label","node":{"__id__":111},"_materials":[{"__uuid__":"ecpdLyjvZBwrvm+cedCcQy"}],"_useOriginalSize":false,"_string":"Restart","_N$string":"Restart","_fontSize":60,"_lineHeight":80,"_enableWrapText":false,"_N$file":{"__uuid__":"08qsiyJRZLqI5J68oFvsKG"},"_isSystemFontUsed":false,"_N$horizontalAlign":1,"_N$verticalAlign":1}],"_contentSize":{"__type__":"cc.Size","width":241.98,"height":100.8},"_position":{"__type__":"cc.Vec3","y":15}},{"__type__":"cc.Button","node":{"__id__":110},"_N$transition":3,"transition":3,"_N$pressedColor":{"__type__":"cc.Color","r":255,"g":255,"b":255},"pressedColor":{"__type__":"cc.Color","r":255,"g":255,"b":255},"_N$disabledColor":{"__type__":"cc.Color","r":255,"g":255,"b":255},"_N$normalSprite":{"__uuid__":"9e+jwMYWZJc5FPExQ6bZyy"},"_N$pressedSprite":{"__uuid__":"e97GVMl6JHh5Ml5qEDdSGa"},"pressedSprite":{"__uuid__":"e97GVMl6JHh5Ml5qEDdSGa"},"_N$hoverSprite":{"__uuid__":"f0BIwQ8D5Ml7nTNQbh1YlS"},"hoverSprite":{"__uuid__":"f0BIwQ8D5Ml7nTNQbh1YlS"},"_N$disabledSprite":{"__uuid__":"29FYIk+N1GYaeWH/q1NxQO"},"_N$target":{"__id__":110}},{"__type__":"3759aH9z29HHKF+FW2eudGt","node":{"__id__":100},"btn_return":{"__id__":109},"btn_restart":{"__id__":112},"score":{"__id__":103},"high_score":{"__id__":106}}],{"__type__":"cc.SpriteFrame","content":{"name":"Button01_145_Sky","texture":"00AYA5sWpLKZ1t83DedvYj","rect":[0,0,55,145],"offset":[0,0],"originalSize":[55,145],"capInsets":[25,0,25,0]}},{"__type__":"cc.SpriteFrame","content":{"name":"frog","texture":"d7WGjb2DRDiaHgg9rIP5hA","rect":[0,0,334,282],"offset":[0,0],"originalSize":[334,282],"capInsets":[0,0,0,0]}},{"__type__":"cc.SpriteFrame","content":{"name":"default_btn_disabled","texture":"71VhFCTINJM6/Ky3oX9nBT","rect":[0,0,40,40],"offset":[0,0],"originalSize":[40,40],"capInsets":[12,12,12,12]}},{"__type__":"cc.SpriteFrame","content":{"name":"electric","texture":"325PgCNLpKcYJaBVAGFQHj","rect":[0,0,1320,412],"offset":[0,0],"originalSize":[1320,412],"capInsets":[0,0,0,0]}},{"__type__":"cc.SpriteFrame","content":{"name":"BG","texture":"15RmDDsGpFzYKdx9rycf6E","rect":[0,0,1320,2868],"offset":[0,0],"originalSize":[1320,2868],"capInsets":[0,0,0,0]}},{"__type__":"cc.SpriteFrame","content":{"name":"block 1","texture":"e8K33DcydO5YssuGg7Webl","rect":[0,0,319,319],"offset":[0,0],"originalSize":[319,319],"capInsets":[0,0,0,0]}},{"__type__":"cc.SpriteFrame","content":{"name":"circle","texture":"d8AFiEfU1DIJjDXfkNP9L2","rect":[0,0,60,60],"offset":[0,0],"originalSize":[60,60],"capInsets":[0,0,0,0]}},{"__type__":"cc.SpriteFrame","content":{"name":"star","texture":"9fCRAp2ENEqb44PCBNF0Gn","rect":[0,0,222,222],"offset":[0,0],"originalSize":[222,222],"capInsets":[0,0,0,0]}},{"__type__":"cc.SpriteFrame","content":{"name":"Button01_145_Purple","texture":"86YVvb8MZH758VBJR7zD9t","rect":[0,0,55,145],"offset":[0,0],"originalSize":[55,145],"capInsets":[25,0,25,0]}},{"__type__":"cc.SpriteFrame","content":{"name":"default_sprite_splash","texture":"02delMVqdBD70a/HSD99FK","rect":[0,0,2,2],"offset":[0,0],"originalSize":[2,2],"capInsets":[0,0,0,0]}},{"__type__":"cc.SpriteFrame","content":{"name":"block 6","texture":"a8/XT0a31MBYTbkUs6DRoZ","rect":[0,0,319,319],"offset":[0,0],"originalSize":[319,319],"capInsets":[30,30,30,30]}},{"__type__":"cc.SpriteFrame","content":{"name":"default_btn_pressed","texture":"b4P/PCArtIdIH38t6mlw8Y","rect":[0,0,40,40],"offset":[0,0],"originalSize":[40,40],"capInsets":[12,12,12,12]}},{"__type__":"cc.SpriteFrame","content":{"name":"default_btn_normal","texture":"e8Ueib+qJEhL6mXAHdnwbi","rect":[0,0,40,40],"offset":[0,0],"originalSize":[40,40],"capInsets":[12,12,12,12]}}]