[{"__type__":"cc.SpriteFrame","content":{"name":"loading_empty bar","texture":"43sOjHu4pBl4DJ5YXZH8Ov","rect":[0,0,1257,59],"offset":[0,0],"originalSize":[1257,59],"capInsets":[0,0,0,0]}},[{"__type__":"cc.SceneAsset","_name":"helloworld","scene":{"__id__":1},"asyncLoadAssets":null},{"__type__":"cc.Scene","_name":"New Node","_children":[{"__id__":2}],"_anchorPoint":{"__type__":"cc.Vec2"},"autoReleaseAssets":false},{"__type__":"cc.Node","_name":"Canvas","_parent":{"__id__":1},"_children":[{"__id__":3},{"__id__":4},{"__id__":5}],"_components":[{"__type__":"cc.Canvas","node":{"__id__":2},"_designResolution":{"__type__":"cc.Size","width":1920,"height":1080},"_fitWidth":true},{"__type__":"08020NCM5VC+4kPZK05PkXl","node":{"__id__":2},"loadingLabel":{"__id__":7},"loadingBar":{"__id__":11}}],"_color":{"__type__":"cc.Color","r":252,"g":252,"b":252},"_contentSize":{"__type__":"cc.Size","width":1920,"height":1080},"_position":{"__type__":"cc.Vec3","x":960,"y":540},"_id":"a286bbGknJLZpRpxROV6M94"},{"__type__":"cc.Node","_name":"Main Camera","_parent":{"__id__":2},"_level":1,"_components":[{"__type__":"cc.Camera","node":{"__id__":3},"_clearFlags":7,"_depth":-1}],"_position":{"__type__":"cc.Vec3","z":245.08518927099615}},{"__type__":"cc.Node","_name":"background","_parent":{"__id__":2},"_components":[{"__type__":"cc.Widget","node":{"__id__":4},"_alignFlags":45,"_originalWidth":200,"_originalHeight":150},{"__type__":"cc.Sprite","node":{"__id__":4},"_materials":[{"__uuid__":"ecpdLyjvZBwrvm+cedCcQy"}],"_spriteFrame":{"__uuid__":"bdcCKYgUVIAqHGcaRUCgBF"},"_type":1,"_sizeMode":0}],"_color":{"__type__":"cc.Color","g":224,"b":255},"_contentSize":{"__type__":"cc.Size","width":1920,"height":1080}},{"__type__":"cc.Node","_name":"New Node","_parent":{"__id__":2},"_children":[{"__id__":6},{"__id__":8}],"_level":1,"_components":[{"__type__":"cc.Widget","node":{"__id__":5},"_alignFlags":4,"_bottom":150}],"_position":{"__type__":"cc.Vec3","y":-390}},{"__type__":"cc.Node","_name":"loadingLabel","_parent":{"__id__":5},"_level":2,"_components":[{"__id__":7}],"_contentSize":{"__type__":"cc.Size","width":1000,"height":75.6},"_position":{"__type__":"cc.Vec3","y":87.006}},{"__type__":"cc.Label","node":{"__id__":6},"_materials":[{"__uuid__":"ecpdLyjvZBwrvm+cedCcQy"}],"_useOriginalSize":false,"_string":"update","_N$string":"update","_fontSize":60,"_lineHeight":60,"_N$horizontalAlign":1,"_N$verticalAlign":1,"_N$overflow":1},{"__type__":"cc.Node","_name":"loadingBar","_parent":{"__id__":5},"_children":[{"__id__":9}],"_level":2,"_components":[{"__type__":"cc.Sprite","node":{"__id__":8},"_materials":[{"__uuid__":"ecpdLyjvZBwrvm+cedCcQy"}],"_spriteFrame":{"__uuid__":"10UlvrbBNIT517clkxxoDT"},"_type":1,"_sizeMode":0},{"__id__":11}],"_contentSize":{"__type__":"cc.Size","width":1000,"height":40}},{"__type__":"cc.Node","_name":"bar","_parent":{"__id__":8},"_components":[{"__id__":10}],"_contentSize":{"__type__":"cc.Size","width":1000,"height":40},"_anchorPoint":{"__type__":"cc.Vec2","y":0.5},"_position":{"__type__":"cc.Vec3","x":-500}},{"__type__":"cc.Sprite","node":{"__id__":9},"_materials":[{"__uuid__":"ecpdLyjvZBwrvm+cedCcQy"}],"_spriteFrame":{"__uuid__":"88lKRVPTFDc7zGasys3USL"},"_type":3,"_sizeMode":0,"_fillRange":1},{"__type__":"cc.ProgressBar","node":{"__id__":8},"_N$barSprite":{"__id__":10},"_N$mode":2}],{"__type__":"cc.SpriteFrame","content":{"name":"loading_full color-03","texture":"bdYygbud9PDbrzdytoiGbs","rect":[0,0,1257,59],"offset":[0,0],"originalSize":[1257,59],"capInsets":[0,0,0,0]}},{"__type__":"cc.SpriteFrame","content":{"name":"blue-white-grid-graph-paper-1080x1920-c2-6495ed-ffffff-l2-8-216-a-0-f-20","texture":"45C3S7OfNKW6EGdD/EDpfW","rect":[0,0,1920,1080],"offset":[0,0],"originalSize":[1920,1080],"capInsets":[0,0,0,0]}}]