{"importBase":"import","nativeBase":"native","name":"main","deps":["internal"],"uuids":["03027723e","0655dcf24","92j+5IJ39EE5+d9IgyZqH4","a3lol1KPZL+ZZISDLzTw7O","baIUdvKGZPgZxNbjWTFuRI","92j+5IJ39EE5+d9IgyZqH4@6c48a","92j+5IJ39EE5+d9IgyZqH4@f9941","b3I4vCFFlNSooCc/dM5h5+","b3I4vCFFlNSooCc/dM5h5+@6c48a","b3I4vCFFlNSooCc/dM5h5+@f9941","fbz1ZT+65I0YssQkpVy4Je","fbz1ZT+65I0YssQkpVy4Je@6c48a","fbz1ZT+65I0YssQkpVy4Je@f9941","fdjsU2o1RKF5x0TziDw3jI","fdoJXLgx1GAa2UhGATlj3o"],"paths":{"3":["db:/assets/LoadScene/LoadScene",0,1],"4":["db:/internal/physics/default-physics-material",2,1],"13":["db:/internal/default_renderpipeline/builtin-forward",1,1]},"scenes":{"db://assets/LoadScene/LoadScene.scene":3},"packs":{"03027723e":[6,3,9,12],"0655dcf24":[5,8,11]},"versions":{"import":[],"native":[]},"redirect":[4,"0",14,"0"],"debug":false,"extensionMap":{},"hasPreloadScript":true,"dependencyRelationships":{},"types":["cc.SceneAsset","cc.RenderPipeline","cc.PhysicsMaterial"],"encrypted":true}
