{"importBase":"import","nativeBase":"native","name":"main","deps":["internal"],"uuids":["015b17bb9","03r9F3n5RG7pho9rVEEo/v","03r9F3n5RG7pho9rVEEo/v@6c48a","03r9F3n5RG7pho9rVEEo/v@f9941","0b7ec390d","92j+5IJ39EE5+d9IgyZqH4","a3lol1KPZL+ZZISDLzTw7O","baIUdvKGZPgZxNbjWTFuRI","92j+5IJ39EE5+d9IgyZqH4@6c48a","92j+5IJ39EE5+d9IgyZqH4@f9941","e8a09L5F1OQIDZKRCybeRz","e8a09L5F1OQIDZKRCybeRz@6c48a","e8a09L5F1OQIDZKRCybeRz@f9941","fdjsU2o1RKF5x0TziDw3jI","fdoJXLgx1GAa2UhGATlj3o"],"paths":{"6":["db:/assets/LoadScene/LoadScene",0,1],"7":["db:/internal/physics/default-physics-material",2,1],"13":["db:/internal/default_renderpipeline/builtin-forward",1,1]},"scenes":{"db://assets/LoadScene/LoadScene.scene":6},"packs":{"015b17bb9":[2,8,11],"0b7ec390d":[3,9,6,12]},"versions":{"import":[],"native":[]},"redirect":[7,"0",14,"0"],"debug":false,"extensionMap":{},"hasPreloadScript":true,"dependencyRelationships":{},"types":["cc.SceneAsset","cc.RenderPipeline","cc.PhysicsMaterial"],"encrypted":true}
