[[{"__type__":"cc.Prefab","_name":"progressBar","data":{"__id__":1}},{"__type__":"cc.Node","_name":"bgbar","_children":[{"__id__":2},{"__id__":3},{"__id__":5}],"_level":1,"_components":[{"__type__":"cc.Sprite","node":{"__id__":1},"_materials":[{"__uuid__":"ecpdLyjvZBwrvm+cedCcQy"}],"_spriteFrame":{"__uuid__":"75fowJradGepe6OM/vbqJr"},"_type":1,"_sizeMode":0},{"__type__":"cc.ProgressBar","node":{"__id__":1},"_N$barSprite":{"__id__":4},"_N$mode":2,"_N$progress":0.1},{"__type__":"cc.Widget","node":{"__id__":1},"_left":460,"_right":460,"_top":891.02,"_bottom":138.98,"_originalWidth":1000,"_originalHeight":50}],"_prefab":{"__type__":"cc.PrefabInfo","root":{"__id__":1},"asset":{"__uuid__":"41gBTXTB9HZbfTE1PAhmOS"},"fileId":"d3i31G1CFF74JaeNg4tYn6"},"_color":{"__type__":"cc.Color","r":61,"g":34,"b":6},"_contentSize":{"__type__":"cc.Size","width":992,"height":46},"_position":{"__type__":"cc.Vec3","y":-376.02}},{"__type__":"cc.Node","_name":"bar copy","_parent":{"__id__":1},"_level":2,"_components":[{"__type__":"cc.Sprite","node":{"__id__":2},"_materials":[{"__uuid__":"ecpdLyjvZBwrvm+cedCcQy"}],"_spriteFrame":{"__uuid__":"75fowJradGepe6OM/vbqJr"},"_type":3,"_sizeMode":0,"_fillRange":1,"_isTrimmedMode":false}],"_prefab":{"__type__":"cc.PrefabInfo","root":{"__id__":1},"asset":{"__uuid__":"41gBTXTB9HZbfTE1PAhmOS"},"fileId":"4aeBCRMctP4bBGMaViFYxR"},"_color":{"__type__":"cc.Color","r":32,"g":8,"b":32},"_contentSize":{"__type__":"cc.Size","width":984,"height":36},"_anchorPoint":{"__type__":"cc.Vec2","y":0.5},"_position":{"__type__":"cc.Vec3","x":-492}},{"__type__":"cc.Node","_name":"bar","_parent":{"__id__":1},"_components":[{"__id__":4}],"_prefab":{"__type__":"cc.PrefabInfo","root":{"__id__":1},"asset":{"__uuid__":"41gBTXTB9HZbfTE1PAhmOS"},"fileId":"a4bEziBRpMm4uAr3CKocPs"},"_color":{"__type__":"cc.Color","r":158,"g":10,"b":179},"_contentSize":{"__type__":"cc.Size","width":984,"height":36},"_anchorPoint":{"__type__":"cc.Vec2","y":0.5},"_position":{"__type__":"cc.Vec3","x":-492}},{"__type__":"cc.Sprite","node":{"__id__":3},"_materials":[{"__uuid__":"ecpdLyjvZBwrvm+cedCcQy"}],"_spriteFrame":{"__uuid__":"75fowJradGepe6OM/vbqJr"},"_type":3,"_sizeMode":0,"_fillRange":0.1,"_isTrimmedMode":false},{"__type__":"cc.Node","_name":"New Label","_parent":{"__id__":1},"_level":2,"_components":[{"__type__":"cc.Label","node":{"__id__":5},"_materials":[{"__uuid__":"ecpdLyjvZBwrvm+cedCcQy"}],"_useOriginalSize":false,"_string":"Loading...","_N$string":"Loading...","_fontSize":36.00000000000004,"_N$file":{"__uuid__":"bfxtIqh6xCpYObA32XxIAy"},"_isSystemFontUsed":false,"_N$horizontalAlign":1,"_N$verticalAlign":1,"_N$overflow":1},{"__type__":"cc.LabelOutline","node":{"__id__":5},"_color":{"__type__":"cc.Color"}},{"__type__":"cc.LabelShadow","node":{"__id__":5},"_color":{"__type__":"cc.Color"}}],"_prefab":{"__type__":"cc.PrefabInfo","root":{"__id__":1},"asset":{"__uuid__":"41gBTXTB9HZbfTE1PAhmOS"},"fileId":"af62naqEVEoK9NwsIII26o"},"_contentSize":{"__type__":"cc.Size","width":600,"height":52.4},"_position":{"__type__":"cc.Vec3","y":4.056}}],{"__type__":"cc.SpriteFrame","content":{"name":"loading bar","texture":"5br4j4f7lNe4f2TiTndJ2I","rect":[0,0,1106,41],"offset":[0,0],"originalSize":[1106,41],"capInsets":[0,0,0,0]}}]