[1,["8901BljwxLEIrhklWi7VP8@f9941","41THmMzq1MVbfSZ/u5T6OE@f9941","41THmMzq1MVbfSZ/u5T6OE@6c48a","8901BljwxLEIrhklWi7VP8@6c48a"],["node","_spriteFrame","_textureSource","_cameraComponent","progressBar","loadingLabel","scene","_parent"],["cc.SpriteFrame",["cc.Node",["_name","_layer","_parent","_components","_lpos","_children"],1,1,12,5,2],["cc.UITransform",["node","_contentSize","_anchorPoint"],3,1,5,5],["cc.Widget",["_alignFlags","_top","_bottom","_originalWidth","_originalHeight","_alignMode","node","_target"],-3,1,1],["cc.Sprite",["_type","_sizeMode","_fillRange","node","_spriteFrame"],0,1,6],["cc.SceneAsset",["_name"],2],["cc.Node",["_name","_layer","_id","_children","_components","_lpos"],0,2,9,5],["cc.Node",["_name","_parent","_components","_lpos"],2,1,2,5],["cc.Canvas",["node","_cameraComponent"],3,1,1],["b5049GmvGJLpK0Kp6DG9vNi",["node","loadingLabel","progressBar"],3,1,1,1],["cc.Scene",["_name","_children","_globals"],2,2,4],["cc.SceneGlobals",["ambient","shadows","_skybox","fog","octree","lightProbeInfo"],3,4,4,4,4,4,4],["cc.AmbientInfo",["_skyIllumLDR","_skyColorHDR","_skyColorLDR","_groundAlbedoLDR"],2,5,5,5],["cc.ShadowsInfo",["_shadowColor"],3,5],["cc.SkyboxInfo",[],3],["cc.FogInfo",["_fogDensity","_fogRange"],1],["cc.OctreeInfo",[],3],["cc.LightProbeInfo",[],3],["cc.Camera",["_projection","_priority","_orthoHeight","_far","_visibility","node","_color"],-2,1,5],["cc.Label",["_string","_actualFontSize","_overflow","_isBold","node"],-1,1],["cc.ProgressBar",["_mode","_progress","node","_barSprite"],1,1,1]],[[2,0,1,1],[1,0,1,2,3,4,3],[5,0,2],[6,0,1,2,3,4,5,4],[1,0,1,2,5,3,4,3],[7,0,1,2,3,2],[2,0,1,2,1],[8,0,1,1],[3,0,6,2],[3,0,1,2,3,4,5,6,7,7],[9,0,1,2,1],[4,0,1,3,4,3],[4,0,1,2,3,4],[10,0,1,2,2],[11,0,1,2,3,4,5,1],[12,0,1,2,3,2],[13,0,1],[14,1],[15,0,1,3],[16,1],[17,1],[18,0,1,2,3,4,5,6,6],[19,0,1,2,3,4,5],[20,0,1,2,3,3]],[[[[2,"StartScene"],[3,"Canvas",33554432,"f3a5zjj99IwbSu9+QJo93J",[-8,-9],[[0,-1,[5,1560,720]],[7,-3,-2],[8,45,-4],[10,-7,-6,-5]],[1,780,360,0]],[4,"ProgressBar",33554432,1,[-13,-14],[[[0,-10,[5,1280,80]],[11,1,0,-11,0],-12],4,4,1],[1,0,-261.17,0]],[1,"Label",33554432,2,[[[0,-15,[5,1560,100]],-16,[9,44,310,136.78199999999998,720,100,1,-17,1]],4,1,4],[1,0,87.952,0]],[1,"Bar",33554432,2,[[[6,-18,[5,1254,59],[0,0,0.5]],-19],4,1],[1,-627.691,0,0]],[13,"StartScene",[1],[14,[15,0.800000011920929,[2,0.20000000298023224,0.5,0.800000011920929,0.5208331346511841],[2,0.4525879919528961,0.6076419949531555,0.7556989789009094,0],[2,0.6185550093650818,0.5778480172157288,0.5445640087127686,0]],[16,[4,4283190348]],[17],[18,0.30000001192092896,1.2000000476837158],[19],[20]]],[5,"Camera",1,[-20],[1,0,0,1000]],[21,0,1073741824,530.9243697478992,2000,41943040,6,[4,4281216558]],[12,3,0,1,4],[22,"ĐANG TẢI...",41,2,true,3],[23,2,1,2,8]],0,[0,0,1,0,3,7,0,0,1,0,0,1,0,4,10,0,5,9,0,0,1,0,-1,6,0,-2,2,0,0,2,0,0,2,0,-3,10,0,-1,4,0,-2,3,0,0,3,0,-2,9,0,0,3,0,0,4,0,-2,8,0,-1,7,0,6,5,1,7,5,20],[0,8],[1,1],[0,1]],[[{"name":"loading_full color-03","rect":{"x":0,"y":0,"width":1257,"height":59},"offset":{"x":0,"y":0},"originalSize":{"width":1257,"height":59},"rotated":false,"capInsets":[0,0,0,0],"vertices":{"rawPosition":[-628.5,-29.5,0,628.5,-29.5,0,-628.5,29.5,0,628.5,29.5,0],"indexes":[0,1,2,2,1,3],"uv":[0,59,1257,59,0,0,1257,0],"nuv":[0,0,1,0,0,1,1,1],"minPos":{"x":-628.5,"y":-29.5,"z":0},"maxPos":{"x":628.5,"y":29.5,"z":0}},"packable":true,"pixelsToUnit":100,"pivot":{"x":0.5,"y":0.5},"meshType":0}],[0],0,[0],[2],[2]],[[{"name":"loading_empty bar","rect":{"x":0,"y":0,"width":1257,"height":59},"offset":{"x":0,"y":0},"originalSize":{"width":1257,"height":59},"rotated":false,"capInsets":[0,0,0,0],"vertices":{"rawPosition":[-628.5,-29.5,0,628.5,-29.5,0,-628.5,29.5,0,628.5,29.5,0],"indexes":[0,1,2,2,1,3],"uv":[0,59,1257,59,0,0,1257,0],"nuv":[0,0,1,0,0,1,1,1],"minPos":{"x":-628.5,"y":-29.5,"z":0},"maxPos":{"x":628.5,"y":29.5,"z":0}},"packable":true,"pixelsToUnit":100,"pivot":{"x":0.5,"y":0.5},"meshType":0}],[0],0,[0],[2],[3]]]]
