{
    "do_default": {
        "exclude_from_template": [
            "frameworks/runtime-src"
        ]
    },
    "do_add_native_support": {
        "append_from_template": {
            "from": "frameworks/runtime-src",
            "to": "frameworks/runtime-src",
            "exclude": [
                "proj.ios_mac/HelloJavascript.xcodeproj/project.xcworkspace",
                "proj.ios_mac/HelloJavascript.xcodeproj/xcuserdata",
                "proj.win32/Debug.win32",
                "proj.win32/Release.win32",
                "proj.win32/HelloJavascript.sdf"
            ]
        },
        "append_file": [{
            "from": "cocos/scripting/js-bindings/manual/jsb_module_register.cpp",
            "to": "frameworks/runtime-src/Classes/jsb_module_register.cpp"
        }],
        "append_x_engine": {
            "from": ".",
            "to": "frameworks/cocos2d-x"
        },
        "project_rename": {
            "src_project_name": "HelloJavascript",
            "files": [
                "frameworks/runtime-src/proj.win32/PROJECT_NAME.vcxproj",
                "frameworks/runtime-src/proj.win32/PROJECT_NAME.vcxproj.filters",
                "frameworks/runtime-src/proj.win32/PROJECT_NAME.vcxproj.user",
                "frameworks/runtime-src/proj.win32/PROJECT_NAME.sln",
                "frameworks/runtime-src/proj.ios_mac/PROJECT_NAME.xcodeproj"
            ]
        },
        "project_replace_project_name": {
            "src_project_name": "HelloJavascript",
            "files": [
                "frameworks/runtime-src/proj.win32/PROJECT_NAME.vcxproj",
                "frameworks/runtime-src/proj.win32/PROJECT_NAME.vcxproj.filters",
                "frameworks/runtime-src/proj.win32/PROJECT_NAME.vcxproj.user",
                "frameworks/runtime-src/proj.win32/PROJECT_NAME.sln",
                "frameworks/runtime-src/proj.win32/main.cpp",
                "frameworks/runtime-src/proj.android-studio/settings.gradle",
                "frameworks/runtime-src/proj.android-studio/app/res/values/strings.xml",
                "frameworks/runtime-src/proj.ios_mac/ios/main.m",
                "frameworks/runtime-src/proj.ios_mac/ios/Prefix.pch",
                "frameworks/runtime-src/proj.ios_mac/PROJECT_NAME.xcodeproj/project.pbxproj",
                "frameworks/runtime-src/Classes/AppDelegate.cpp"
            ]
        },
        "project_replace_package_name": {
            "src_package_name": "org.cocos2dx.hellojavascript",
            "files": [
                "frameworks/runtime-src/proj.android-studio/app/build.gradle",
                "frameworks/runtime-src/proj.android-studio/app/AndroidManifest.xml"
            ]
        },
        "project_replace_mac_bundleid": {
            "src_bundle_id": "org.cocos2dx.hellojavascript",
            "files": [
                "frameworks/runtime-src/proj.ios_mac/mac/Info.plist"
            ]
        },
        "project_replace_ios_bundleid": {
            "src_bundle_id": "org.cocos2dx.hellojavascript",
            "files": [
                "frameworks/runtime-src/proj.ios_mac/ios/Info.plist"
            ]
        }
    }
}
