[{"__type__":"cc.SpriteFrame","content":{"name":"yellow","texture":"d7FD6tvoZGSbvgG7ya9mOC","rect":[6,23,1658,61],"offset":[-1,0],"originalSize":[1672,107],"capInsets":[0,0,0,0]}},{"__type__":"cc.SpriteFrame","content":{"name":"uiBk","texture":"b126bSJjJIqoqEBkGR7BEs","rect":[0,0,100,100],"offset":[0,0],"originalSize":[100,100],"capInsets":[0,0,0,0]}},{"__type__":"cc.SpriteFrame","content":{"name":"bg","texture":"7bfRrmnk1BtIsO02hoVJLr","rect":[4,6,1662,72],"offset":[-1,1.5],"originalSize":[1672,87],"capInsets":[0,0,0,0]}},[{"__type__":"cc.SceneAsset","_name":"game","scene":{"__id__":1},"asyncLoadAssets":null},{"__type__":"cc.Scene","_name":"New Node","_children":[{"__id__":2}],"_anchorPoint":{"__type__":"cc.Vec2"},"autoReleaseAssets":false},{"__type__":"cc.Node","_name":"Canvas","_parent":{"__id__":1},"_children":[{"__id__":3},{"__id__":4},{"__id__":11},{"__id__":7}],"_components":[{"__type__":"cc.Canvas","node":{"__id__":2},"_designResolution":{"__type__":"cc.Size","width":1080,"height":1920},"_fitWidth":true,"_fitHeight":false},{"__type__":"cc.Widget","node":{"__id__":2},"_alignFlags":45}],"_contentSize":{"__type__":"cc.Size","width":1080,"height":1920},"_position":{"__type__":"cc.Vec3","x":540,"y":960},"_id":"a5esZu+45LA5mBpvttspPD"},{"__type__":"cc.Node","_name":"Main Camera","_parent":{"__id__":2},"_components":[{"__type__":"cc.Camera","node":{"__id__":3},"_clearFlags":7,"_depth":-1}],"_contentSize":{"__type__":"cc.Size","width":1080,"height":1920},"_position":{"__type__":"cc.Vec3","z":384.5017476333567}},{"__type__":"cc.Node","_name":"LoadGameController","_parent":{"__id__":2},"_level":1,"_components":[{"__type__":"916e1Eq2xRPLJjGbBIjlyFD","node":{"__id__":4},"loadingLabel":{"__id__":5},"loadingBar":{"__id__":10}}]},{"__type__":"cc.Label","node":{"__id__":6},"_materials":[{"__uuid__":"ecpdLyjvZBwrvm+cedCcQy"}],"_useOriginalSize":false,"_string":"Downloading","_N$string":"Downloading","_N$file":{"__uuid__":"1bMUL9XNhMX6Bs88jnELPe"},"_isSystemFontUsed":false,"_N$verticalAlign":1},{"__type__":"cc.Node","_name":"label loading","_parent":{"__id__":7},"_level":2,"_components":[{"__id__":5},{"__type__":"cc.Widget","node":{"__id__":6},"alignMode":2,"_alignFlags":1,"_left":913.830625,"_right":548.2993749999999,"_top":-100,"_bottom":251.10000000000002,"_verticalCenter":73.86,"_originalWidth":97.87,"_originalHeight":50.4}],"_color":{"__type__":"cc.Color","r":228},"_contentSize":{"__type__":"cc.Size","width":288.88,"height":50.4},"_position":{"__type__":"cc.Vec3","y":92.8}},{"__type__":"cc.Node","_name":"New ProgressBar","_parent":{"__id__":2},"_children":[{"__id__":6},{"__id__":8}],"_level":1,"_components":[{"__type__":"cc.Sprite","node":{"__id__":7},"_materials":[{"__uuid__":"ecpdLyjvZBwrvm+cedCcQy"}],"_spriteFrame":{"__uuid__":"9e1CbKLodAvpncUqkYGjJW"},"_type":1,"_sizeMode":0},{"__id__":10},{"__type__":"cc.Widget","node":{"__id__":7},"_alignFlags":4,"_bottom":250}],"_contentSize":{"__type__":"cc.Size","width":831,"height":36},"_position":{"__type__":"cc.Vec3","y":-692}},{"__type__":"cc.Node","_name":"bar","_parent":{"__id__":7},"_components":[{"__id__":9}],"_contentSize":{"__type__":"cc.Size","height":36},"_anchorPoint":{"__type__":"cc.Vec2","y":0.5},"_position":{"__type__":"cc.Vec3","x":-416.5}},{"__type__":"cc.Sprite","node":{"__id__":8},"_materials":[{"__uuid__":"ecpdLyjvZBwrvm+cedCcQy"}],"_spriteFrame":{"__uuid__":"14M/oj5RRGybTne5oWPqWB"},"_type":1,"_sizeMode":0,"_fillRange":1},{"__type__":"cc.ProgressBar","node":{"__id__":7},"_N$totalLength":831,"_N$barSprite":{"__id__":9},"_N$progress":0},{"__type__":"cc.Node","_name":"New Sprite","_parent":{"__id__":2},"_level":1,"_components":[{"__type__":"cc.Sprite","node":{"__id__":11},"_materials":[{"__uuid__":"ecpdLyjvZBwrvm+cedCcQy"}],"_spriteFrame":{"__uuid__":"5di38N8PtDgpinvBJtnV3e"},"_sizeMode":0},{"__type__":"cc.Widget","node":{"__id__":11},"_alignFlags":45,"_originalWidth":40,"_originalHeight":36}],"_contentSize":{"__type__":"cc.Size","width":1080,"height":1920}}]]