[{"__type__":"cc.SpriteFrame","content":{"name":"loading","texture":"93D0YjxI5Af7swY8ppMu8r","rect":[0,0,197,59],"offset":[0,0],"originalSize":[197,59],"capInsets":[0,0,0,0]}},{"__type__":"cc.SpriteFrame","content":{"name":"bowl0","texture":"d1IjxZn7NG37s/PhFvQac9","rect":[0,0,233,66],"offset":[0,0],"originalSize":[233,66],"capInsets":[0,0,0,0]}},[{"__type__":"cc.SceneAsset","_name":"main","scene":{"__id__":1},"asyncLoadAssets":null},{"__type__":"cc.Scene","_name":"New Node","_children":[{"__id__":2}],"_active":false,"_anchorPoint":{"__type__":"cc.Vec2"},"autoReleaseAssets":false},{"__type__":"cc.Node","_name":"Canvas","_parent":{"__id__":1},"_children":[{"__id__":3},{"__id__":4},{"__id__":5},{"__id__":8}],"_level":1,"_components":[{"__type__":"cc.Canvas","node":{"__id__":2},"_designResolution":{"__type__":"cc.Size","width":1080,"height":1920},"_fitWidth":true,"_fitHeight":false},{"__type__":"cc.Widget","node":{"__id__":2},"_alignFlags":45}],"_contentSize":{"__type__":"cc.Size","width":1080,"height":1920},"_position":{"__type__":"cc.Vec3","x":540,"y":960},"_id":"84Tfh3ZIlHd7FoEZmKCZdo"},{"__type__":"cc.Node","_name":"Main Camera","_parent":{"__id__":2},"_components":[{"__type__":"cc.Camera","node":{"__id__":3},"_clearFlags":7,"_depth":-1}],"_position":{"__type__":"cc.Vec3","z":384.51527928029077}},{"__type__":"cc.Node","_name":"Background","_parent":{"__id__":2},"_components":[{"__type__":"cc.Sprite","node":{"__id__":4},"_materials":[{"__uuid__":"ecpdLyjvZBwrvm+cedCcQy"}],"_spriteFrame":{"__uuid__":"5di38N8PtDgpinvBJtnV3e"},"_sizeMode":0},{"__type__":"cc.Widget","node":{"__id__":4},"_alignFlags":45,"_originalWidth":100,"_originalHeight":100}],"_contentSize":{"__type__":"cc.Size","width":1080,"height":1920}},{"__type__":"cc.Node","_name":"GameManager","_parent":{"__id__":2},"_children":[{"__id__":6},{"__id__":7}],"_components":[{"__type__":"9c600A4QcdGe7E3WELFdLfg","node":{"__id__":5},"foodPrefabs":[{"__uuid__":"a9D1asotBGGY4CnPbyBt6J"},{"__uuid__":"abS0Lb6JZL9pvYSUYjVCOw"},{"__uuid__":"f9lIxacAdHQrnJPjq0UFPl"},{"__uuid__":"5cqk62SFRI47oqbJM/eURS"},{"__uuid__":"d7gZcRchVJEovFOmKb4o6C"},{"__uuid__":"be2CwiVDRP0bFCdsHV1Hmh"}],"closeEyeBowl":{"__uuid__":"f3xKKGK+NMOJbkBd6v13cc"},"openEyeBowl":{"__uuid__":"29KIAddgxB8obhlfZqU8/q"},"bowl":{"__id__":7},"foods":{"__id__":6}}]},{"__type__":"cc.Node","_name":"foods","_parent":{"__id__":5}},{"__type__":"cc.Node","_name":"bowl","_parent":{"__id__":5},"_active":false,"_components":[{"__type__":"cc.Sprite","node":{"__id__":7},"_materials":[{"__uuid__":"ecpdLyjvZBwrvm+cedCcQy"}],"_spriteFrame":{"__uuid__":"29KIAddgxB8obhlfZqU8/q"}},{"__type__":"cc.RigidBody","node":{"__id__":7},"_type":0},{"__type__":"cc.PhysicsPolygonCollider","node":{"__id__":7},"_friction":0.4,"points":[{"__type__":"cc.Vec2","x":-118.2,"y":18.9},{"__type__":"cc.Vec2","x":-74.4,"y":-12.7},{"__type__":"cc.Vec2","x":-11.9,"y":-32.2},{"__type__":"cc.Vec2","x":60.4,"y":-21.4},{"__type__":"cc.Vec2","x":114.8,"y":15.1},{"__type__":"cc.Vec2","x":114.8,"y":29.2},{"__type__":"cc.Vec2","x":104.9,"y":31.7},{"__type__":"cc.Vec2","x":106.4,"y":17.5},{"__type__":"cc.Vec2","x":69,"y":-8.6},{"__type__":"cc.Vec2","x":32.7,"y":-21},{"__type__":"cc.Vec2","x":-26,"y":-21.4},{"__type__":"cc.Vec2","x":-56.9,"y":-10.7},{"__type__":"cc.Vec2","x":-84.9,"y":3.5},{"__type__":"cc.Vec2","x":-109.5,"y":22.4},{"__type__":"cc.Vec2","x":-109.9,"y":32.3},{"__type__":"cc.Vec2","x":-115.9,"y":32.3}]}],"_contentSize":{"__type__":"cc.Size","width":233,"height":66},"groupIndex":2},{"__type__":"cc.Node","_name":"UIManager","_parent":{"__id__":2},"_children":[{"__id__":9}],"_components":[{"__type__":"21d71XWoChB0IMWHPTBDfBL","node":{"__id__":8},"controlPanelPrefab":{"__uuid__":"5fllsB28FITJOYvRzhAbEi"},"startMenuPrefab":{"__uuid__":"2e5TICHL5AdZ4IrZh3OoMR"},"levelInfoPrefab":{"__uuid__":"0as6IOWJ1JWJfNiisY0PIK"},"levelSelectPrefab":{"__uuid__":"bd0vAVHPxDy67Po38lv0tN"},"winPanelPrefab":{"__uuid__":"786fNWC91KIK3PAsjyvKoU"},"lossPanelPrefab":{"__uuid__":"e5OarKFhVPFI2JgZh4E4zr"}}],"_contentSize":{"__type__":"cc.Size","width":1080,"height":1920}},{"__type__":"cc.Node","_name":"loading","_parent":{"__id__":8},"_components":[{"__type__":"cc.Sprite","node":{"__id__":9},"_materials":[{"__uuid__":"ecpdLyjvZBwrvm+cedCcQy"}],"_spriteFrame":{"__uuid__":"13pfLI4uxKvICC/mmNJQEx"}}],"_contentSize":{"__type__":"cc.Size","width":197,"height":59}}],{"__type__":"cc.SpriteFrame","content":{"name":"uiBk","texture":"b126bSJjJIqoqEBkGR7BEs","rect":[0,0,100,100],"offset":[0,0],"originalSize":[100,100],"capInsets":[0,0,0,0]}},{"__type__":"cc.SpriteFrame","content":{"name":"bowl1","texture":"c7WkJFUPlO3o2cFcdtLImZ","rect":[0,0,233,66],"offset":[0,0],"originalSize":[233,66],"capInsets":[0,0,0,0]}}]