{"importBase":"import","nativeBase":"native","name":"main","deps":[],"uuids":["13419113b","1cfVgBIvtFa4wapjHrXpAN","24KdfgIRBF4aHEQ4r0Vl6v","87hSi/wVlJXao2X9iW/R3o","91XUqvRPNFJr5w0P7Ox3f+","baIUdvKGZPgZxNbjWTFuRI","bcSOMSyGZCELfwe7PvCNBc","dew77OIkRMRa0WxgHnJ1QF","fdjsU2o1RKF5x0TziDw3jI","03419113b","04d4e27ff","0a2becbe8","0b679e8d0","0fR2C5375Hkq3RCcYKL14J@f9941","13419113b@6c48a","1cfVgBIvtFa4wapjHrXpAN@6c48a","1cfVgBIvtFa4wapjHrXpAN@f9941","69auESftVD55aL8pnnOc0n@f9941","9cTNDtNA1Dxpwt3Bn3bqiU@f9941","bcSOMSyGZCELfwe7PvCNBc@6c48a","bcSOMSyGZCELfwe7PvCNBc@f9941","c9ge4Y4GtL87P++Ej4LAnu@f9941"],"paths":{"5":["db:/internal/physics/default-physics-material",1],"8":["db:/internal/default_renderpipeline/builtin-forward",0]},"scenes":{"db://assets/Loading/Loading.scene":3,"db://assets/Loading/MainScene.scene":7},"packs":{"03419113b":["13","17","18","21"],"04d4e27ff":["1","0","6"],"0a2becbe8":["15","14","19"],"0b679e8d0":["16","2","3","4","20"]},"versions":{"import":[9,"03559",10,"536dc",11,"5da08",12,"eea41",5,"8bce7",7,"06d1f",8,"731f4"],"native":[0,"791f9",1,"9d6c7",6,"366b2",2,"46526",4,"f55e6"]},"redirect":[],"debug":false,"extensionMap":{},"hasPreloadScript":true,"types":["cc.RenderPipeline","cc.PhysicsMaterial"],"encrypted":true}
