[{"__type__":"cc.SpriteFrame","content":{"name":"uiTitle","texture":"61X0jM14NADookmrt9YaDg","rect":[0,0,502,105],"offset":[0,0],"originalSize":[502,105],"capInsets":[0,0,0,0]}},{"__type__":"cc.SpriteFrame","content":{"name":"uiBk","texture":"b126bSJjJIqoqEBkGR7BEs","rect":[0,0,100,100],"offset":[0,0],"originalSize":[100,100],"capInsets":[0,0,0,0]}},{"__type__":"cc.SpriteFrame","content":{"name":"uiMidImg","texture":"d25g7x8HNMNZKEEJ5IN5+4","rect":[0,0,388,216],"offset":[0,0],"originalSize":[388,216],"capInsets":[0,0,0,0]}},[{"__type__":"cc.SceneAsset","_name":"loading","scene":{"__id__":1},"asyncLoadAssets":null},{"__type__":"cc.Scene","_name":"New Node","_children":[{"__id__":2}],"_anchorPoint":{"__type__":"cc.Vec2"},"autoReleaseAssets":false},{"__type__":"cc.Node","_name":"Canvas","_parent":{"__id__":1},"_children":[{"__id__":3},{"__id__":4}],"_components":[{"__type__":"cc.Canvas","node":{"__id__":2},"_designResolution":{"__type__":"cc.Size","width":1080,"height":1920},"_fitWidth":true,"_fitHeight":false},{"__type__":"c9b4fKA6fNA859XDu3G+lmC","node":{"__id__":2},"label":{"__id__":6}}],"_contentSize":{"__type__":"cc.Size","width":1080,"height":1920},"_position":{"__type__":"cc.Vec3","x":540,"y":960},"_id":"15m8sjzhRFqKGWhM6zVPTv"},{"__type__":"cc.Node","_name":"Main Camera","_parent":{"__id__":2},"_level":1,"_components":[{"__type__":"cc.Camera","node":{"__id__":3},"_clearFlags":7,"_depth":-1}],"_position":{"__type__":"cc.Vec3","z":1662.7687752661222}},{"__type__":"cc.Node","_name":"New Sprite","_parent":{"__id__":2},"_children":[{"__id__":5},{"__id__":7}],"_level":1,"_components":[{"__type__":"cc.Sprite","node":{"__id__":4},"_materials":[{"__uuid__":"ecpdLyjvZBwrvm+cedCcQy"}],"_spriteFrame":{"__uuid__":"5di38N8PtDgpinvBJtnV3e"},"_sizeMode":0},{"__type__":"cc.Widget","node":{"__id__":4},"_alignFlags":45,"_originalWidth":40,"_originalHeight":36}],"_contentSize":{"__type__":"cc.Size","width":1080,"height":1920}},{"__type__":"cc.Node","_name":"New Label","_parent":{"__id__":4},"_level":2,"_components":[{"__id__":6},{"__type__":"cc.Widget","node":{"__id__":5},"_alignFlags":4,"_bottom":287.79999999999995}],"_color":{"__type__":"cc.Color","r":5,"g":5,"b":5},"_contentSize":{"__type__":"cc.Size","width":356.72,"height":100.8},"_position":{"__type__":"cc.Vec3","y":-621.8000000000001}},{"__type__":"cc.Label","node":{"__id__":5},"_materials":[{"__uuid__":"ecpdLyjvZBwrvm+cedCcQy"}],"_useOriginalSize":false,"_string":"Loading","_N$string":"Loading","_fontSize":80,"_lineHeight":80,"_N$file":{"__uuid__":"1bMUL9XNhMX6Bs88jnELPe"},"_isSystemFontUsed":false,"_N$horizontalAlign":1,"_N$verticalAlign":1},{"__type__":"cc.Node","_name":"StartMenu","_parent":{"__id__":4},"_children":[{"__id__":8},{"__id__":9},{"__id__":10}],"_level":2,"_components":[{"__type__":"cc.Widget","node":{"__id__":7},"_alignFlags":45}],"_prefab":{"__type__":"cc.PrefabInfo","root":{"__id__":7},"asset":{"__uuid__":"2e5TICHL5AdZ4IrZh3OoMR"},"fileId":"769LMWiRFH/5ijX2H9pLy5"},"_contentSize":{"__type__":"cc.Size","width":1080,"height":1920}},{"__type__":"cc.Node","_name":"uiTitle","_parent":{"__id__":7},"_active":false,"_components":[{"__type__":"cc.Sprite","node":{"__id__":8},"_materials":[{"__uuid__":"ecpdLyjvZBwrvm+cedCcQy"}],"_spriteFrame":{"__uuid__":"3enC55FNtIk6DqlnjIN/tn"},"_sizeMode":2,"_isTrimmedMode":false},{"__type__":"cc.Widget","node":{"__id__":8},"_alignFlags":18,"_left":-251,"_right":-251,"_top":-52.5,"_bottom":-52.5,"_verticalCenter":371.788,"_originalWidth":502,"_originalHeight":105}],"_prefab":{"__type__":"cc.PrefabInfo","root":{"__id__":7},"asset":{"__uuid__":"2e5TICHL5AdZ4IrZh3OoMR"},"fileId":"cbW3q/7HxOfKULwX8eOS+c"},"_contentSize":{"__type__":"cc.Size","width":502,"height":105},"_position":{"__type__":"cc.Vec3","y":371.788}},{"__type__":"cc.Node","_name":"uiMidImg","_parent":{"__id__":7},"_components":[{"__type__":"cc.Sprite","node":{"__id__":9},"_materials":[{"__uuid__":"ecpdLyjvZBwrvm+cedCcQy"}],"_spriteFrame":{"__uuid__":"a70PmhpUxDI4IQpIM8s8R4"}},{"__type__":"cc.Widget","node":{"__id__":9},"_alignFlags":18}],"_prefab":{"__type__":"cc.PrefabInfo","root":{"__id__":7},"asset":{"__uuid__":"2e5TICHL5AdZ4IrZh3OoMR"},"fileId":"38+KgyBtZKqp0xrKctmgso"},"_contentSize":{"__type__":"cc.Size","width":388,"height":216}},{"__type__":"cc.Node","_name":"New Label","_parent":{"__id__":7},"_active":false,"_level":2,"_components":[{"__type__":"cc.Label","node":{"__id__":10},"_materials":[{"__uuid__":"ecpdLyjvZBwrvm+cedCcQy"}],"_useOriginalSize":false,"_string":"Don't\n Leave \nThe Bowl","_N$string":"Don't\n Leave \nThe Bowl","_fontSize":120,"_lineHeight":130,"_N$file":{"__uuid__":"1bMUL9XNhMX6Bs88jnELPe"},"_isSystemFontUsed":false,"_N$horizontalAlign":1,"_N$verticalAlign":1,"_N$overflow":1},{"__type__":"cc.Widget","node":{"__id__":10},"_top":400},{"__type__":"cc.LabelOutline","node":{"__id__":10},"_enabled":false,"_color":{"__type__":"cc.Color","r":255,"g":165},"_width":2.9999999999999987},{"__type__":"cc.LabelShadow","node":{"__id__":10},"_color":{"__type__":"cc.Color"},"_offset":{"__type__":"cc.Vec2","x":5,"y":-5},"_blur":0}],"_prefab":{"__type__":"cc.PrefabInfo","root":{"__id__":7},"asset":{"__uuid__":"2e5TICHL5AdZ4IrZh3OoMR"},"fileId":"3eoPQIXFFIOaOo54wBCX99"},"_color":{"__type__":"cc.Color","r":255,"g":165},"_contentSize":{"__type__":"cc.Size","width":800,"height":406},"_position":{"__type__":"cc.Vec3","y":398.746}}]]