[{"__type__":"cc.SpriteFrame","content":{"name":"controlRoundBk","texture":"d7AuAq745KsbL8BS7t9GCC","rect":[0,0,287,287],"offset":[0,0],"originalSize":[287,287],"capInsets":[0,0,0,0]}},[{"__type__":"cc.Prefab","_name":"ControlPanel","data":{"__id__":1},"asyncLoadAssets":true},{"__type__":"cc.Node","_name":"ControlPanel","_children":[{"__id__":2},{"__id__":4},{"__id__":5},{"__id__":6}],"_level":1,"_components":[{"__type__":"4e9d3QXIONDzKfZ2yCohjrg","node":{"__id__":1},"clickDownButton":{"__id__":6},"clickLeftButton":{"__id__":4},"clickRightButton":{"__id__":5},"panelBkNode":{"__id__":2},"panelMidNode":{"__id__":3}},{"__type__":"cc.Widget","node":{"__id__":1},"_alignFlags":45}],"_prefab":{"__type__":"cc.PrefabInfo","root":{"__id__":1},"asset":{"__uuid__":"5fllsB28FITJOYvRzhAbEi"},"fileId":"2bNVLsWQBJr58I8A0FaiAI"},"_contentSize":{"__type__":"cc.Size","width":1080,"height":1920},"_position":{"__type__":"cc.Vec3","x":540,"y":960}},{"__type__":"cc.Node","_name":"controlRoundBk","_parent":{"__id__":1},"_children":[{"__id__":3}],"_components":[{"__type__":"cc.Sprite","node":{"__id__":2},"_materials":[{"__uuid__":"ecpdLyjvZBwrvm+cedCcQy"}],"_spriteFrame":{"__uuid__":"35hebPewZNbIMnhMKqwVTd"}}],"_prefab":{"__type__":"cc.PrefabInfo","root":{"__id__":1},"asset":{"__uuid__":"5fllsB28FITJOYvRzhAbEi"},"fileId":"01PvYye2FOTpavBAdgzJdi"},"_contentSize":{"__type__":"cc.Size","width":287,"height":287},"_anchorPoint":{"__type__":"cc.Vec2","x":0.5,"y":0.485},"_position":{"__type__":"cc.Vec3","x":101.601,"y":-732.293}},{"__type__":"cc.Node","_name":"controlMidRound","_parent":{"__id__":2},"_components":[{"__type__":"cc.Sprite","node":{"__id__":3},"_materials":[{"__uuid__":"ecpdLyjvZBwrvm+cedCcQy"}],"_spriteFrame":{"__uuid__":"9bz9fg62RHBpqImBsZZr54"}}],"_prefab":{"__type__":"cc.PrefabInfo","root":{"__id__":1},"asset":{"__uuid__":"5fllsB28FITJOYvRzhAbEi"},"fileId":"f94igGE2pFBZeZ/yjecD+J"},"_contentSize":{"__type__":"cc.Size","width":98,"height":98}},{"__type__":"cc.Node","_name":"leftControl","_parent":{"__id__":1},"_components":[{"__type__":"cc.Sprite","node":{"__id__":4},"_materials":[{"__uuid__":"ecpdLyjvZBwrvm+cedCcQy"}],"_spriteFrame":{"__uuid__":"81famegEJHWrMO5uOy0SQ1"}}],"_prefab":{"__type__":"cc.PrefabInfo","root":{"__id__":1},"asset":{"__uuid__":"5fllsB28FITJOYvRzhAbEi"},"fileId":"29vzPa35FGBKPV1ni8jOYy"},"_contentSize":{"__type__":"cc.Size","width":100,"height":69},"_position":{"__type__":"cc.Vec3","x":-328.615,"y":-464.617}},{"__type__":"cc.Node","_name":"rightControl","_parent":{"__id__":1},"_components":[{"__type__":"cc.Sprite","node":{"__id__":5},"_materials":[{"__uuid__":"ecpdLyjvZBwrvm+cedCcQy"}],"_spriteFrame":{"__uuid__":"acwWO9McBC17fcwP6+ThqE"}}],"_prefab":{"__type__":"cc.PrefabInfo","root":{"__id__":1},"asset":{"__uuid__":"5fllsB28FITJOYvRzhAbEi"},"fileId":"30SEL5vPRMXofBr8FSdj5D"},"_contentSize":{"__type__":"cc.Size","width":100,"height":69},"_position":{"__type__":"cc.Vec3","x":348.793,"y":-467.499}},{"__type__":"cc.Node","_name":"controlDown","_parent":{"__id__":1},"_components":[{"__type__":"cc.Sprite","node":{"__id__":6},"_materials":[{"__uuid__":"ecpdLyjvZBwrvm+cedCcQy"}],"_srcBlendFactor":1,"_spriteFrame":{"__uuid__":"a1cjQ4dedABJRlSt7PwtTv"}}],"_prefab":{"__type__":"cc.PrefabInfo","root":{"__id__":1},"asset":{"__uuid__":"5fllsB28FITJOYvRzhAbEi"},"fileId":"32GuIEIfJGdKnBfbI/W0HE"},"_contentSize":{"__type__":"cc.Size","width":158,"height":158},"_position":{"__type__":"cc.Vec3","x":-171.181,"y":-731.223}}],{"__type__":"cc.SpriteFrame","content":{"name":"controlLeft","texture":"f5ygkaSHpMTa3wP4ZaQCfz","rect":[0,0,100,69],"offset":[0,0],"originalSize":[100,69],"capInsets":[0,0,0,0]}},{"__type__":"cc.SpriteFrame","content":{"name":"controlMidRound","texture":"7eS6uaQu5BwLL+JVeb9DDy","rect":[0,0,98,98],"offset":[0,0],"originalSize":[98,98],"capInsets":[0,0,0,0]}},{"__type__":"cc.SpriteFrame","content":{"name":"controlDown","texture":"37sWt6FuBM56vosTss14yH","rect":[0,0,158,158],"offset":[0,0],"originalSize":[158,158],"capInsets":[0,0,0,0]}},{"__type__":"cc.SpriteFrame","content":{"name":"controlRight","texture":"efLalUbdxK3JS9mkrZlj0i","rect":[0,0,100,69],"offset":[0,0],"originalSize":[100,69],"capInsets":[0,0,0,0]}}]