[[{"__type__":"cc.Prefab","_name":"StartMenu","data":{"__id__":1},"asyncLoadAssets":true},{"__type__":"cc.Node","_name":"StartMenu","_children":[{"__id__":2},{"__id__":3},{"__id__":4},{"__id__":7},{"__id__":10}],"_level":1,"_components":[{"__type__":"b2020uY3ERPdrUbsKOmZzXf","node":{"__id__":1},"isShowInit":true,"startButton":{"__id__":4},"levelSelectButton":{"__id__":7}},{"__type__":"cc.Widget","node":{"__id__":1},"_alignFlags":45}],"_prefab":{"__type__":"cc.PrefabInfo","root":{"__id__":1},"asset":{"__uuid__":"2e5TICHL5AdZ4IrZh3OoMR"},"fileId":"769LMWiRFH/5ijX2H9pLy5"},"_contentSize":{"__type__":"cc.Size","width":1080,"height":1920},"_position":{"__type__":"cc.Vec3","x":540,"y":960}},{"__type__":"cc.Node","_name":"uiTitle","_parent":{"__id__":1},"_active":false,"_components":[{"__type__":"cc.Sprite","node":{"__id__":2},"_materials":[{"__uuid__":"ecpdLyjvZBwrvm+cedCcQy"}],"_spriteFrame":{"__uuid__":"3enC55FNtIk6DqlnjIN/tn"},"_sizeMode":2,"_isTrimmedMode":false},{"__type__":"cc.Widget","node":{"__id__":2},"_alignFlags":18,"_left":-251,"_right":-251,"_top":-52.5,"_bottom":-52.5,"_verticalCenter":371.788,"_originalWidth":502,"_originalHeight":105}],"_prefab":{"__type__":"cc.PrefabInfo","root":{"__id__":1},"asset":{"__uuid__":"2e5TICHL5AdZ4IrZh3OoMR"},"fileId":"cbW3q/7HxOfKULwX8eOS+c"},"_contentSize":{"__type__":"cc.Size","width":502,"height":105},"_position":{"__type__":"cc.Vec3","y":371.788}},{"__type__":"cc.Node","_name":"uiMidImg","_parent":{"__id__":1},"_components":[{"__type__":"cc.Sprite","node":{"__id__":3},"_materials":[{"__uuid__":"ecpdLyjvZBwrvm+cedCcQy"}],"_spriteFrame":{"__uuid__":"a70PmhpUxDI4IQpIM8s8R4"}},{"__type__":"cc.Widget","node":{"__id__":3},"_alignFlags":18}],"_prefab":{"__type__":"cc.PrefabInfo","root":{"__id__":1},"asset":{"__uuid__":"2e5TICHL5AdZ4IrZh3OoMR"},"fileId":"38+KgyBtZKqp0xrKctmgso"},"_contentSize":{"__type__":"cc.Size","width":388,"height":216}},{"__type__":"cc.Node","_name":"uiBtnStart","_parent":{"__id__":1},"_children":[{"__id__":5},{"__id__":6}],"_components":[{"__type__":"cc.Sprite","node":{"__id__":4},"_materials":[{"__uuid__":"ecpdLyjvZBwrvm+cedCcQy"}],"_spriteFrame":{"__uuid__":"faNgcAl89MWJV0Nn2pPno+"}}],"_prefab":{"__type__":"cc.PrefabInfo","root":{"__id__":1},"asset":{"__uuid__":"2e5TICHL5AdZ4IrZh3OoMR"},"fileId":"6e131GjnJH1YYLsvIT9y8n"},"_contentSize":{"__type__":"cc.Size","width":296,"height":96},"_position":{"__type__":"cc.Vec3","y":-402.238}},{"__type__":"cc.Node","_name":"uiBtnImg","_parent":{"__id__":4},"_components":[{"__type__":"cc.Sprite","node":{"__id__":5},"_materials":[{"__uuid__":"ecpdLyjvZBwrvm+cedCcQy"}],"_spriteFrame":{"__uuid__":"cchglZqS5By7B9ftdQNhKM"}}],"_prefab":{"__type__":"cc.PrefabInfo","root":{"__id__":1},"asset":{"__uuid__":"2e5TICHL5AdZ4IrZh3OoMR"},"fileId":"f7SEVHGltDIol9OJbCYRY8"},"_contentSize":{"__type__":"cc.Size","width":92,"height":79},"_position":{"__type__":"cc.Vec3","x":-88.117}},{"__type__":"cc.Node","_name":"New Label","_parent":{"__id__":4},"_level":1,"_components":[{"__type__":"cc.Label","node":{"__id__":6},"_materials":[{"__uuid__":"ecpdLyjvZBwrvm+cedCcQy"}],"_useOriginalSize":false,"_string":"Start","_N$string":"Start","_fontSize":49.9,"_N$file":{"__uuid__":"1bMUL9XNhMX6Bs88jnELPe"},"_isSystemFontUsed":false,"_N$horizontalAlign":1,"_N$verticalAlign":1},{"__type__":"cc.LabelOutline","node":{"__id__":6},"_enabled":false,"_color":{"__type__":"cc.Color","r":36,"g":36,"b":36}}],"_prefab":{"__type__":"cc.PrefabInfo","root":{"__id__":1},"asset":{"__uuid__":"2e5TICHL5AdZ4IrZh3OoMR"},"fileId":"3chT9APR1MxoDlSmz4zgMf"},"_color":{"__type__":"cc.Color","r":36,"g":36,"b":36},"_contentSize":{"__type__":"cc.Size","width":161.73,"height":50.4},"_position":{"__type__":"cc.Vec3","x":49.566}},{"__type__":"cc.Node","_name":"uiBtnLevel","_parent":{"__id__":1},"_children":[{"__id__":8},{"__id__":9}],"_components":[{"__type__":"cc.Sprite","node":{"__id__":7},"_materials":[{"__uuid__":"ecpdLyjvZBwrvm+cedCcQy"}],"_spriteFrame":{"__uuid__":"faNgcAl89MWJV0Nn2pPno+"}}],"_prefab":{"__type__":"cc.PrefabInfo","root":{"__id__":1},"asset":{"__uuid__":"2e5TICHL5AdZ4IrZh3OoMR"},"fileId":"077NJEwKxF9YXXQ8dp/JdI"},"_contentSize":{"__type__":"cc.Size","width":296,"height":96},"_position":{"__type__":"cc.Vec3","y":-518.696}},{"__type__":"cc.Node","_name":"New Label copy","_parent":{"__id__":7},"_level":1,"_components":[{"__type__":"cc.Label","node":{"__id__":8},"_materials":[{"__uuid__":"ecpdLyjvZBwrvm+cedCcQy"}],"_useOriginalSize":false,"_string":"Level","_N$string":"Level","_fontSize":49.9,"_N$file":{"__uuid__":"1bMUL9XNhMX6Bs88jnELPe"},"_isSystemFontUsed":false,"_N$horizontalAlign":1,"_N$verticalAlign":1},{"__type__":"cc.LabelOutline","node":{"__id__":8},"_enabled":false,"_color":{"__type__":"cc.Color","r":36,"g":36,"b":36}}],"_prefab":{"__type__":"cc.PrefabInfo","root":{"__id__":1},"asset":{"__uuid__":"2e5TICHL5AdZ4IrZh3OoMR"},"fileId":"11iV0WgXxOr5Fo1vQWFFEU"},"_color":{"__type__":"cc.Color","r":36,"g":36,"b":36},"_contentSize":{"__type__":"cc.Size","width":156.74,"height":50.4},"_position":{"__type__":"cc.Vec3","x":52.816}},{"__type__":"cc.Node","_name":"New Sprite","_parent":{"__id__":7},"_level":1,"_components":[{"__type__":"cc.Sprite","node":{"__id__":9},"_materials":[{"__uuid__":"ecpdLyjvZBwrvm+cedCcQy"}],"_spriteFrame":{"__uuid__":"60V4LnIw5CEZo348T/pIim"}}],"_prefab":{"__type__":"cc.PrefabInfo","root":{"__id__":1},"asset":{"__uuid__":"2e5TICHL5AdZ4IrZh3OoMR"},"fileId":"19a9dVZAlApLguJTOxNxxN"},"_contentSize":{"__type__":"cc.Size","width":66,"height":58},"_position":{"__type__":"cc.Vec3","x":-86.308}},{"__type__":"cc.Node","_name":"New Label","_parent":{"__id__":1},"_level":2,"_components":[{"__type__":"cc.Label","node":{"__id__":10},"_materials":[{"__uuid__":"ecpdLyjvZBwrvm+cedCcQy"}],"_useOriginalSize":false,"_string":"Don't\n Leave \nThe Bowl","_N$string":"Don't\n Leave \nThe Bowl","_fontSize":120,"_lineHeight":130,"_N$file":{"__uuid__":"1bMUL9XNhMX6Bs88jnELPe"},"_isSystemFontUsed":false,"_N$horizontalAlign":1,"_N$verticalAlign":1,"_N$overflow":1},{"__type__":"cc.Widget","node":{"__id__":10},"_top":400},{"__type__":"cc.LabelOutline","node":{"__id__":10},"_enabled":false,"_color":{"__type__":"cc.Color","r":255,"g":165},"_width":2.9999999999999987},{"__type__":"cc.LabelShadow","node":{"__id__":10},"_color":{"__type__":"cc.Color"},"_offset":{"__type__":"cc.Vec2","x":5,"y":-5},"_blur":0}],"_prefab":{"__type__":"cc.PrefabInfo","root":{"__id__":1},"asset":{"__uuid__":"2e5TICHL5AdZ4IrZh3OoMR"},"fileId":"3eoPQIXFFIOaOo54wBCX99"},"_color":{"__type__":"cc.Color","r":255,"g":165},"_contentSize":{"__type__":"cc.Size","width":800,"height":406},"_position":{"__type__":"cc.Vec3","y":398.746}}],{"__type__":"cc.SpriteFrame","content":{"name":"uiTitle","texture":"61X0jM14NADookmrt9YaDg","rect":[0,0,502,105],"offset":[0,0],"originalSize":[502,105],"capInsets":[0,0,0,0]}},{"__type__":"cc.SpriteFrame","content":{"name":"Icon_MenuIcon01_List_s","texture":"2bXKOlJRZGoYCesHIIHfzj","rect":[0,0,66,58],"offset":[0,0],"originalSize":[66,58],"capInsets":[0,0,0,0]}},{"__type__":"cc.SpriteFrame","content":{"name":"uiMidImg","texture":"d25g7x8HNMNZKEEJ5IN5+4","rect":[0,0,388,216],"offset":[0,0],"originalSize":[388,216],"capInsets":[0,0,0,0]}},{"__type__":"cc.SpriteFrame","content":{"name":"uiBtnImg","texture":"17i3jKyZVJBbKeE0hNqi8y","rect":[0,0,92,79],"offset":[0,0],"originalSize":[92,79],"capInsets":[0,0,0,0]}},{"__type__":"cc.SpriteFrame","content":{"name":"uiBtnStart","texture":"4cZOMtaONHno7lkRuXLcZ9","rect":[0,0,296,96],"offset":[0,0],"originalSize":[296,96],"capInsets":[16,16,16,16]}}]