{"importBase":"import","nativeBase":"native","name":"main","deps":["internal"],"uuids":["07veRFOMFPB5DAQBjvGr/4","087OUfd/9NkLlWHtZdmm/S","35Osn2gFZA85Qj2f4zxpo3","4fszqPGbRLt7JpriKSzrei","6fAc9/gb9Kfr1dCvwZaWSA@b47c0@40c10","6fAc9/gb9Kfr1dCvwZaWSA@b47c0@74afd","6fAc9/gb9Kfr1dCvwZaWSA@b47c0@7d38f","6fAc9/gb9Kfr1dCvwZaWSA@b47c0@8fd34","6fAc9/gb9Kfr1dCvwZaWSA@b47c0@bb97f","6fAc9/gb9Kfr1dCvwZaWSA@b47c0@e9a6d","baIUdvKGZPgZxNbjWTFuRI","bcR+1551hJNYQq4NzNa1YB","d0MqyYBeFAkIi762QNy1/B@b47c0@40c10","d0MqyYBeFAkIi762QNy1/B@b47c0@74afd","d0MqyYBeFAkIi762QNy1/B@b47c0@7d38f","d0MqyYBeFAkIi762QNy1/B@b47c0@8fd34","d0MqyYBeFAkIi762QNy1/B@b47c0@bb97f","d0MqyYBeFAkIi762QNy1/B@b47c0@e9a6d","fdjsU2o1RKF5x0TziDw3jI","0120d91d6","0314e19c0","07404719a","087OUfd/9NkLlWHtZdmm/S@6c48a","087OUfd/9NkLlWHtZdmm/S@f9941","0f973589d","6fAc9/gb9Kfr1dCvwZaWSA@b47c0","7e2w/JeSNJq6X8c6q4VGNq","bcR+1551hJNYQq4NzNa1YB@6c48a","bcR+1551hJNYQq4NzNa1YB@f9941","d0MqyYBeFAkIi762QNy1/B@b47c0"],"paths":{"10":["db:/internal/physics/default-physics-material",1],"18":["db:/internal/default_renderpipeline/builtin-forward",0]},"scenes":{"db://assets/LoadScene/StartScene.scene":0,"db://assets/LoadScene/SceneLoader.scene":2},"packs":{"0120d91d6":["22","27"],"0314e19c0":["2","3"],"07404719a":["1","11"],"0f973589d":["0","23","25","4","5","6","7","8","9","26","28","29","12","13","14","15","16","17"]},"versions":{"import":[19,"74d16",20,"5ef83",21,"d8f07",24,"f2ec8",18,"731f4"],"native":[1,"be488",4,"6f2af",5,"459f6",6,"6a9df",7,"dabf1",8,"ea0b7",9,"9e658",11,"fe76c",12,"d8477",13,"66393",14,"a5757",15,"2b5b1",16,"8000e",17,"3645b",3,"5165c"]},"redirect":[10,"0"],"debug":false,"extensionMap":{},"hasPreloadScript":true,"types":["cc.RenderPipeline","cc.PhysicsMaterial"]}