{"importBase":"import","nativeBase":"native","name":"main","deps":[],"uuids":["066dddc18","87hSi/wVlJXao2X9iW/R3o","baIUdvKGZPgZxNbjWTFuRI","fdjsU2o1RKF5x0TziDw3jI","0fR2C5375Hkq3RCcYKL14J@f9941","13419113b","13419113b@6c48a","1cfVgBIvtFa4wapjHrXpAN","1cfVgBIvtFa4wapjHrXpAN@6c48a","1cfVgBIvtFa4wapjHrXpAN@f9941","24KdfgIRBF4aHEQ4r0Vl6v","65NAKk8phLKaXUiZLQXGgy","65NAKk8phLKaXUiZLQXGgy@6c48a","65NAKk8phLKaXUiZLQXGgy@f9941","69auESftVD55aL8pnnOc0n@f9941","91XUqvRPNFJr5w0P7Ox3f+","9cTNDtNA1Dxpwt3Bn3bqiU@f9941","c9ge4Y4GtL87P++Ej4LAnu@f9941"],"paths":{"2":["db:/internal/physics/default-physics-material",1],"3":["db:/internal/default_renderpipeline/builtin-forward",0]},"scenes":{"db://assets/Loading/Loading.scene":1},"packs":{"066dddc18":["4","5","6","7","8","9","10","11","12","13","14","1","15","16","2","17","3"]},"versions":{"import":[],"native":[]},"redirect":[],"debug":false,"extensionMap":{},"hasPreloadScript":true,"types":["cc.RenderPipeline","cc.PhysicsMaterial"]}