[{"__type__":"cc.SpriteFrame","content":{"name":"food4","texture":"27TeLBQ/1K+ak2by+kBN8h","rect":[0,0,272,328],"offset":[0,0],"originalSize":[272,328],"capInsets":[0,0,0,0]}},[{"__type__":"cc.Prefab","_name":"food4","data":{"__id__":1}},{"__type__":"cc.Node","_name":"food4","_components":[{"__type__":"cc.Sprite","node":{"__id__":1},"_materials":[{"__uuid__":"ecpdLyjvZBwrvm+cedCcQy"}],"_spriteFrame":{"__uuid__":"4eqvMFCRVL5KXL3FNQjdIw"}},{"__type__":"cc.RigidBody","node":{"__id__":1}},{"__type__":"cc.PhysicsPolygonCollider","node":{"__id__":1},"_friction":0.4,"points":[{"__type__":"cc.Vec2","x":-30,"y":164},{"__type__":"cc.Vec2","x":-39,"y":87},{"__type__":"cc.Vec2","x":-65,"y":157},{"__type__":"cc.Vec2","x":-92,"y":148},{"__type__":"cc.Vec2","x":-92,"y":85},{"__type__":"cc.Vec2","x":-131,"y":89},{"__type__":"cc.Vec2","x":-107,"y":28},{"__type__":"cc.Vec2","x":-136,"y":20},{"__type__":"cc.Vec2","x":-82,"y":-159},{"__type__":"cc.Vec2","x":80,"y":-160},{"__type__":"cc.Vec2","x":136,"y":21},{"__type__":"cc.Vec2","x":102,"y":26},{"__type__":"cc.Vec2","x":125,"y":110},{"__type__":"cc.Vec2","x":97,"y":110},{"__type__":"cc.Vec2","x":69,"y":43},{"__type__":"cc.Vec2","x":53,"y":150},{"__type__":"cc.Vec2","x":23,"y":153},{"__type__":"cc.Vec2","x":-3,"y":107}]}],"_prefab":{"__type__":"cc.PrefabInfo","root":{"__id__":1},"asset":{"__uuid__":"d7gZcRchVJEovFOmKb4o6C"},"fileId":"90n3x8HYRI2pja/1Fo09Z9"},"_contentSize":{"__type__":"cc.Size","width":272,"height":328},"groupIndex":1}]]