[{"__type__":"cc.SpriteFrame","content":{"name":"food3","texture":"399fSlCMhHlLOL28+jhAzK","rect":[0,0,247,203],"offset":[0,0],"originalSize":[247,203],"capInsets":[0,0,0,0]}},[{"__type__":"cc.Prefab","_name":"food3","data":{"__id__":1}},{"__type__":"cc.Node","_name":"food3","_components":[{"__type__":"cc.Sprite","node":{"__id__":1},"_materials":[{"__uuid__":"ecpdLyjvZBwrvm+cedCcQy"}],"_spriteFrame":{"__uuid__":"03/3nVKetILIxq06Xds98R"}},{"__type__":"cc.RigidBody","node":{"__id__":1}},{"__type__":"cc.PhysicsPolygonCollider","node":{"__id__":1},"_friction":0.4,"points":[{"__type__":"cc.Vec2","x":-7.5,"y":101.5},{"__type__":"cc.Vec2","x":-44.5,"y":75.5},{"__type__":"cc.Vec2","x":-104.5,"y":-12.5},{"__type__":"cc.Vec2","x":-123.5,"y":-54.5},{"__type__":"cc.Vec2","x":-115.5,"y":-84.5},{"__type__":"cc.Vec2","x":-86.5,"y":-99.5},{"__type__":"cc.Vec2","x":76.5,"y":-100.5},{"__type__":"cc.Vec2","x":106.5,"y":-93.5},{"__type__":"cc.Vec2","x":123.5,"y":-67.5},{"__type__":"cc.Vec2","x":113.5,"y":-27.5},{"__type__":"cc.Vec2","x":52.5,"y":64.5},{"__type__":"cc.Vec2","x":22.5,"y":95.5}]}],"_prefab":{"__type__":"cc.PrefabInfo","root":{"__id__":1},"asset":{"__uuid__":"5cqk62SFRI47oqbJM/eURS"},"fileId":"4797jx7ZJP1rrhMTUjscXG"},"_contentSize":{"__type__":"cc.Size","width":247,"height":203},"groupIndex":1}]]