[{"__type__":"cc.SpriteFrame","content":{"name":"BG","texture":"15RmDDsGpFzYKdx9rycf6E","rect":[0,0,1320,2868],"offset":[0,0],"originalSize":[1320,2868],"capInsets":[0,0,0,0]}},[{"__type__":"cc.SceneAsset","_name":"loading","scene":{"__id__":1},"asyncLoadAssets":null},{"__type__":"cc.Scene","_name":"New Node","_children":[{"__id__":2}],"_anchorPoint":{"__type__":"cc.Vec2"},"autoReleaseAssets":false},{"__type__":"cc.Node","_name":"Canvas","_parent":{"__id__":1},"_children":[{"__id__":3},{"__id__":4}],"_components":[{"__type__":"cc.Canvas","node":{"__id__":2},"_designResolution":{"__type__":"cc.Size","width":1080,"height":1920},"_fitWidth":true,"_fitHeight":false},{"__type__":"286acbV851GXa5ikuPYJhXd","node":{"__id__":2},"label":{"__id__":7}}],"_contentSize":{"__type__":"cc.Size","width":1080,"height":1920},"_position":{"__type__":"cc.Vec3","x":540,"y":960},"_id":"15m8sjzhRFqKGWhM6zVPTv"},{"__type__":"cc.Node","_name":"Main Camera","_parent":{"__id__":2},"_level":1,"_components":[{"__type__":"cc.Camera","node":{"__id__":3},"_clearFlags":7,"_depth":-1}],"_position":{"__type__":"cc.Vec3","z":274.5300529996671}},{"__type__":"cc.Node","_name":"New Sprite","_parent":{"__id__":2},"_children":[{"__id__":5},{"__id__":6}],"_level":1,"_components":[{"__type__":"cc.Sprite","node":{"__id__":4},"_materials":[{"__uuid__":"ecpdLyjvZBwrvm+cedCcQy"}],"_sizeMode":0},{"__type__":"cc.Widget","node":{"__id__":4},"_alignFlags":45,"_originalWidth":40,"_originalHeight":36}],"_contentSize":{"__type__":"cc.Size","width":1080,"height":1920}},{"__type__":"cc.Node","_name":"BG","_parent":{"__id__":4},"_level":2,"_components":[{"__type__":"cc.Sprite","node":{"__id__":5},"_materials":[{"__uuid__":"ecpdLyjvZBwrvm+cedCcQy"}],"_spriteFrame":{"__uuid__":"56mzHtS1xMq7+u4xE0zwC8"},"_sizeMode":0},{"__type__":"cc.Widget","node":{"__id__":5},"_alignFlags":45,"_originalWidth":1320,"_originalHeight":2868}],"_contentSize":{"__type__":"cc.Size","width":1080,"height":1920}},{"__type__":"cc.Node","_name":"New Label","_parent":{"__id__":4},"_level":2,"_components":[{"__id__":7},{"__type__":"cc.Widget","node":{"__id__":6},"_alignFlags":4,"_bottom":772.561}],"_color":{"__type__":"cc.Color","r":255,"g":219,"b":27},"_contentSize":{"__type__":"cc.Size","width":306.72,"height":100.8},"_position":{"__type__":"cc.Vec3","y":-137.03899999999996}},{"__type__":"cc.Label","node":{"__id__":6},"_materials":[{"__uuid__":"ecpdLyjvZBwrvm+cedCcQy"}],"_useOriginalSize":false,"_string":"Loading","_N$string":"Loading","_fontSize":80,"_lineHeight":80,"_N$file":{"__uuid__":"08qsiyJRZLqI5J68oFvsKG"},"_isSystemFontUsed":false,"_N$horizontalAlign":1,"_N$verticalAlign":1}]]