[{"__type__":"cc.SpriteFrame","content":{"name":"home 2","texture":"86BmQ7UkhD3pZGJCRth70J","rect":[0,0,396,396],"offset":[0,0],"originalSize":[396,396],"capInsets":[0,0,0,0]}},{"__type__":"cc.SpriteFrame","content":{"name":"winButton2","texture":"aaq8s05fVEA4BODoe0VWTk","rect":[0,0,110,110],"offset":[0,0],"originalSize":[110,110],"capInsets":[0,0,0,0]}},[{"__type__":"cc.Prefab","_name":"WinPanel","data":{"__id__":1}},{"__type__":"cc.Node","_name":"winPanel","_children":[{"__id__":2},{"__id__":3},{"__id__":5},{"__id__":6}],"_level":1,"_components":[{"__type__":"a32f6fyos9KHJqMUfwrOvd/","node":{"__id__":1},"nextLevelButton":{"__id__":6},"backToMenuButton":{"__id__":5}},{"__type__":"cc.Widget","node":{"__id__":1},"_alignFlags":45}],"_prefab":{"__type__":"cc.PrefabInfo","root":{"__id__":1},"asset":{"__uuid__":"786fNWC91KIK3PAsjyvKoU"},"fileId":"fdPZld6Q5He4/snSdtHMb8"},"_contentSize":{"__type__":"cc.Size","width":1080,"height":1920},"_position":{"__type__":"cc.Vec3","x":540,"y":960}},{"__type__":"cc.Node","_name":"bk","_parent":{"__id__":1},"_components":[{"__type__":"cc.Sprite","node":{"__id__":2},"_materials":[{"__uuid__":"ecpdLyjvZBwrvm+cedCcQy"}],"_spriteFrame":{"__uuid__":"a2MjXRFdtLlYQ5ouAFv/+R"},"_sizeMode":0},{"__type__":"cc.BlockInputEvents","node":{"__id__":2}},{"__type__":"cc.Widget","node":{"__id__":2},"_alignFlags":45,"_top":-540,"_bottom":-540,"_originalWidth":720,"_originalHeight":1280}],"_prefab":{"__type__":"cc.PrefabInfo","root":{"__id__":1},"asset":{"__uuid__":"786fNWC91KIK3PAsjyvKoU"},"fileId":"cfK720J45FMrZlLB+MUeSl"},"_opacity":80,"_color":{"__type__":"cc.Color"},"_contentSize":{"__type__":"cc.Size","width":1080,"height":3000}},{"__type__":"cc.Node","_name":"winPanel","_parent":{"__id__":1},"_children":[{"__id__":4}],"_components":[{"__type__":"cc.Sprite","node":{"__id__":3},"_materials":[{"__uuid__":"ecpdLyjvZBwrvm+cedCcQy"}],"_spriteFrame":{"__uuid__":"f9vhIJdG5Mz6vpPPBZps5W"},"_sizeMode":0}],"_prefab":{"__type__":"cc.PrefabInfo","root":{"__id__":1},"asset":{"__uuid__":"786fNWC91KIK3PAsjyvKoU"},"fileId":"f16WqEgclPJIF4sKPpdTXG"},"_contentSize":{"__type__":"cc.Size","width":924,"height":622.5}},{"__type__":"cc.Node","_name":"New Label","_parent":{"__id__":3},"_level":1,"_components":[{"__type__":"cc.Label","node":{"__id__":4},"_materials":[{"__uuid__":"ecpdLyjvZBwrvm+cedCcQy"}],"_useOriginalSize":false,"_string":"Pass!","_N$string":"Pass!","_fontSize":120,"_lineHeight":120,"_N$file":{"__uuid__":"1bMUL9XNhMX6Bs88jnELPe"},"_isSystemFontUsed":false,"_N$horizontalAlign":1,"_N$verticalAlign":1},{"__type__":"cc.LabelOutline","node":{"__id__":4},"_color":{"__type__":"cc.Color","g":143,"b":255},"_width":2},{"__type__":"cc.LabelShadow","node":{"__id__":4},"_color":{"__type__":"cc.Color","r":236,"g":235,"b":231},"_offset":{"__type__":"cc.Vec2","x":5,"y":-5},"_blur":5}],"_prefab":{"__type__":"cc.PrefabInfo","root":{"__id__":1},"asset":{"__uuid__":"786fNWC91KIK3PAsjyvKoU"},"fileId":"7cVMdLu69HSag9SpClGfNg"},"_color":{"__type__":"cc.Color","g":143,"b":255},"_contentSize":{"__type__":"cc.Size","width":376.12,"height":155.2},"_position":{"__type__":"cc.Vec3","x":67.728,"y":44.102}},{"__type__":"cc.Node","_name":"winButton1","_parent":{"__id__":1},"_components":[{"__type__":"cc.Sprite","node":{"__id__":5},"_materials":[{"__uuid__":"ecpdLyjvZBwrvm+cedCcQy"}],"_spriteFrame":{"__uuid__":"53hNiQcsRIKodsotXHegWQ"},"_sizeMode":0}],"_prefab":{"__type__":"cc.PrefabInfo","root":{"__id__":1},"asset":{"__uuid__":"786fNWC91KIK3PAsjyvKoU"},"fileId":"9f/xu+b+hJmYSOnPlY8JtQ"},"_contentSize":{"__type__":"cc.Size","width":130,"height":130},"_position":{"__type__":"cc.Vec3","x":-84.169,"y":-183.939}},{"__type__":"cc.Node","_name":"winButton2","_parent":{"__id__":1},"_components":[{"__type__":"cc.Sprite","node":{"__id__":6},"_materials":[{"__uuid__":"ecpdLyjvZBwrvm+cedCcQy"}],"_spriteFrame":{"__uuid__":"5epte8MMxDeL6P47lDmM+m"},"_sizeMode":0}],"_prefab":{"__type__":"cc.PrefabInfo","root":{"__id__":1},"asset":{"__uuid__":"786fNWC91KIK3PAsjyvKoU"},"fileId":"25OKga0INKKJ4bJnl+5HQp"},"_contentSize":{"__type__":"cc.Size","width":130,"height":130},"_position":{"__type__":"cc.Vec3","x":226.38,"y":-183.388}}],{"__type__":"cc.SpriteFrame","content":{"name":"default_sprite_splash","texture":"02delMVqdBD70a/HSD99FK","rect":[0,0,2,2],"offset":[0,0],"originalSize":[2,2],"capInsets":[0,0,0,0]}},{"__type__":"cc.SpriteFrame","content":{"name":"winPanel","texture":"8cG4d1zylA7bwoXOnKaqPy","rect":[0,0,616,415],"offset":[0,0],"originalSize":[616,415],"capInsets":[0,0,0,0]}}]