[{"__type__":"cc.SpriteFrame","content":{"name":"food0","texture":"1cU+7gfGxHsba4/8+CJviF","rect":[0,0,210,203],"offset":[0,0],"originalSize":[210,203],"capInsets":[0,0,0,0]}},[{"__type__":"cc.Prefab","_name":"food0","data":{"__id__":1}},{"__type__":"cc.Node","_name":"food0","_components":[{"__type__":"cc.Sprite","node":{"__id__":1},"_materials":[{"__uuid__":"ecpdLyjvZBwrvm+cedCcQy"}],"_spriteFrame":{"__uuid__":"97d/nriL1JSoGsi744Z1qd"}},{"__type__":"cc.RigidBody","node":{"__id__":1}},{"__type__":"cc.PhysicsPolygonCollider","node":{"__id__":1},"_friction":0.4,"points":[{"__type__":"cc.Vec2","x":-38,"y":101.5},{"__type__":"cc.Vec2","x":-74,"y":81.4},{"__type__":"cc.Vec2","x":-99.2,"y":77},{"__type__":"cc.Vec2","x":-106,"y":53.2},{"__type__":"cc.Vec2","x":-78.2,"y":1},{"__type__":"cc.Vec2","x":-40.5,"y":-45},{"__type__":"cc.Vec2","x":-9.5,"y":-71.7},{"__type__":"cc.Vec2","x":24.6,"y":-95.2},{"__type__":"cc.Vec2","x":64.3,"y":-98.7},{"__type__":"cc.Vec2","x":105,"y":-51.5},{"__type__":"cc.Vec2","x":94.1,"y":11.4},{"__type__":"cc.Vec2","x":74,"y":49.5},{"__type__":"cc.Vec2","x":21,"y":87.5}]}],"_prefab":{"__type__":"cc.PrefabInfo","root":{"__id__":1},"asset":{"__uuid__":"a9D1asotBGGY4CnPbyBt6J"},"fileId":"ebefyT9XpI+ZoFMDrF1T7t"},"_contentSize":{"__type__":"cc.Size","width":210,"height":203},"groupIndex":1}]]