[{"__type__":"cc.SpriteFrame","content":{"name":"loading_full color-02","texture":"ccX/YEq4VM9rfN3Kpdqm9o","rect":[0,0,1257,60],"offset":[0,0],"originalSize":[1257,60],"capInsets":[0,0,0,0]}},[{"__type__":"cc.SceneAsset","_name":"LoadScene","scene":{"__id__":1},"asyncLoadAssets":null},{"__type__":"cc.Scene","_name":"New Node","_children":[{"__id__":2}],"_anchorPoint":{"__type__":"cc.Vec2"},"autoReleaseAssets":false},{"__type__":"cc.Node","_name":"Canvas","_parent":{"__id__":1},"_children":[{"__id__":3},{"__id__":4},{"__id__":12},{"__id__":11},{"__id__":6}],"_components":[{"__type__":"cc.Canvas","node":{"__id__":2},"_designResolution":{"__type__":"cc.Size","width":1560,"height":720}}],"_contentSize":{"__type__":"cc.Size","width":1560,"height":720},"_position":{"__type__":"cc.Vec3","x":780,"y":360},"_id":"0eQsJHVsdBiYvBuG3KQXbH"},{"__type__":"cc.Node","_name":"Main Camera","_parent":{"__id__":2},"_level":1,"_components":[{"__type__":"cc.Camera","node":{"__id__":3},"_clearFlags":7,"_depth":-1}],"_position":{"__type__":"cc.Vec3","z":623.5382907247958}},{"__type__":"cc.Node","_name":"LoadGameController","_parent":{"__id__":2},"_level":1,"_components":[{"__type__":"89e3bULnINAO5LStk1zefH7","node":{"__id__":4},"loadingSprite":{"__id__":5},"loadingBar":{"__id__":9},"loadingLabel":{"__id__":10}}]},{"__type__":"cc.Sprite","node":{"__id__":6},"_materials":[{"__uuid__":"ecpdLyjvZBwrvm+cedCcQy"}],"_spriteFrame":{"__uuid__":"c05gKmGChJGp5MhW87ORzp"},"_type":1,"_sizeMode":0},{"__type__":"cc.Node","_name":"New ProgressBar","_parent":{"__id__":2},"_children":[{"__id__":7}],"_level":1,"_components":[{"__id__":5},{"__id__":9},{"__type__":"cc.Widget","node":{"__id__":6},"_alignFlags":18,"_left":480,"_verticalCenter":-253.939}],"_contentSize":{"__type__":"cc.Size","width":600,"height":29},"_position":{"__type__":"cc.Vec3","y":-253.939}},{"__type__":"cc.Node","_name":"bar","_parent":{"__id__":6},"_components":[{"__id__":8}],"_contentSize":{"__type__":"cc.Size","width":600,"height":29},"_anchorPoint":{"__type__":"cc.Vec2","y":0.5},"_position":{"__type__":"cc.Vec3","x":-300}},{"__type__":"cc.Sprite","node":{"__id__":7},"_materials":[{"__uuid__":"ecpdLyjvZBwrvm+cedCcQy"}],"_spriteFrame":{"__uuid__":"0a3sAvbEBPQ4LeWXlB6Upm"},"_type":3,"_sizeMode":0},{"__type__":"cc.ProgressBar","node":{"__id__":6},"_N$barSprite":{"__id__":8},"_N$mode":2,"_N$progress":0},{"__type__":"cc.Label","node":{"__id__":11},"_materials":[{"__uuid__":"ecpdLyjvZBwrvm+cedCcQy"}],"_useOriginalSize":false,"_N$file":{"__uuid__":"f8Mw+lhxdOHKEttKH5dxLE"},"_isSystemFontUsed":false,"_N$horizontalAlign":1,"_N$verticalAlign":1},{"__type__":"cc.Node","_name":"LbLoading","_parent":{"__id__":2},"_level":1,"_components":[{"__id__":10},{"__type__":"cc.Widget","node":{"__id__":11},"_alignFlags":4,"_bottom":131.399}],"_contentSize":{"__type__":"cc.Size","height":50.4},"_position":{"__type__":"cc.Vec3","y":-203.401}},{"__type__":"cc.Node","_name":"New Sprite","_parent":{"__id__":2},"_children":[{"__id__":13}],"_level":1,"_components":[{"__type__":"cc.Sprite","node":{"__id__":12},"_materials":[{"__uuid__":"ecpdLyjvZBwrvm+cedCcQy"}],"_spriteFrame":{"__uuid__":"b6Bv5IFn9CkqS6055/EAjN"},"_sizeMode":0}],"_color":{"__type__":"cc.Color","r":48,"g":148,"b":195},"_contentSize":{"__type__":"cc.Size","width":3000,"height":2000}},{"__type__":"cc.Node","_name":"New Sprite copy","_parent":{"__id__":12},"_level":2,"_components":[{"__type__":"cc.Sprite","node":{"__id__":13},"_materials":[{"__uuid__":"ecpdLyjvZBwrvm+cedCcQy"}],"_spriteFrame":{"__uuid__":"5c6txLgEpDU7kBjTFI0lGn"},"_sizeMode":0}],"_contentSize":{"__type__":"cc.Size","width":1027,"height":149},"_position":{"__type__":"cc.Vec3","y":71.132}}],{"__type__":"cc.SpriteFrame","content":{"name":"name","texture":"10BTxxRIFFCrEwx1c3eRL1","rect":[120,891,1779,252],"offset":[-14.5,7],"originalSize":[2048,2048],"capInsets":[0,0,0,0]}},{"__type__":"cc.SpriteFrame","content":{"name":"tile_casual","texture":"61xCsGE4lKfqcpidifUM5t","rect":[0,0,4,4],"offset":[0,0],"originalSize":[4,4],"capInsets":[0,0,0,0]}},{"__type__":"cc.SpriteFrame","content":{"name":"loading_empty bar","texture":"dfxqL6il5GRJkkjZaR7hpd","rect":[0,0,1257,59],"offset":[0,0],"originalSize":[1257,59],"capInsets":[0,0,0,0]}}]