[{"__type__":"cc.SpriteFrame","content":{"name":"food3","texture":"399fSlCMhHlLOL28+jhAzK","rect":[0,0,247,203],"offset":[0,0],"originalSize":[247,203],"capInsets":[0,0,0,0]}},{"__type__":"cc.SpriteFrame","content":{"name":"uiLevelItem","texture":"41qcheR3JKwK26kQx6lQPW","rect":[0,0,313,100],"offset":[0,0],"originalSize":[313,100],"capInsets":[0,0,0,0]}},{"__type__":"cc.SpriteFrame","content":{"name":"food4","texture":"27TeLBQ/1K+ak2by+kBN8h","rect":[0,0,272,328],"offset":[0,0],"originalSize":[272,328],"capInsets":[0,0,0,0]}},{"__type__":"cc.SpriteFrame","content":{"name":"food2","texture":"0dhQwMoJpMT5S7vfb67+ZY","rect":[0,0,154,177],"offset":[0,0],"originalSize":[154,177],"capInsets":[0,0,0,0]}},{"__type__":"cc.SpriteFrame","content":{"name":"food5","texture":"04mMtRCGdKoaOeNMBx18IF","rect":[0,0,301,265],"offset":[0,0],"originalSize":[301,265],"capInsets":[0,0,0,0]}},{"__type__":"cc.SpriteFrame","content":{"name":"food1","texture":"0dY+WAI8FLxZVpl1TU7Z2Q","rect":[0,0,175,160],"offset":[0,0],"originalSize":[175,160],"capInsets":[0,0,0,0]}},{"__type__":"cc.SpriteFrame","content":{"name":"food0","texture":"1cU+7gfGxHsba4/8+CJviF","rect":[0,0,210,203],"offset":[0,0],"originalSize":[210,203],"capInsets":[0,0,0,0]}},{"__type__":"cc.SpriteFrame","content":{"name":"uiBack","texture":"aeRlB7xidOyLdHTamtUsQK","rect":[0,0,140,44],"offset":[0,0],"originalSize":[140,44],"capInsets":[0,0,0,0]}},[{"__type__":"cc.Prefab","_name":"LevelSelect","data":{"__id__":1},"asyncLoadAssets":true},{"__type__":"cc.Node","_name":"LevelSelect","_children":[{"__id__":2},{"__id__":49}],"_level":1,"_components":[{"__type__":"a45fd8R6ZlOpa+KKxrv5kay","node":{"__id__":1},"backStartButton":{"__id__":49},"levelsRoot":{"__id__":2}},{"__type__":"cc.Widget","node":{"__id__":1},"_alignFlags":45}],"_prefab":{"__type__":"cc.PrefabInfo","root":{"__id__":1},"asset":{"__uuid__":"bd0vAVHPxDy67Po38lv0tN"},"fileId":"b4yBk/vhpGXKjwshyGqqPk"},"_contentSize":{"__type__":"cc.Size","width":1080,"height":1920},"_position":{"__type__":"cc.Vec3","x":540,"y":960}},{"__type__":"cc.Node","_name":"levels","_parent":{"__id__":1},"_children":[{"__id__":3},{"__id__":9},{"__id__":16},{"__id__":24},{"__id__":32},{"__id__":40}],"_components":[{"__type__":"cc.Layout","node":{"__id__":2},"_layoutSize":{"__type__":"cc.Size","width":600,"height":900},"_resize":1,"_N$layoutType":2}],"_prefab":{"__type__":"cc.PrefabInfo","root":{"__id__":1},"asset":{"__uuid__":"bd0vAVHPxDy67Po38lv0tN"},"fileId":"43GAddIUxL07Rg7tNX8Hwg"},"_contentSize":{"__type__":"cc.Size","width":600,"height":900}},{"__type__":"cc.Node","_name":"item","_parent":{"__id__":2},"_children":[{"__id__":4},{"__id__":8}],"_prefab":{"__type__":"cc.PrefabInfo","root":{"__id__":1},"asset":{"__uuid__":"bd0vAVHPxDy67Po38lv0tN"},"fileId":"55f4jyPoBE0pgExXx+qBgQ"},"_contentSize":{"__type__":"cc.Size","width":600,"height":150},"_position":{"__type__":"cc.Vec3","y":375}},{"__type__":"cc.Node","_name":"uiLevelItem","_parent":{"__id__":3},"_children":[{"__id__":5},{"__id__":6},{"__id__":7}],"_components":[{"__type__":"cc.Sprite","node":{"__id__":4},"_materials":[{"__uuid__":"ecpdLyjvZBwrvm+cedCcQy"}],"_spriteFrame":{"__uuid__":"05hU9nxnhKpZTv7DTi6y/Q"}}],"_prefab":{"__type__":"cc.PrefabInfo","root":{"__id__":1},"asset":{"__uuid__":"bd0vAVHPxDy67Po38lv0tN"},"fileId":"9evQcVLTRLqZ+Gi8ItKWJR"},"_contentSize":{"__type__":"cc.Size","width":313,"height":100}},{"__type__":"cc.Node","_name":"level","_parent":{"__id__":4},"_components":[{"__type__":"cc.Label","node":{"__id__":5},"_materials":[{"__uuid__":"ecpdLyjvZBwrvm+cedCcQy"}],"_useOriginalSize":false,"_string":"1","_N$string":"1","_fontSize":50,"_lineHeight":52,"_N$horizontalAlign":1,"_N$verticalAlign":1,"_N$cacheMode":1}],"_prefab":{"__type__":"cc.PrefabInfo","root":{"__id__":1},"asset":{"__uuid__":"bd0vAVHPxDy67Po38lv0tN"},"fileId":"771fVMTl5JLJUFwoE1bWlC"},"_color":{"__type__":"cc.Color"},"_contentSize":{"__type__":"cc.Size","width":27.81,"height":65.52},"_position":{"__type__":"cc.Vec3","x":-109}},{"__type__":"cc.Node","_name":"food2","_parent":{"__id__":4},"_components":[{"__type__":"cc.Sprite","node":{"__id__":6},"_materials":[{"__uuid__":"ecpdLyjvZBwrvm+cedCcQy"}],"_spriteFrame":{"__uuid__":"55ab+0n1BF0J84SzJSrD6h"},"_sizeMode":0}],"_prefab":{"__type__":"cc.PrefabInfo","root":{"__id__":1},"asset":{"__uuid__":"bd0vAVHPxDy67Po38lv0tN"},"fileId":"d2MfNOqwhEXaovlIj7zord"},"_contentSize":{"__type__":"cc.Size","width":51.3333333,"height":59},"_position":{"__type__":"cc.Vec3","x":10.472}},{"__type__":"cc.Node","_name":"food2","_parent":{"__id__":4},"_components":[{"__type__":"cc.Sprite","node":{"__id__":7},"_materials":[{"__uuid__":"ecpdLyjvZBwrvm+cedCcQy"}],"_spriteFrame":{"__uuid__":"55ab+0n1BF0J84SzJSrD6h"},"_sizeMode":0}],"_prefab":{"__type__":"cc.PrefabInfo","root":{"__id__":1},"asset":{"__uuid__":"bd0vAVHPxDy67Po38lv0tN"},"fileId":"202L95vsFEmrkzZVNKzfRs"},"_contentSize":{"__type__":"cc.Size","width":51.3333333,"height":59},"_position":{"__type__":"cc.Vec3","x":68.852}},{"__type__":"cc.Node","_name":"lock","_parent":{"__id__":3},"_components":[{"__type__":"cc.Label","node":{"__id__":8},"_materials":[{"__uuid__":"ecpdLyjvZBwrvm+cedCcQy"}],"_useOriginalSize":false,"_string":"Locked","_N$string":"Locked","_lineHeight":42,"_N$file":{"__uuid__":"1bMUL9XNhMX6Bs88jnELPe"},"_isSystemFontUsed":false,"_N$horizontalAlign":1,"_N$verticalAlign":1}],"_prefab":{"__type__":"cc.PrefabInfo","root":{"__id__":1},"asset":{"__uuid__":"bd0vAVHPxDy67Po38lv0tN"},"fileId":"bb02yB4q9M8r7iqql/X7mo"},"_color":{"__type__":"cc.Color"},"_contentSize":{"__type__":"cc.Size","width":165.6,"height":52.92},"_position":{"__type__":"cc.Vec3","x":-251.531,"y":-3.084}},{"__type__":"cc.Node","_name":"item","_parent":{"__id__":2},"_children":[{"__id__":10},{"__id__":15}],"_prefab":{"__type__":"cc.PrefabInfo","root":{"__id__":1},"asset":{"__uuid__":"bd0vAVHPxDy67Po38lv0tN"},"fileId":"81ANvIxbZDs620Ez5lyjTF"},"_contentSize":{"__type__":"cc.Size","width":600,"height":150},"_position":{"__type__":"cc.Vec3","y":225}},{"__type__":"cc.Node","_name":"uiLevelItem","_parent":{"__id__":9},"_children":[{"__id__":11},{"__id__":12},{"__id__":13},{"__id__":14}],"_components":[{"__type__":"cc.Sprite","node":{"__id__":10},"_materials":[{"__uuid__":"ecpdLyjvZBwrvm+cedCcQy"}],"_spriteFrame":{"__uuid__":"05hU9nxnhKpZTv7DTi6y/Q"}}],"_prefab":{"__type__":"cc.PrefabInfo","root":{"__id__":1},"asset":{"__uuid__":"bd0vAVHPxDy67Po38lv0tN"},"fileId":"84TEVTHGpIJLJrVtSDLyb5"},"_contentSize":{"__type__":"cc.Size","width":313,"height":100}},{"__type__":"cc.Node","_name":"level","_parent":{"__id__":10},"_components":[{"__type__":"cc.Label","node":{"__id__":11},"_materials":[{"__uuid__":"ecpdLyjvZBwrvm+cedCcQy"}],"_useOriginalSize":false,"_string":"2","_N$string":"2","_fontSize":50,"_lineHeight":52,"_N$horizontalAlign":1,"_N$verticalAlign":1,"_N$cacheMode":1}],"_prefab":{"__type__":"cc.PrefabInfo","root":{"__id__":1},"asset":{"__uuid__":"bd0vAVHPxDy67Po38lv0tN"},"fileId":"75nhnV0M5P75WAOtwcU9Sc"},"_color":{"__type__":"cc.Color"},"_contentSize":{"__type__":"cc.Size","width":27.81,"height":65.52},"_position":{"__type__":"cc.Vec3","x":-106.986}},{"__type__":"cc.Node","_name":"food0","_parent":{"__id__":10},"_components":[{"__type__":"cc.Sprite","node":{"__id__":12},"_materials":[{"__uuid__":"ecpdLyjvZBwrvm+cedCcQy"}],"_spriteFrame":{"__uuid__":"97d/nriL1JSoGsi744Z1qd"},"_sizeMode":0}],"_prefab":{"__type__":"cc.PrefabInfo","root":{"__id__":1},"asset":{"__uuid__":"bd0vAVHPxDy67Po38lv0tN"},"fileId":"b7Ju4h5j5OxJfUnUHmyWIo"},"_contentSize":{"__type__":"cc.Size","width":47.6666667,"height":43.1111111},"_position":{"__type__":"cc.Vec3","x":-9.234}},{"__type__":"cc.Node","_name":"food0","_parent":{"__id__":10},"_components":[{"__type__":"cc.Sprite","node":{"__id__":13},"_materials":[{"__uuid__":"ecpdLyjvZBwrvm+cedCcQy"}],"_spriteFrame":{"__uuid__":"97d/nriL1JSoGsi744Z1qd"},"_sizeMode":0}],"_prefab":{"__type__":"cc.PrefabInfo","root":{"__id__":1},"asset":{"__uuid__":"bd0vAVHPxDy67Po38lv0tN"},"fileId":"c9KOXRdkNBvKEF6TItmzi4"},"_contentSize":{"__type__":"cc.Size","width":47.6666667,"height":43.1111111},"_position":{"__type__":"cc.Vec3","x":41.553}},{"__type__":"cc.Node","_name":"food0","_parent":{"__id__":10},"_components":[{"__type__":"cc.Sprite","node":{"__id__":14},"_materials":[{"__uuid__":"ecpdLyjvZBwrvm+cedCcQy"}],"_spriteFrame":{"__uuid__":"97d/nriL1JSoGsi744Z1qd"},"_sizeMode":0}],"_prefab":{"__type__":"cc.PrefabInfo","root":{"__id__":1},"asset":{"__uuid__":"bd0vAVHPxDy67Po38lv0tN"},"fileId":"24v4UoVZpL5Icwx9tmY7Oz"},"_contentSize":{"__type__":"cc.Size","width":47.6666667,"height":43.1111111},"_position":{"__type__":"cc.Vec3","x":90.801}},{"__type__":"cc.Node","_name":"lock","_parent":{"__id__":9},"_components":[{"__type__":"cc.Label","node":{"__id__":15},"_materials":[{"__uuid__":"ecpdLyjvZBwrvm+cedCcQy"}],"_useOriginalSize":false,"_string":"Locked","_N$string":"Locked","_lineHeight":42,"_N$file":{"__uuid__":"1bMUL9XNhMX6Bs88jnELPe"},"_isSystemFontUsed":false,"_N$horizontalAlign":1,"_N$verticalAlign":1}],"_prefab":{"__type__":"cc.PrefabInfo","root":{"__id__":1},"asset":{"__uuid__":"bd0vAVHPxDy67Po38lv0tN"},"fileId":"50qAZsEIRBfYfGsBm8ubIL"},"_color":{"__type__":"cc.Color"},"_contentSize":{"__type__":"cc.Size","width":165.6,"height":52.92},"_position":{"__type__":"cc.Vec3","x":-247.551,"y":-3.084}},{"__type__":"cc.Node","_name":"item","_parent":{"__id__":2},"_children":[{"__id__":17},{"__id__":23}],"_prefab":{"__type__":"cc.PrefabInfo","root":{"__id__":1},"asset":{"__uuid__":"bd0vAVHPxDy67Po38lv0tN"},"fileId":"1a3cbhQlVHv7iff/zj8l+i"},"_contentSize":{"__type__":"cc.Size","width":600,"height":150},"_position":{"__type__":"cc.Vec3","y":75}},{"__type__":"cc.Node","_name":"uiLevelItem","_parent":{"__id__":16},"_children":[{"__id__":18},{"__id__":19},{"__id__":20},{"__id__":21},{"__id__":22}],"_components":[{"__type__":"cc.Sprite","node":{"__id__":17},"_materials":[{"__uuid__":"ecpdLyjvZBwrvm+cedCcQy"}],"_spriteFrame":{"__uuid__":"05hU9nxnhKpZTv7DTi6y/Q"}}],"_prefab":{"__type__":"cc.PrefabInfo","root":{"__id__":1},"asset":{"__uuid__":"bd0vAVHPxDy67Po38lv0tN"},"fileId":"cf1xCwrAlEV4NucFRgiC3N"},"_contentSize":{"__type__":"cc.Size","width":313,"height":100}},{"__type__":"cc.Node","_name":"level","_parent":{"__id__":17},"_components":[{"__type__":"cc.Label","node":{"__id__":18},"_materials":[{"__uuid__":"ecpdLyjvZBwrvm+cedCcQy"}],"_useOriginalSize":false,"_string":"3","_N$string":"3","_fontSize":50,"_lineHeight":52,"_N$horizontalAlign":1,"_N$verticalAlign":1,"_N$cacheMode":1}],"_prefab":{"__type__":"cc.PrefabInfo","root":{"__id__":1},"asset":{"__uuid__":"bd0vAVHPxDy67Po38lv0tN"},"fileId":"c7Ke7AyRNIj4oonS5RF0Po"},"_color":{"__type__":"cc.Color"},"_contentSize":{"__type__":"cc.Size","width":27.81,"height":65.52},"_position":{"__type__":"cc.Vec3","x":-106.968}},{"__type__":"cc.Node","_name":"food2","_parent":{"__id__":17},"_components":[{"__type__":"cc.Sprite","node":{"__id__":19},"_materials":[{"__uuid__":"ecpdLyjvZBwrvm+cedCcQy"}],"_spriteFrame":{"__uuid__":"55ab+0n1BF0J84SzJSrD6h"},"_sizeMode":0}],"_prefab":{"__type__":"cc.PrefabInfo","root":{"__id__":1},"asset":{"__uuid__":"bd0vAVHPxDy67Po38lv0tN"},"fileId":"afQqkgr+lNnJxhIrEsRL2c"},"_contentSize":{"__type__":"cc.Size","width":34.2222222,"height":39.3333333},"_position":{"__type__":"cc.Vec3","x":-24.685}},{"__type__":"cc.Node","_name":"food2","_parent":{"__id__":17},"_components":[{"__type__":"cc.Sprite","node":{"__id__":20},"_materials":[{"__uuid__":"ecpdLyjvZBwrvm+cedCcQy"}],"_spriteFrame":{"__uuid__":"55ab+0n1BF0J84SzJSrD6h"},"_sizeMode":0}],"_prefab":{"__type__":"cc.PrefabInfo","root":{"__id__":1},"asset":{"__uuid__":"bd0vAVHPxDy67Po38lv0tN"},"fileId":"364IbgCPBBqpoD077AlKwC"},"_contentSize":{"__type__":"cc.Size","width":34.2222222,"height":39.3333333},"_position":{"__type__":"cc.Vec3","x":16.992}},{"__type__":"cc.Node","_name":"food1","_parent":{"__id__":17},"_components":[{"__type__":"cc.Sprite","node":{"__id__":21},"_materials":[{"__uuid__":"ecpdLyjvZBwrvm+cedCcQy"}],"_spriteFrame":{"__uuid__":"92v/wxWoJAz5eLPgesirtq"},"_sizeMode":0}],"_prefab":{"__type__":"cc.PrefabInfo","root":{"__id__":1},"asset":{"__uuid__":"bd0vAVHPxDy67Po38lv0tN"},"fileId":"8eUwSckwJOPJN3BXCcG/Ju"},"_contentSize":{"__type__":"cc.Size","width":38.8888889,"height":35.5555555},"_position":{"__type__":"cc.Vec3","x":65.488}},{"__type__":"cc.Node","_name":"food1","_parent":{"__id__":17},"_components":[{"__type__":"cc.Sprite","node":{"__id__":22},"_materials":[{"__uuid__":"ecpdLyjvZBwrvm+cedCcQy"}],"_spriteFrame":{"__uuid__":"92v/wxWoJAz5eLPgesirtq"},"_sizeMode":0}],"_prefab":{"__type__":"cc.PrefabInfo","root":{"__id__":1},"asset":{"__uuid__":"bd0vAVHPxDy67Po38lv0tN"},"fileId":"314VYGqwBG05E8jKIQFvJ1"},"_contentSize":{"__type__":"cc.Size","width":38.8888889,"height":35.5555555},"_position":{"__type__":"cc.Vec3","x":111.559}},{"__type__":"cc.Node","_name":"lock","_parent":{"__id__":16},"_components":[{"__type__":"cc.Label","node":{"__id__":23},"_materials":[{"__uuid__":"ecpdLyjvZBwrvm+cedCcQy"}],"_useOriginalSize":false,"_string":"Locked","_N$string":"Locked","_lineHeight":42,"_N$file":{"__uuid__":"1bMUL9XNhMX6Bs88jnELPe"},"_isSystemFontUsed":false,"_N$horizontalAlign":1,"_N$verticalAlign":1}],"_prefab":{"__type__":"cc.PrefabInfo","root":{"__id__":1},"asset":{"__uuid__":"bd0vAVHPxDy67Po38lv0tN"},"fileId":"86T2cCfWtNcb9YQvpAEQrD"},"_color":{"__type__":"cc.Color"},"_contentSize":{"__type__":"cc.Size","width":165.6,"height":52.92},"_position":{"__type__":"cc.Vec3","x":-247.585,"y":-3.084}},{"__type__":"cc.Node","_name":"item","_parent":{"__id__":2},"_children":[{"__id__":25},{"__id__":31}],"_prefab":{"__type__":"cc.PrefabInfo","root":{"__id__":1},"asset":{"__uuid__":"bd0vAVHPxDy67Po38lv0tN"},"fileId":"93ZLjgXBJPrqqIFWyev4Yc"},"_contentSize":{"__type__":"cc.Size","width":600,"height":150},"_position":{"__type__":"cc.Vec3","y":-75}},{"__type__":"cc.Node","_name":"uiLevelItem","_parent":{"__id__":24},"_children":[{"__id__":26},{"__id__":27},{"__id__":28},{"__id__":29},{"__id__":30}],"_components":[{"__type__":"cc.Sprite","node":{"__id__":25},"_materials":[{"__uuid__":"ecpdLyjvZBwrvm+cedCcQy"}],"_spriteFrame":{"__uuid__":"05hU9nxnhKpZTv7DTi6y/Q"}}],"_prefab":{"__type__":"cc.PrefabInfo","root":{"__id__":1},"asset":{"__uuid__":"bd0vAVHPxDy67Po38lv0tN"},"fileId":"bdJu9X1mRFEoKdGItduRpD"},"_contentSize":{"__type__":"cc.Size","width":313,"height":100}},{"__type__":"cc.Node","_name":"level","_parent":{"__id__":25},"_components":[{"__type__":"cc.Label","node":{"__id__":26},"_materials":[{"__uuid__":"ecpdLyjvZBwrvm+cedCcQy"}],"_useOriginalSize":false,"_string":"4","_N$string":"4","_fontSize":50,"_lineHeight":52,"_N$horizontalAlign":1,"_N$verticalAlign":1,"_N$cacheMode":1}],"_prefab":{"__type__":"cc.PrefabInfo","root":{"__id__":1},"asset":{"__uuid__":"bd0vAVHPxDy67Po38lv0tN"},"fileId":"acZ9Uy1eRNDIe7nn7qL1Xq"},"_color":{"__type__":"cc.Color"},"_contentSize":{"__type__":"cc.Size","width":27.81,"height":65.52},"_position":{"__type__":"cc.Vec3","x":-107.889}},{"__type__":"cc.Node","_name":"food5","_parent":{"__id__":25},"_components":[{"__type__":"cc.Sprite","node":{"__id__":27},"_materials":[{"__uuid__":"ecpdLyjvZBwrvm+cedCcQy"}],"_spriteFrame":{"__uuid__":"65Y8cbrbRONLZL9IM9qmLf"},"_sizeMode":0}],"_prefab":{"__type__":"cc.PrefabInfo","root":{"__id__":1},"asset":{"__uuid__":"bd0vAVHPxDy67Po38lv0tN"},"fileId":"4eq7GnLdJIsY7mQ9hi8U08"},"_contentSize":{"__type__":"cc.Size","width":41.4666667,"height":35.3333333},"_position":{"__type__":"cc.Vec3","x":-28.284}},{"__type__":"cc.Node","_name":"food5","_parent":{"__id__":25},"_components":[{"__type__":"cc.Sprite","node":{"__id__":28},"_materials":[{"__uuid__":"ecpdLyjvZBwrvm+cedCcQy"}],"_spriteFrame":{"__uuid__":"65Y8cbrbRONLZL9IM9qmLf"},"_sizeMode":0}],"_prefab":{"__type__":"cc.PrefabInfo","root":{"__id__":1},"asset":{"__uuid__":"bd0vAVHPxDy67Po38lv0tN"},"fileId":"a4PtJIxfxBOanXGpSEEHwU"},"_contentSize":{"__type__":"cc.Size","width":41.4666667,"height":35.3333333},"_position":{"__type__":"cc.Vec3","x":23.074}},{"__type__":"cc.Node","_name":"food5","_parent":{"__id__":25},"_components":[{"__type__":"cc.Sprite","node":{"__id__":29},"_materials":[{"__uuid__":"ecpdLyjvZBwrvm+cedCcQy"}],"_spriteFrame":{"__uuid__":"65Y8cbrbRONLZL9IM9qmLf"},"_sizeMode":0}],"_prefab":{"__type__":"cc.PrefabInfo","root":{"__id__":1},"asset":{"__uuid__":"bd0vAVHPxDy67Po38lv0tN"},"fileId":"89nCQrZV9EjIX/hAQ5J6NP"},"_contentSize":{"__type__":"cc.Size","width":41.4666667,"height":35.3333333},"_position":{"__type__":"cc.Vec3","x":77.409}},{"__type__":"cc.Node","_name":"food5","_parent":{"__id__":25},"_components":[{"__type__":"cc.Sprite","node":{"__id__":30},"_materials":[{"__uuid__":"ecpdLyjvZBwrvm+cedCcQy"}],"_spriteFrame":{"__uuid__":"65Y8cbrbRONLZL9IM9qmLf"},"_sizeMode":0}],"_prefab":{"__type__":"cc.PrefabInfo","root":{"__id__":1},"asset":{"__uuid__":"bd0vAVHPxDy67Po38lv0tN"},"fileId":"2dZ+x3qiFCrLgkOJm62zKO"},"_contentSize":{"__type__":"cc.Size","width":41.4666667,"height":35.3333333},"_position":{"__type__":"cc.Vec3","x":127.279}},{"__type__":"cc.Node","_name":"lock","_parent":{"__id__":24},"_components":[{"__type__":"cc.Label","node":{"__id__":31},"_materials":[{"__uuid__":"ecpdLyjvZBwrvm+cedCcQy"}],"_useOriginalSize":false,"_string":"Locked","_N$string":"Locked","_lineHeight":42,"_N$file":{"__uuid__":"1bMUL9XNhMX6Bs88jnELPe"},"_isSystemFontUsed":false,"_N$horizontalAlign":1,"_N$verticalAlign":1}],"_prefab":{"__type__":"cc.PrefabInfo","root":{"__id__":1},"asset":{"__uuid__":"bd0vAVHPxDy67Po38lv0tN"},"fileId":"cfYzzVde1JEKHaO/ZsPxy/"},"_color":{"__type__":"cc.Color"},"_contentSize":{"__type__":"cc.Size","width":165.6,"height":52.92},"_position":{"__type__":"cc.Vec3","x":-246.703,"y":-3.084}},{"__type__":"cc.Node","_name":"item","_parent":{"__id__":2},"_children":[{"__id__":33},{"__id__":39}],"_prefab":{"__type__":"cc.PrefabInfo","root":{"__id__":1},"asset":{"__uuid__":"bd0vAVHPxDy67Po38lv0tN"},"fileId":"d0zbkjmXJDGJnfPX6zH6kv"},"_contentSize":{"__type__":"cc.Size","width":600,"height":150},"_position":{"__type__":"cc.Vec3","y":-225}},{"__type__":"cc.Node","_name":"uiLevelItem","_parent":{"__id__":32},"_children":[{"__id__":34},{"__id__":35},{"__id__":36},{"__id__":37},{"__id__":38}],"_components":[{"__type__":"cc.Sprite","node":{"__id__":33},"_materials":[{"__uuid__":"ecpdLyjvZBwrvm+cedCcQy"}],"_spriteFrame":{"__uuid__":"05hU9nxnhKpZTv7DTi6y/Q"}}],"_prefab":{"__type__":"cc.PrefabInfo","root":{"__id__":1},"asset":{"__uuid__":"bd0vAVHPxDy67Po38lv0tN"},"fileId":"b7Z6jXR6BHZrTcpE9WEiiq"},"_contentSize":{"__type__":"cc.Size","width":313,"height":100}},{"__type__":"cc.Node","_name":"level","_parent":{"__id__":33},"_components":[{"__type__":"cc.Label","node":{"__id__":34},"_materials":[{"__uuid__":"ecpdLyjvZBwrvm+cedCcQy"}],"_useOriginalSize":false,"_string":"5","_N$string":"5","_fontSize":50,"_lineHeight":52,"_N$horizontalAlign":1,"_N$verticalAlign":1,"_N$cacheMode":1}],"_prefab":{"__type__":"cc.PrefabInfo","root":{"__id__":1},"asset":{"__uuid__":"bd0vAVHPxDy67Po38lv0tN"},"fileId":"20JLrgVSRJfZte+sdw99lz"},"_color":{"__type__":"cc.Color"},"_contentSize":{"__type__":"cc.Size","width":27.81,"height":65.52},"_position":{"__type__":"cc.Vec3","x":-115}},{"__type__":"cc.Node","_name":"food4","_parent":{"__id__":33},"_components":[{"__type__":"cc.Sprite","node":{"__id__":35},"_materials":[{"__uuid__":"ecpdLyjvZBwrvm+cedCcQy"}],"_spriteFrame":{"__uuid__":"4eqvMFCRVL5KXL3FNQjdIw"},"_sizeMode":0}],"_prefab":{"__type__":"cc.PrefabInfo","root":{"__id__":1},"asset":{"__uuid__":"bd0vAVHPxDy67Po38lv0tN"},"fileId":"efSe8YPoxGNJ9P43CAUWcZ"},"_contentSize":{"__type__":"cc.Size","width":45.3333333,"height":55.5},"_position":{"__type__":"cc.Vec3","x":-26.936}},{"__type__":"cc.Node","_name":"food4","_parent":{"__id__":33},"_components":[{"__type__":"cc.Sprite","node":{"__id__":36},"_materials":[{"__uuid__":"ecpdLyjvZBwrvm+cedCcQy"}],"_spriteFrame":{"__uuid__":"4eqvMFCRVL5KXL3FNQjdIw"},"_sizeMode":0}],"_prefab":{"__type__":"cc.PrefabInfo","root":{"__id__":1},"asset":{"__uuid__":"bd0vAVHPxDy67Po38lv0tN"},"fileId":"19QXMzi3JDprwWeAjhk0Wa"},"_contentSize":{"__type__":"cc.Size","width":45.3333333,"height":55.5},"_position":{"__type__":"cc.Vec3","x":22.975}},{"__type__":"cc.Node","_name":"food4","_parent":{"__id__":33},"_components":[{"__type__":"cc.Sprite","node":{"__id__":37},"_materials":[{"__uuid__":"ecpdLyjvZBwrvm+cedCcQy"}],"_spriteFrame":{"__uuid__":"4eqvMFCRVL5KXL3FNQjdIw"},"_sizeMode":0}],"_prefab":{"__type__":"cc.PrefabInfo","root":{"__id__":1},"asset":{"__uuid__":"bd0vAVHPxDy67Po38lv0tN"},"fileId":"b2v490hLtJppLf5SVTSCIM"},"_contentSize":{"__type__":"cc.Size","width":45.3333333,"height":55.5},"_position":{"__type__":"cc.Vec3","x":75.262}},{"__type__":"cc.Node","_name":"food4","_parent":{"__id__":33},"_components":[{"__type__":"cc.Sprite","node":{"__id__":38},"_materials":[{"__uuid__":"ecpdLyjvZBwrvm+cedCcQy"}],"_spriteFrame":{"__uuid__":"4eqvMFCRVL5KXL3FNQjdIw"},"_sizeMode":0}],"_prefab":{"__type__":"cc.PrefabInfo","root":{"__id__":1},"asset":{"__uuid__":"bd0vAVHPxDy67Po38lv0tN"},"fileId":"68oDHP/rlGm6qW61KEXhcR"},"_contentSize":{"__type__":"cc.Size","width":45.3333333,"height":55.5},"_position":{"__type__":"cc.Vec3","x":124.382}},{"__type__":"cc.Node","_name":"lock","_parent":{"__id__":32},"_components":[{"__type__":"cc.Label","node":{"__id__":39},"_materials":[{"__uuid__":"ecpdLyjvZBwrvm+cedCcQy"}],"_useOriginalSize":false,"_string":"Locked","_N$string":"Locked","_lineHeight":42,"_N$file":{"__uuid__":"1bMUL9XNhMX6Bs88jnELPe"},"_isSystemFontUsed":false,"_N$horizontalAlign":1,"_N$verticalAlign":1}],"_prefab":{"__type__":"cc.PrefabInfo","root":{"__id__":1},"asset":{"__uuid__":"bd0vAVHPxDy67Po38lv0tN"},"fileId":"961dE0el1B8L98BXSzLpnF"},"_color":{"__type__":"cc.Color"},"_contentSize":{"__type__":"cc.Size","width":165.6,"height":52.92},"_position":{"__type__":"cc.Vec3","x":-242.34,"y":-3.084}},{"__type__":"cc.Node","_name":"item","_parent":{"__id__":2},"_children":[{"__id__":41},{"__id__":48}],"_prefab":{"__type__":"cc.PrefabInfo","root":{"__id__":1},"asset":{"__uuid__":"bd0vAVHPxDy67Po38lv0tN"},"fileId":"b4JU5RJU5Bcb/q3RKQRafS"},"_contentSize":{"__type__":"cc.Size","width":600,"height":150},"_position":{"__type__":"cc.Vec3","y":-375}},{"__type__":"cc.Node","_name":"uiLevelItem","_parent":{"__id__":40},"_children":[{"__id__":42},{"__id__":43},{"__id__":44},{"__id__":45},{"__id__":46},{"__id__":47}],"_components":[{"__type__":"cc.Sprite","node":{"__id__":41},"_materials":[{"__uuid__":"ecpdLyjvZBwrvm+cedCcQy"}],"_spriteFrame":{"__uuid__":"05hU9nxnhKpZTv7DTi6y/Q"}}],"_prefab":{"__type__":"cc.PrefabInfo","root":{"__id__":1},"asset":{"__uuid__":"bd0vAVHPxDy67Po38lv0tN"},"fileId":"d9SLZGK/BFbIcabA6ZEUQM"},"_contentSize":{"__type__":"cc.Size","width":313,"height":100}},{"__type__":"cc.Node","_name":"level","_parent":{"__id__":41},"_components":[{"__type__":"cc.Label","node":{"__id__":42},"_materials":[{"__uuid__":"ecpdLyjvZBwrvm+cedCcQy"}],"_useOriginalSize":false,"_string":"6","_N$string":"6","_fontSize":50,"_lineHeight":52,"_N$horizontalAlign":1,"_N$verticalAlign":1,"_N$cacheMode":1}],"_prefab":{"__type__":"cc.PrefabInfo","root":{"__id__":1},"asset":{"__uuid__":"bd0vAVHPxDy67Po38lv0tN"},"fileId":"5fngWLZHZFubPZdI5ePeJj"},"_color":{"__type__":"cc.Color"},"_contentSize":{"__type__":"cc.Size","width":27.81,"height":65.52},"_position":{"__type__":"cc.Vec3","x":-111}},{"__type__":"cc.Node","_name":"food3","_parent":{"__id__":41},"_components":[{"__type__":"cc.Sprite","node":{"__id__":43},"_materials":[{"__uuid__":"ecpdLyjvZBwrvm+cedCcQy"}],"_spriteFrame":{"__uuid__":"03/3nVKetILIxq06Xds98R"},"_sizeMode":0}],"_prefab":{"__type__":"cc.PrefabInfo","root":{"__id__":1},"asset":{"__uuid__":"bd0vAVHPxDy67Po38lv0tN"},"fileId":"b6nw1cW7BJ/LEFJ/UcFuoH"},"_contentSize":{"__type__":"cc.Size","width":41.1666667,"height":33.8333333},"_position":{"__type__":"cc.Vec3","x":-33.982}},{"__type__":"cc.Node","_name":"food3","_parent":{"__id__":41},"_components":[{"__type__":"cc.Sprite","node":{"__id__":44},"_materials":[{"__uuid__":"ecpdLyjvZBwrvm+cedCcQy"}],"_spriteFrame":{"__uuid__":"03/3nVKetILIxq06Xds98R"},"_sizeMode":0}],"_prefab":{"__type__":"cc.PrefabInfo","root":{"__id__":1},"asset":{"__uuid__":"bd0vAVHPxDy67Po38lv0tN"},"fileId":"14ndzZ86tD9Kv1Wxa8RTsw"},"_contentSize":{"__type__":"cc.Size","width":41.1666667,"height":33.8333333},"_position":{"__type__":"cc.Vec3","x":7.629}},{"__type__":"cc.Node","_name":"food3","_parent":{"__id__":41},"_components":[{"__type__":"cc.Sprite","node":{"__id__":45},"_materials":[{"__uuid__":"ecpdLyjvZBwrvm+cedCcQy"}],"_spriteFrame":{"__uuid__":"03/3nVKetILIxq06Xds98R"},"_sizeMode":0}],"_prefab":{"__type__":"cc.PrefabInfo","root":{"__id__":1},"asset":{"__uuid__":"bd0vAVHPxDy67Po38lv0tN"},"fileId":"a3RPP8kC5G5K6wv2hk0VJL"},"_contentSize":{"__type__":"cc.Size","width":41.1666667,"height":33.8333333},"_position":{"__type__":"cc.Vec3","x":51.32}},{"__type__":"cc.Node","_name":"food3","_parent":{"__id__":41},"_components":[{"__type__":"cc.Sprite","node":{"__id__":46},"_materials":[{"__uuid__":"ecpdLyjvZBwrvm+cedCcQy"}],"_spriteFrame":{"__uuid__":"03/3nVKetILIxq06Xds98R"},"_sizeMode":0}],"_prefab":{"__type__":"cc.PrefabInfo","root":{"__id__":1},"asset":{"__uuid__":"bd0vAVHPxDy67Po38lv0tN"},"fileId":"d6br0zhIxBtoU2L/NaFVaU"},"_contentSize":{"__type__":"cc.Size","width":41.1666667,"height":33.8333333},"_position":{"__type__":"cc.Vec3","x":92.931}},{"__type__":"cc.Node","_name":"food3","_parent":{"__id__":41},"_components":[{"__type__":"cc.Sprite","node":{"__id__":47},"_materials":[{"__uuid__":"ecpdLyjvZBwrvm+cedCcQy"}],"_spriteFrame":{"__uuid__":"03/3nVKetILIxq06Xds98R"},"_sizeMode":0}],"_prefab":{"__type__":"cc.PrefabInfo","root":{"__id__":1},"asset":{"__uuid__":"bd0vAVHPxDy67Po38lv0tN"},"fileId":"e6WYhrmT5Nqb/OCI0wgGX0"},"_contentSize":{"__type__":"cc.Size","width":41.1666667,"height":33.8333333},"_position":{"__type__":"cc.Vec3","x":133.849}},{"__type__":"cc.Node","_name":"lock","_parent":{"__id__":40},"_components":[{"__type__":"cc.Label","node":{"__id__":48},"_materials":[{"__uuid__":"ecpdLyjvZBwrvm+cedCcQy"}],"_useOriginalSize":false,"_string":"Locked","_N$string":"Locked","_lineHeight":42,"_N$file":{"__uuid__":"1bMUL9XNhMX6Bs88jnELPe"},"_isSystemFontUsed":false,"_N$horizontalAlign":1,"_N$verticalAlign":1}],"_prefab":{"__type__":"cc.PrefabInfo","root":{"__id__":1},"asset":{"__uuid__":"bd0vAVHPxDy67Po38lv0tN"},"fileId":"946QfRG2VKu63z00HTpM0m"},"_color":{"__type__":"cc.Color"},"_contentSize":{"__type__":"cc.Size","width":165.6,"height":52.92},"_position":{"__type__":"cc.Vec3","x":-237.86,"y":-3.084}},{"__type__":"cc.Node","_name":"uiBack","_parent":{"__id__":1},"_components":[{"__type__":"cc.Sprite","node":{"__id__":49},"_materials":[{"__uuid__":"ecpdLyjvZBwrvm+cedCcQy"}],"_spriteFrame":{"__uuid__":"a8V8RvKBxIK50Q1op6CojS"}}],"_prefab":{"__type__":"cc.PrefabInfo","root":{"__id__":1},"asset":{"__uuid__":"bd0vAVHPxDy67Po38lv0tN"},"fileId":"007JZKu2lHbaR2iBAByMwp"},"_contentSize":{"__type__":"cc.Size","width":140,"height":44},"_position":{"__type__":"cc.Vec3","y":-512.113}}]]