[{"__type__":"cc.SpriteFrame","content":{"name":"logo","texture":"f2iAvPnWpE8q8pfviFOnHw","rect":[0,0,735,254],"offset":[0,0],"originalSize":[735,254],"capInsets":[0,0,0,0]}},[{"__type__":"cc.SceneAsset","_name":"LoadScene","scene":{"__id__":1},"asyncLoadAssets":null},{"__type__":"cc.Scene","_name":"New Node","_children":[{"__id__":2}],"_anchorPoint":{"__type__":"cc.Vec2"},"autoReleaseAssets":false},{"__type__":"cc.Node","_name":"Canvas","_parent":{"__id__":1},"_children":[{"__id__":3},{"__id__":4},{"__id__":12},{"__id__":13},{"__id__":6}],"_components":[{"__type__":"cc.Canvas","node":{"__id__":2},"_designResolution":{"__type__":"cc.Size","width":1560,"height":720}}],"_contentSize":{"__type__":"cc.Size","width":1560,"height":720},"_position":{"__type__":"cc.Vec3","x":780,"y":360},"_id":"0eQsJHVsdBiYvBuG3KQXbH"},{"__type__":"cc.Node","_name":"Main Camera","_parent":{"__id__":2},"_level":1,"_components":[{"__type__":"cc.Camera","node":{"__id__":3},"_clearFlags":7,"_depth":-1}],"_position":{"__type__":"cc.Vec3","z":623.5382907247958}},{"__type__":"cc.Node","_name":"LoadGameController","_parent":{"__id__":2},"_level":1,"_components":[{"__type__":"89e3bULnINAO5LStk1zefH7","node":{"__id__":4},"progressBar":{"__id__":5},"loadingLabel":{"__id__":11}}]},{"__type__":"cc.ProgressBar","node":{"__id__":6},"_N$totalLength":1102,"_N$barSprite":{"__id__":9},"_N$progress":0},{"__type__":"cc.Node","_name":"New ProgressBar","_parent":{"__id__":2},"_children":[{"__id__":7},{"__id__":8},{"__id__":10}],"_level":1,"_components":[{"__type__":"cc.Sprite","node":{"__id__":6},"_materials":[{"__uuid__":"ecpdLyjvZBwrvm+cedCcQy"}],"_spriteFrame":{"__uuid__":"4bhB/rxbpAW7dLNq1jvccd"},"_type":1},{"__id__":5},{"__type__":"cc.Widget","node":{"__id__":6},"_alignFlags":4,"_bottom":91}],"_color":{"__type__":"cc.Color","r":252,"g":222,"b":104},"_contentSize":{"__type__":"cc.Size","width":1113,"height":48},"_position":{"__type__":"cc.Vec3","y":-245}},{"__type__":"cc.Node","_name":"bar copy","_parent":{"__id__":6},"_level":2,"_components":[{"__type__":"cc.Sprite","node":{"__id__":7},"_materials":[{"__uuid__":"ecpdLyjvZBwrvm+cedCcQy"}],"_spriteFrame":{"__uuid__":"87Y3rQBMNPsJofvXfpuf2U"},"_type":1}],"_color":{"__type__":"cc.Color","r":41,"g":33,"b":33},"_contentSize":{"__type__":"cc.Size","width":1102,"height":38},"_anchorPoint":{"__type__":"cc.Vec2","y":0.5},"_position":{"__type__":"cc.Vec3","x":-551}},{"__type__":"cc.Node","_name":"bar","_parent":{"__id__":6},"_components":[{"__id__":9}],"_color":{"__type__":"cc.Color","r":255,"g":224},"_contentSize":{"__type__":"cc.Size","height":38},"_anchorPoint":{"__type__":"cc.Vec2","y":0.5},"_position":{"__type__":"cc.Vec3","x":-551}},{"__type__":"cc.Sprite","node":{"__id__":8},"_materials":[{"__uuid__":"ecpdLyjvZBwrvm+cedCcQy"}],"_spriteFrame":{"__uuid__":"87Y3rQBMNPsJofvXfpuf2U"},"_type":2,"_sizeMode":0,"_fillStart":-1,"_fillRange":1},{"__type__":"cc.Node","_name":"LbLoading","_parent":{"__id__":6},"_level":2,"_components":[{"__id__":11},{"__type__":"cc.Widget","node":{"__id__":10},"_alignFlags":4,"_bottom":-50}],"_contentSize":{"__type__":"cc.Size","width":1000,"height":50.4},"_position":{"__type__":"cc.Vec3","y":-48.8}},{"__type__":"cc.Label","node":{"__id__":10},"_materials":[{"__uuid__":"ecpdLyjvZBwrvm+cedCcQy"}],"_useOriginalSize":false,"_string":"Update","_N$string":"Update","_N$file":{"__uuid__":"f8SugbzoFLA7S4g2nXm5f4"},"_isSystemFontUsed":false,"_N$horizontalAlign":1,"_N$verticalAlign":1,"_N$overflow":1},{"__type__":"cc.Node","_name":"New Sprite","_parent":{"__id__":2},"_level":1,"_components":[{"__type__":"cc.Sprite","node":{"__id__":12},"_materials":[{"__uuid__":"ecpdLyjvZBwrvm+cedCcQy"}],"_spriteFrame":{"__uuid__":"a1IM0fAWdPeYVtW5mJC4l7"},"_sizeMode":0},{"__type__":"cc.Widget","node":{"__id__":12},"_enabled":false,"alignMode":2,"_alignFlags":45,"_originalWidth":1920,"_originalHeight":1080}],"_contentSize":{"__type__":"cc.Size","width":2690,"height":720}},{"__type__":"cc.Node","_name":"sprite","_parent":{"__id__":2},"_level":1,"_components":[{"__type__":"cc.Sprite","node":{"__id__":13},"_materials":[{"__uuid__":"ecpdLyjvZBwrvm+cedCcQy"}],"_spriteFrame":{"__uuid__":"18gldxTyRAuIg0kWw5WCna"}},{"__type__":"cc.Widget","node":{"__id__":13},"_alignFlags":18}],"_contentSize":{"__type__":"cc.Size","width":735,"height":254}}],{"__type__":"cc.SpriteFrame","content":{"name":"Polygon 1","texture":"d5pQrooBpOt4adQH7jr2Xx","rect":[0,0,1113,48],"offset":[0,0],"originalSize":[1113,48],"capInsets":[0,0,0,0]}},{"__type__":"cc.SpriteFrame","content":{"name":"Polygon 1 copy","texture":"62KYv3qoxBSKWFnSYvpK4p","rect":[0,0,1102,38],"offset":[0,0],"originalSize":[1102,38],"capInsets":[0,0,0,0]}},{"__type__":"cc.SpriteFrame","content":{"name":"back","texture":"03dnPAv5xCsYf/quctatUi","rect":[0,0,1920,1080],"offset":[0,0],"originalSize":[1920,1080],"capInsets":[0,0,0,0]}}]