[1,["91XUqvRPNFJr5w0P7Ox3f+","24KdfgIRBF4aHEQ4r0Vl6v","1cfVgBIvtFa4wapjHrXpAN@6c48a","1cfVgBIvtFa4wapjHrXpAN@f9941","bcSOMSyGZCELfwe7PvCNBc@f9941","9cTNDtNA1Dxpwt3Bn3bqiU@f9941","0fR2C5375Hkq3RCcYKL14J@f9941","c9ge4Y4GtL87P++Ej4LAnu@f9941","69auESftVD55aL8pnnOc0n@f9941","bcSOMSyGZCELfwe7PvCNBc@6c48a"],["node","_spriteFrame","_parent","_font","_textureSource","_cameraComponent","hotUpdate","scene","_barSprite"],[["cc.Node",["_name","_objFlags","_layer","_id","_components","_parent","_children","_lpos","_lscale"],-1,9,1,2,5,5],["cc.Widget",["_alignFlags","_left","_right","_originalWidth","_originalHeight","_bottom","_verticalCenter","_alignMode","node","_target"],-5,1,1],["cc.Node",["_name","_objFlags","_layer","_parent","_components","_lpos","_children","_lscale"],0,1,12,5,2,5],["cc.UITransform",["node","_contentSize","_anchorPoint"],3,1,5,5],["cc.Sprite",["_sizeMode","_type","node","_spriteFrame"],1,1,6],"cc.SpriteFrame",["cc.Node",["_name","_objFlags","_id","_parent","_components","_lpos"],0,1,2,5],["cc.Label",["_string","_horizontalAlign","_actualFontSize","_fontSize","_lineHeight","_isSystemFontUsed","_cacheMode","node","_color"],-4,1,5],["cc.TTFFont",["_name","_native"],1],["cc.SceneAsset",["_name"],2],["cc.Canvas",["node","_cameraComponent"],3,1,1],["cc.Scene",["_name","autoReleaseAssets","_children","_globals"],1,2,4],["cc.SceneGlobals",["ambient","shadows","_skybox","fog","octree","lightProbeInfo"],3,4,4,4,4,4,4],["cc.AmbientInfo",["_skyColorHDR","_groundAlbedoHDR"],3,5,5],["cc.ShadowsInfo",["_shadowColor","_size"],3,5,5],["cc.SkyboxInfo",[],3],["cc.FogInfo",[],3],["cc.OctreeInfo",[],3],["cc.LightProbeInfo",[],3],["cc.LabelOutline",["_width","node","_color"],2,1,5],["cc.ProgressBar",["_totalLength","_progress","node"],1,1],["e99a147vehJk5yv6DDN1Msd",["node","hotUpdate","progressBar","lbProgress"],3,1,1,1,1],["26a48SGBIFIVqOGyEhP4d/B",["node","lbVersion","lbInfo","lbMessage","progressBar","lbProgress"],3,1,1,1,1,1,1],["cc.Camera",["_projection","_orthoHeight","_near","_visibility","_color"],-1,5],["4f5aeeX+p5CL51WshoCuY2Y",["node","panel"],3,1,1],["27b7cewVU5EXKZgU3HSV+++",["version","node"],2,1]],[[3,0,1,1],[0,0,1,2,5,6,4,4],[2,0,1,2,3,4,5,7,4],[3,0,1],[4,2,3,1],[19,0,1,2,2],[7,0,1,2,3,4,5,6,7,8,8],[8,0,1,3],[3,0,1,2,1],[1,0,3,4,8,9,4],[4,0,2,3,2],[9,0,2],[0,0,1,2,3,6,4,7,5],[0,0,1,2,5,4,4],[0,0,1,2,4,7,8,4],[0,0,1,2,5,4,7,4],[0,0,1,2,6,4,7,8,4],[0,0,1,2,5,4,8,4],[0,0,1,2,5,6,4,7,4],[0,0,1,6,4,3],[0,0,1,3,5,6,4],[0,0,1,3,5,4,4],[2,0,1,2,3,6,4,5,7,4],[2,0,1,2,3,6,4,5,4],[2,0,1,2,3,6,4,4],[2,0,1,2,3,4,5,4],[6,0,1,2,3,4,5,4],[6,0,1,3,4,3],[10,0,1,1],[1,0,1,2,8,4],[1,0,1,5,8,9,4],[1,0,3,4,8,4],[1,0,6,8,9,3],[1,0,2,7,8,9,4],[11,0,1,2,3,3],[12,0,1,2,3,4,5,1],[13,0,1,1],[14,0,1,1],[15,1],[16,1],[17,1],[18,1],[4,1,0,2,3],[20,0,1,2,3],[7,0,1,2,3,4,5,6,7,8],[21,0,1,2,3,1],[22,0,1,2,3,4,5,1],[23,0,1,2,3,4,5],[24,0,1,1],[25,0,1,2]],[[[{"name":"BG_Game_1","rect":{"x":0,"y":0,"width":1280,"height":720},"offset":{"x":0,"y":0},"originalSize":{"width":1280,"height":720},"rotated":false,"capInsets":[0,0,0,0],"vertices":{"rawPosition":[-640,-360,0,640,-360,0,-640,360,0,640,360,0],"indexes":[0,1,2,2,1,3],"uv":[0,720,1280,720,0,0,1280,0],"nuv":[0,0,1,0,0,1,1,1],"minPos":{"x":-640,"y":-360,"z":0},"maxPos":{"x":640,"y":360,"z":0}},"packable":true,"pixelsToUnit":100,"pivot":{"x":0.5,"y":0.5},"meshType":0}],[5],0,[0],[4],[2]],[[[7,"Inter-SemiBold","Inter-SemiBold.ttf"],-1],0,0,[],[],[]],[[[11,"Loading"],[12,"Canvas",512,33554432,"beI88Z2HpFELqR4T5EMHpg",[-5,-6],[[0,-1,[5,1920,1080]],[28,-3,-2],[29,45,-1.1368683772161603e-13,-1.1368683772161603e-13,-4]],[1,959.9999999999999,540,0]],[1,"Container",512,33554432,1,[-9,-10,-11,-12,-13],[[0,-7,[5,1920,1080]],[9,45,100,100,-8,1]]],[34,"Loading",true,[1,-14,-15,-16],[35,[36,[2,0,0,0,0.520833125],[2,0,0,0,0]],[37,[4,4283190348],[0,512,512]],[38],[39],[40],[41]]],[22,"ProgressBar Loading",512,33554432,2,[-20],[[[0,-17,[5,756,46]],[4,-18,4],-19],4,4,1],[1,0,-296.946,0],[1,1.5,1.5,1]],[23,"Bar",512,33554432,4,[-23],[[[8,-21,[5,369,29],[0,0,0.5]],-22],4,1],[1,-369,0,0]],[24,"HotUpdatePanel",512,33554432,2,[-26,-27],[[[3,-24],-25],4,1]],[2,"lbVersion",512,33554432,6,[[[8,-28,[5,751.17,138],[0,0,0.5]],-29,[5,6,-30,[4,4278263619]],[30,12,65,33.54000000000002,-31,1]],4,1,4,4],[1,-895,-491.28,0],[1,0.22,0.22,1]],[1,"Background group",512,33554432,2,[-34],[[0,-32,[5,1920,1080]],[31,45,100,100,-33]]],[13,"background",512,33554432,8,[[0,-35,[5,1920,1080]],[10,0,-36,1],[9,45,860,651,-37,1]]],[14,"logo",512,33554432,[[0,-38,[5,644,353]],[4,-39,2],[32,18,193.765,-40,1]],[1,0,193.765,0],[1,1.4,1.4,1]],[15,"Light",512,33554432,5,[[0,-41,[5,31,65]],[4,-42,3],[33,32,-11.095999999999947,1,-43,5]],[1,364.59599999999995,2,0]],[16,"lbLoading",512,33554432,[-45,-46],[[3,-44]],[1,0,50.408,0],[1,1.5,1.5,1]],[2,"lbProgress",512,33554432,12,[[[0,-47,[5,157.9,132]],-48,[5,3,-49,[4,4294967295]]],4,1,4],[1,0,-64.701,0],[1,0.34,0.34,1]],[2,"lbInfo",512,33554432,12,[[[0,-50,[5,706.28,138]],-51,[5,6,-52,[4,4278263619]]],4,1,4],[1,0,60,0],[1,0.22,0.22,1]],[17,"BG",512,33554432,1,[[0,-53,[5,1280,720]],[10,0,-54,0]],[1,5,5,1]],[1,"Logo Group",512,33554432,2,[10],[[0,-55,[5,1920,1080]]]],[43,738,0.5,4],[18,"lbLoading",512,33554432,2,[12],[[3,-56]],[1,0,-328.304,0]],[6,"0%",0,100,100,100,false,1,13,[4,4280927200]],[25,"lbMessage",512,33554432,6,[[[0,-57,[5,448.16,25.2]],-58],4,1],[1,0,-238.862,0]],[19,"@controller",512,[-61],[[45,-60,-59,17,19]]],[42,2,0,5],[6,"Loading Game",0,100,100,100,false,1,14,[4,4289133311]],[6,"Version: 1.0.0.0",0,100,100,100,false,1,7,[4,4289133311]],[44,"No local manifest file found, hot update skipped.",0,20,20,20,false,1,20],[46,6,24,23,25,17,19],[47,0,608.6912325285896,0,1108344832,[4,4278190080]],[26,"Camera",512,"ebFwiq8gBFaYpqYbdoDODe",3,[27],[1,959.9999999999999,540,1000]],[20,"-----System-----",512,"06saqgpUNOY5I1H8vmWq8C",3,[21]],[27,"HotUpdate",512,21,[-62]],[48,30,26],[21,"SettingGame",512,"f5SSiBLLVK07YvOEgFu1oA",3,[[49,"1.0.40.1",-63]]]],0,[0,0,1,0,5,27,0,0,1,0,0,1,0,-1,15,0,-2,2,0,0,2,0,0,2,0,-1,8,0,-2,16,0,-3,4,0,-4,18,0,-5,6,0,-2,28,0,-3,29,0,-4,32,0,0,4,0,0,4,0,-3,17,0,-1,5,0,0,5,0,-2,22,0,-1,11,0,0,6,0,-2,26,0,-1,7,0,-2,20,0,0,7,0,-2,24,0,0,7,0,0,7,0,0,8,0,0,8,0,-1,9,0,0,9,0,0,9,0,0,9,0,0,10,0,0,10,0,0,10,0,0,11,0,0,11,0,0,11,0,0,12,0,-1,13,0,-2,14,0,0,13,0,-2,19,0,0,13,0,0,14,0,-2,23,0,0,14,0,0,15,0,0,15,0,0,16,0,0,18,0,0,20,0,-2,25,0,6,31,0,0,21,0,-1,30,0,-1,31,0,0,32,0,7,3,1,2,3,10,2,16,12,2,18,17,8,22,21,2,29,27,0,28,63],[0,0,0,0,0,22,19,23,24,25],[1,1,1,1,1,1,3,3,3,3],[3,4,5,6,7,8,0,1,1,0]],[[[7,"Acumin-BdPro","Acumin-BdPro.ttf"],-1],0,0,[],[],[]],[[{"name":"BG","rect":{"x":0,"y":0,"width":1440,"height":812},"offset":{"x":0,"y":0},"originalSize":{"width":1440,"height":812},"rotated":false,"capInsets":[0,0,0,0],"vertices":{"rawPosition":[-720,-406,0,720,-406,0,-720,406,0,720,406,0],"indexes":[0,1,2,2,1,3],"uv":[0,812,1440,812,0,0,1440,0],"nuv":[0,0,1,0,0,1,1,1],"minPos":{"x":-720,"y":-406,"z":0},"maxPos":{"x":720,"y":406,"z":0}},"packable":true,"pixelsToUnit":100,"pivot":{"x":0.5,"y":0.5},"meshType":0}],[5],0,[0],[4],[9]]]]
