[1,["fdoJXLgx1GAa2UhGATlj3o","92JC7zUflJSYhmJwoXl1Ln@6c48a","92j+5IJ39EE5+d9IgyZqH4@6c48a","92JC7zUflJSYhmJwoXl1Ln@f9941","dan+jjCvJGM7nz19QxLguC@f9941","92j+5IJ39EE5+d9IgyZqH4@f9941","dan+jjCvJGM7nz19QxLguC@6c48a"],["node","_textureSource","_customMaterial","_spriteFrame","_parent","_cameraComponent","loadingLabel","loadingSprite","scene"],["cc.SpriteFrame",["cc.Node",["_name","_id","_components","_children","_lpos","_parent"],1,9,2,5,1],["cc.Widget",["_alignFlags","_originalWidth","_originalHeight","node"],0,1],["cc.Sprite",["_srcBlendFactor","_dstBlendFactor","_type","node","_customMaterial","_spriteFrame"],0,1,6,6],["cc.SceneAsset",["_name"],2],["cc.Node",["_name","_parent","_components","_lpos"],2,1,12,5],["cc.Canvas",["node","_cameraComponent"],3,1,1],["cc.UITransform",["node","_contentSize"],3,1,5],["cc.UIOpacity",["node"],3,1],["89e3bULnINAO5LStk1zefH7",["node","loadingSprite","loadingLabel"],3,1,1,1],["cc.Scene",["_name","_children","_globals"],2,2,4],["cc.SceneGlobals",["ambient","shadows","_skybox","fog","octree","skin","lightProbeInfo","postSettings"],3,4,4,4,4,4,4,4,4],["cc.AmbientInfo",["_skyIllumLDR","_skyColorHDR","_skyColorLDR","_groundAlbedoLDR"],2,5,5,5],["cc.ShadowsInfo",["_shadowColor"],3,5],["cc.SkyboxInfo",[],3],["cc.FogInfo",[],3],["cc.OctreeInfo",[],3],["cc.SkinInfo",[],3],["cc.LightProbeInfo",[],3],["cc.PostSettingsInfo",[],3],["cc.Camera",["_projection","_fov","_orthoHeight","_far","_depth","_clearFlags","_visibility","node"],-4,1],["cc.Label",["_string","_actualFontSize","_underlineHeight","node"],0,1]],[[7,0,1,1],[8,0,1],[5,0,1,2,3,2],[1,0,5,2,2],[3,0,1,3,4,5,3],[4,0,2],[1,0,1,3,2,4,3],[1,0,1,2,3],[6,0,1,1],[2,0,3,2],[2,0,1,2,3,4],[3,0,1,2,3,4],[9,0,1,2,1],[10,0,1,2,2],[11,0,1,2,3,4,5,6,7,1],[12,0,1,2,3,2],[13,0,1],[14,1],[15,1],[16,1],[17,1],[18,1],[19,1],[20,0,1,2,3,4,5,6,7,8],[21,0,1,2,3,4]],[[[{"name":"BG","rect":{"x":0,"y":0,"width":1280,"height":720},"offset":{"x":0,"y":0},"originalSize":{"width":1280,"height":720},"rotated":false,"capInsets":[0,0,0,0],"vertices":{"rawPosition":[-640,-360,0,640,-360,0,-640,360,0,640,360,0],"indexes":[0,1,2,2,1,3],"uv":[0,720,1280,720,0,0,1280,0],"nuv":[0,0,1,0,0,1,1,1],"minPos":{"x":-640,"y":-360,"z":0},"maxPos":{"x":640,"y":360,"z":0}},"packable":true,"pixelsToUnit":100,"pivot":{"x":0.5,"y":0.5},"meshType":0}],[0],0,[0],[1],[1]],[[{"name":"blue bar","rect":{"x":0,"y":0,"width":442,"height":25},"offset":{"x":0,"y":0},"originalSize":{"width":442,"height":25},"rotated":false,"capInsets":[0,0,0,0],"vertices":{"rawPosition":[-221,-12.5,0,221,-12.5,0,-221,12.5,0,221,12.5,0],"indexes":[0,1,2,2,1,3],"uv":[0,25,442,25,0,0,442,0],"nuv":[0,0,1,0,0,1,1,1],"minPos":{"x":-221,"y":-12.5,"z":0},"maxPos":{"x":221,"y":12.5,"z":0}},"packable":true,"pixelsToUnit":100,"pivot":{"x":0.5,"y":0.5},"meshType":0}],[0],0,[0],[1],[2]],[[[5,"LoadScene"],[6,"Canvas","28i/0D0NFFUpjvicONtcb8",[-5,-6,-7,-8,-9],[[8,-2,-1],[9,45,-3],[0,-4,[5,1280,720]]],[1,640,360,0]],[3,"BG",1,[[4,770,771,-10,0,1],[10,45,1280,720,-11],[0,-12,[5,1280,720]],[1,-13]]],[2,"Main Camera",1,[[-14,[0,-15,[5,0,0]],[1,-16]],1,4,4],[1,0,0,1000]],[3,"Logo",1,[[4,770,771,-17,2,3],[0,-18,[5,201,79]],[1,-19]]],[2,"blue bar",1,[[-20,[0,-21,[5,442,25]],[1,-22]],1,4,4],[1,0,-230.956,0]],[2,"label loading",1,[[-23,[0,-24,[5,97.87109375,50.4]],[1,-25]],1,4,4],[1,0,-180.796,0]],[7,"LoadGameController","25WrJTlipEkbK7w6BmrvDu",[[12,-28,-27,-26],[1,-29],[0,-30,[5,0,0]]]],[13,"LoadScene",[1,7],[14,[15,0.8,[2,0.2,0.5,0.8,0.520833125],[2,0.452588,0.607642,0.755699,0],[2,0.618555,0.577848,0.544564,0]],[16,[4,4283190348]],[17],[18],[19],[20],[21],[22]]],[23,0,60,631.5044247787611,4096,0,0,1408237568,3],[11,770,771,3,5],[24,"Label",40,0,6]],0,[0,5,9,0,0,1,0,0,1,0,0,1,0,-1,3,0,-2,2,0,-3,4,0,-4,5,0,-5,6,0,0,2,0,0,2,0,0,2,0,0,2,0,-1,9,0,0,3,0,0,3,0,0,4,0,0,4,0,0,4,0,-1,10,0,0,5,0,0,5,0,-1,11,0,0,6,0,0,6,0,6,11,0,7,10,0,0,7,0,0,7,0,0,7,0,8,8,1,4,8,7,4,8,30],[0,0,0,0,10,10],[2,3,2,3,2,3],[0,3,0,4,0,5]],[[{"name":"logo","rect":{"x":8,"y":8,"width":201,"height":79},"offset":{"x":0,"y":0},"originalSize":{"width":217,"height":95},"rotated":false,"capInsets":[0,0,0,0],"vertices":{"rawPosition":[-100.5,-39.5,0,100.5,-39.5,0,-100.5,39.5,0,100.5,39.5,0],"indexes":[0,1,2,2,1,3],"uv":[8,87,209,87,8,8,209,8],"nuv":[0.03686635944700461,0.08421052631578947,0.9631336405529954,0.08421052631578947,0.03686635944700461,0.9157894736842105,0.9631336405529954,0.9157894736842105],"minPos":{"x":-100.5,"y":-39.5,"z":0},"maxPos":{"x":100.5,"y":39.5,"z":0}},"packable":true,"pixelsToUnit":100,"pivot":{"x":0.5,"y":0.5},"meshType":0}],[0],0,[0],[1],[6]]]]
