[1,["fdoJXLgx1GAa2UhGATlj3o","43bxvgo/FOfq8LaBryDn2P@6c48a","65u/hsDp5FGY5sCahTxlQL@6c48a","92j+5IJ39EE5+d9IgyZqH4@6c48a","65u/hsDp5FGY5sCahTxlQL@f9941","43bxvgo/FOfq8LaBryDn2P@f9941","92j+5IJ39EE5+d9IgyZqH4@f9941"],["node","_textureSource","_customMaterial","_spriteFrame","_parent","_cameraComponent","loadingLabel","loadingSprite","scene"],["cc.SpriteFrame",["cc.Node",["_name","_id","_components","_children","_lpos","_parent"],1,9,2,5,1],["cc.Widget",["_alignFlags","_left","_right","_top","_bottom","_originalWidth","_originalHeight","node"],-4,1],["cc.Sprite",["_srcBlendFactor","_dstBlendFactor","_type","node","_customMaterial","_spriteFrame"],0,1,6,6],["cc.SceneAsset",["_name"],2],["cc.Node",["_name","_parent","_components","_lpos"],2,1,12,5],["cc.Canvas",["node","_cameraComponent"],3,1,1],["cc.UITransform",["node","_contentSize"],3,1,5],["cc.UIOpacity",["node"],3,1],["89e3bULnINAO5LStk1zefH7",["node","loadingSprite","loadingLabel"],3,1,1,1],["cc.Scene",["_name","_children","_globals"],2,2,4],["cc.SceneGlobals",["ambient","shadows","_skybox","fog","octree","skin","lightProbeInfo","postSettings"],3,4,4,4,4,4,4,4,4],["cc.AmbientInfo",["_skyIllumLDR","_skyColorHDR","_skyColorLDR","_groundAlbedoLDR"],2,5,5,5],["cc.ShadowsInfo",["_shadowColor"],3,5],["cc.SkyboxInfo",[],3],["cc.FogInfo",[],3],["cc.OctreeInfo",[],3],["cc.SkinInfo",[],3],["cc.LightProbeInfo",[],3],["cc.PostSettingsInfo",[],3],["cc.Camera",["_projection","_fov","_orthoHeight","_far","_depth","_clearFlags","_visibility","node"],-4,1],["cc.Label",["_string","_actualFontSize","_underlineHeight","node"],0,1]],[[7,0,1,1],[8,0,1],[5,0,1,2,3,2],[1,0,5,2,2],[3,0,1,3,4,5,3],[4,0,2],[1,0,1,3,2,4,3],[1,0,1,2,3],[6,0,1,1],[2,0,7,2],[2,0,1,2,3,4,5,6,7,8],[3,0,1,2,3,4],[9,0,1,2,1],[10,0,1,2,2],[11,0,1,2,3,4,5,6,7,1],[12,0,1,2,3,2],[13,0,1],[14,1],[15,1],[16,1],[17,1],[18,1],[19,1],[20,0,1,2,3,4,5,6,7,8],[21,0,1,2,3,4]],[[[{"name":"BRIKER","rect":{"x":0,"y":0,"width":792,"height":194},"offset":{"x":0,"y":0},"originalSize":{"width":792,"height":194},"rotated":false,"capInsets":[0,0,0,0],"vertices":{"rawPosition":[-396,-97,0,396,-97,0,-396,97,0,396,97,0],"indexes":[0,1,2,2,1,3],"uv":[0,194,792,194,0,0,792,0],"nuv":[0,0,1,0,0,1,1,1],"minPos":{"x":-396,"y":-97,"z":0},"maxPos":{"x":396,"y":97,"z":0}},"packable":true,"pixelsToUnit":100,"pivot":{"x":0.5,"y":0.5},"meshType":0}],[0],0,[0],[1],[1]],[[{"name":"Ảnh chụp màn hình 2025-08-22 155516","rect":{"x":0,"y":0,"width":319,"height":319},"offset":{"x":0,"y":0},"originalSize":{"width":319,"height":319},"rotated":false,"capInsets":[0,0,0,0],"vertices":{"rawPosition":[-159.5,-159.5,0,159.5,-159.5,0,-159.5,159.5,0,159.5,159.5,0],"indexes":[0,1,2,2,1,3],"uv":[0,319,319,319,0,0,319,0],"nuv":[0,0,1,0,0,1,1,1],"minPos":{"x":-159.5,"y":-159.5,"z":0},"maxPos":{"x":159.5,"y":159.5,"z":0}},"packable":true,"pixelsToUnit":100,"pivot":{"x":0.5,"y":0.5},"meshType":0}],[0],0,[0],[1],[2]],[[{"name":"blue bar","rect":{"x":0,"y":0,"width":442,"height":25},"offset":{"x":0,"y":0},"originalSize":{"width":442,"height":25},"rotated":false,"capInsets":[0,0,0,0],"vertices":{"rawPosition":[-221,-12.5,0,221,-12.5,0,-221,12.5,0,221,12.5,0],"indexes":[0,1,2,2,1,3],"uv":[0,25,442,25,0,0,442,0],"nuv":[0,0,1,0,0,1,1,1],"minPos":{"x":-221,"y":-12.5,"z":0},"maxPos":{"x":221,"y":12.5,"z":0}},"packable":true,"pixelsToUnit":100,"pivot":{"x":0.5,"y":0.5},"meshType":0}],[0],0,[0],[1],[3]],[[[5,"LoadScene"],[6,"Canvas","28i/0D0NFFUpjvicONtcb8",[-5,-6,-7,-8,-9],[[8,-2,-1],[9,45,-3],[0,-4,[5,1280,720]]],[1,640,360,0]],[3,"BG",1,[[4,770,771,-10,0,1],[10,45,480.5,480.5,200.5,200.5,1280,720,-11],[0,-12,[5,319,319]],[1,-13]]],[2,"Main Camera",1,[[-14,[0,-15,[5,0,0]],[1,-16]],1,4,4],[1,0,0,1000]],[3,"Logo",1,[[4,770,771,-17,2,3],[0,-18,[5,792,194]],[1,-19]]],[2,"blue bar",1,[[-20,[0,-21,[5,442,25]],[1,-22]],1,4,4],[1,0,-230.956,0]],[2,"label loading",1,[[-23,[0,-24,[5,97.87109375,50.4]],[1,-25]],1,4,4],[1,0,-180.796,0]],[7,"LoadGameController","25WrJTlipEkbK7w6BmrvDu",[[12,-28,-27,-26],[1,-29],[0,-30,[5,0,0]]]],[13,"LoadScene",[1,7],[14,[15,0.8,[2,0.2,0.5,0.8,0.520833125],[2,0.452588,0.607642,0.755699,0],[2,0.618555,0.577848,0.544564,0]],[16,[4,4283190348]],[17],[18],[19],[20],[21],[22]]],[23,0,60,486.6787658802178,4096,0,0,1408237568,3],[11,770,771,3,5],[24,"Label",40,0,6]],0,[0,5,9,0,0,1,0,0,1,0,0,1,0,-1,3,0,-2,2,0,-3,4,0,-4,5,0,-5,6,0,0,2,0,0,2,0,0,2,0,0,2,0,-1,9,0,0,3,0,0,3,0,0,4,0,0,4,0,0,4,0,-1,10,0,0,5,0,0,5,0,-1,11,0,0,6,0,0,6,0,6,11,0,7,10,0,0,7,0,0,7,0,0,7,0,8,8,1,4,8,7,4,8,30],[0,0,0,0,10,10],[2,3,2,3,2,3],[0,4,0,5,0,6]]]]
