[[{"__type__":"cc.Prefab","_name":"bullect","data":{"__id__":1}},{"__type__":"cc.Node","_name":"bullect","_level":1,"_components":[{"__type__":"cc.Sprite","node":{"__id__":1},"_materials":[{"__uuid__":"ecpdLyjvZBwrvm+cedCcQy"}],"_spriteFrame":{"__uuid__":"d5FBuE4YJDk4RVcgaxsd0c"},"_type":1,"_sizeMode":0},{"__type__":"9d08eE1+wtAHItmZRV80Ee1","node":{"__id__":1}},{"__type__":"cc.BoxCollider","node":{"__id__":1},"_size":{"__type__":"cc.Size","width":20,"height":10}}],"_prefab":{"__type__":"cc.PrefabInfo","root":{"__id__":1},"asset":{"__uuid__":"89EhTJZChFiJvl0xXR3xFM"},"fileId":"117Uq2SH5JF4vYTTX2Ux1w"},"_contentSize":{"__type__":"cc.Size","width":28,"height":18},"_position":{"__type__":"cc.Vec3","x":361,"y":540},"groupIndex":1}],{"__type__":"cc.SpriteFrame","content":{"name":"laser ","texture":"361WMTaupF9rh4UoadsN/k","rect":[0,0,885,111],"offset":[0,0],"originalSize":[885,111],"capInsets":[73,56,103,55]}}]