[{"__type__":"cc.SpriteFrame","content":{"name":"lossButton1","texture":"53MCZZKIVKUapv3+U0SyxD","rect":[0,0,95,95],"offset":[0,0],"originalSize":[95,95],"capInsets":[0,0,0,0]}},{"__type__":"cc.SpriteFrame","content":{"name":"home 1","texture":"0cZG8wyi5JLLOLAMu8Bstq","rect":[0,0,396,396],"offset":[0,0],"originalSize":[396,396],"capInsets":[0,0,0,0]}},{"__type__":"cc.SpriteFrame","content":{"name":"lossPanel","texture":"96eF6idblExpTcD4lB8ccg","rect":[0,0,533,341],"offset":[0,0],"originalSize":[533,341],"capInsets":[0,0,0,0]}},{"__type__":"cc.SpriteFrame","content":{"name":"default_sprite_splash","texture":"02delMVqdBD70a/HSD99FK","rect":[0,0,2,2],"offset":[0,0],"originalSize":[2,2],"capInsets":[0,0,0,0]}},[{"__type__":"cc.Prefab","_name":"LossPanel","data":{"__id__":1}},{"__type__":"cc.Node","_name":"LossPanel","_children":[{"__id__":2},{"__id__":3},{"__id__":4},{"__id__":5},{"__id__":6}],"_level":1,"_components":[{"__type__":"d646fciPVZOg5/ILKSkRNfd","node":{"__id__":1},"playAgainButton":{"__id__":4},"backToMenuButton":{"__id__":5}},{"__type__":"cc.Widget","node":{"__id__":1},"_alignFlags":45}],"_prefab":{"__type__":"cc.PrefabInfo","root":{"__id__":1},"asset":{"__uuid__":"e5OarKFhVPFI2JgZh4E4zr"},"fileId":"08XrXrzqhF3b/LhIsT6gJn"},"_contentSize":{"__type__":"cc.Size","width":1080,"height":1920},"_position":{"__type__":"cc.Vec3","x":540,"y":960}},{"__type__":"cc.Node","_name":"bk","_parent":{"__id__":1},"_components":[{"__type__":"cc.Sprite","node":{"__id__":2},"_materials":[{"__uuid__":"ecpdLyjvZBwrvm+cedCcQy"}],"_spriteFrame":{"__uuid__":"a2MjXRFdtLlYQ5ouAFv/+R"},"_sizeMode":0},{"__type__":"cc.BlockInputEvents","node":{"__id__":2}},{"__type__":"cc.Widget","node":{"__id__":2},"_alignFlags":40,"_originalWidth":720}],"_prefab":{"__type__":"cc.PrefabInfo","root":{"__id__":1},"asset":{"__uuid__":"e5OarKFhVPFI2JgZh4E4zr"},"fileId":"250QrUYe5L4JHhKzK7ejp/"},"_opacity":80,"_color":{"__type__":"cc.Color"},"_contentSize":{"__type__":"cc.Size","width":1080,"height":3000}},{"__type__":"cc.Node","_name":"lossPanel","_parent":{"__id__":1},"_components":[{"__type__":"cc.Sprite","node":{"__id__":3},"_materials":[{"__uuid__":"ecpdLyjvZBwrvm+cedCcQy"}],"_spriteFrame":{"__uuid__":"8d5WJ/iEhFqI50LQ791mwv"},"_sizeMode":0}],"_prefab":{"__type__":"cc.PrefabInfo","root":{"__id__":1},"asset":{"__uuid__":"e5OarKFhVPFI2JgZh4E4zr"},"fileId":"eb5dUl04pJuomiWdP93L9u"},"_contentSize":{"__type__":"cc.Size","width":799.5,"height":511.5}},{"__type__":"cc.Node","_name":"lossButton1","_parent":{"__id__":1},"_components":[{"__type__":"cc.Sprite","node":{"__id__":4},"_materials":[{"__uuid__":"ecpdLyjvZBwrvm+cedCcQy"}],"_spriteFrame":{"__uuid__":"1brJy7LtRFJrUTt2aEN5Uf"},"_sizeMode":0}],"_prefab":{"__type__":"cc.PrefabInfo","root":{"__id__":1},"asset":{"__uuid__":"e5OarKFhVPFI2JgZh4E4zr"},"fileId":"63vduXnqlFYLrnRGWW1TvZ"},"_contentSize":{"__type__":"cc.Size","width":130,"height":130},"_position":{"__type__":"cc.Vec3","x":204.889,"y":-128.541}},{"__type__":"cc.Node","_name":"lossButton2","_parent":{"__id__":1},"_components":[{"__type__":"cc.Sprite","node":{"__id__":5},"_materials":[{"__uuid__":"ecpdLyjvZBwrvm+cedCcQy"}],"_spriteFrame":{"__uuid__":"81KjR7c59PwaA1DsFgz/i3"},"_sizeMode":0,"_isTrimmedMode":false}],"_prefab":{"__type__":"cc.PrefabInfo","root":{"__id__":1},"asset":{"__uuid__":"e5OarKFhVPFI2JgZh4E4zr"},"fileId":"4267zQK8ROLbryhImfSDwA"},"_contentSize":{"__type__":"cc.Size","width":130,"height":130},"_position":{"__type__":"cc.Vec3","x":-78.494,"y":-128.541}},{"__type__":"cc.Node","_name":"New Label","_parent":{"__id__":1},"_level":2,"_components":[{"__type__":"cc.Label","node":{"__id__":6},"_materials":[{"__uuid__":"ecpdLyjvZBwrvm+cedCcQy"}],"_useOriginalSize":false,"_string":"Fail!","_N$string":"Fail!","_fontSize":140,"_lineHeight":120,"_N$file":{"__uuid__":"1bMUL9XNhMX6Bs88jnELPe"},"_isSystemFontUsed":false,"_N$horizontalAlign":1,"_N$verticalAlign":1},{"__type__":"cc.LabelOutline","node":{"__id__":6},"_color":{"__type__":"cc.Color","r":255}},{"__type__":"cc.LabelShadow","node":{"__id__":6},"_color":{"__type__":"cc.Color","r":139,"g":120,"b":120},"_offset":{"__type__":"cc.Vec2","x":5,"y":-4.9}}],"_prefab":{"__type__":"cc.PrefabInfo","root":{"__id__":1},"asset":{"__uuid__":"e5OarKFhVPFI2JgZh4E4zr"},"fileId":"051uiblGFATIYTzB1woyPP"},"_color":{"__type__":"cc.Color","r":255},"_contentSize":{"__type__":"cc.Size","width":349.48,"height":153.2},"_position":{"__type__":"cc.Vec3","x":70.396,"y":73.923}}]]