[{"__type__":"cc.SpriteFrame","content":{"name":"frog","texture":"d7WGjb2DRDiaHgg9rIP5hA","rect":[0,0,334,282],"offset":[0,0],"originalSize":[334,282],"capInsets":[0,0,0,0]}},{"__type__":"cc.SpriteFrame","content":{"name":"default_btn_disabled","texture":"71VhFCTINJM6/Ky3oX9nBT","rect":[0,0,40,40],"offset":[0,0],"originalSize":[40,40],"capInsets":[12,12,12,12]}},{"__type__":"cc.SpriteFrame","content":{"name":"Button01_145_Red","texture":"aaTlF3FFZOcoI9TroxUBDG","rect":[0,0,55,145],"offset":[0,0],"originalSize":[55,145],"capInsets":[25,0,25,0]}},[{"__type__":"cc.SceneAsset","_name":"menu","scene":{"__id__":1},"asyncLoadAssets":null},{"__type__":"cc.Scene","_name":"New Node","_children":[{"__id__":2}],"_active":false,"_anchorPoint":{"__type__":"cc.Vec2"},"autoReleaseAssets":false},{"__type__":"cc.Node","_name":"Canvas","_parent":{"__id__":1},"_children":[{"__id__":3},{"__id__":4},{"__id__":5},{"__id__":6},{"__id__":7},{"__id__":8},{"__id__":11},{"__id__":14}],"_level":1,"_components":[{"__type__":"cc.Canvas","node":{"__id__":2},"_designResolution":{"__type__":"cc.Size","width":1080,"height":1920}},{"__type__":"576865QJPZLqqGUwS550Co3","node":{"__id__":2},"high_score":{"__id__":10},"btn_play":{"__id__":13},"btn_exit":{"__id__":16},"bird":{"__id__":7}}],"_contentSize":{"__type__":"cc.Size","width":1080,"height":1920},"_position":{"__type__":"cc.Vec3","x":540,"y":960},"_id":"e5veJ8RH9CVoVBsAFg5T6C"},{"__type__":"cc.Node","_name":"Main Camera","_parent":{"__id__":2},"_level":2,"_components":[{"__type__":"cc.Camera","node":{"__id__":3},"_clearFlags":7,"_depth":-1}],"_position":{"__type__":"cc.Vec3","z":274.5300529996671}},{"__type__":"cc.Node","_name":"bg","_parent":{"__id__":2},"_level":2,"_components":[{"__type__":"cc.Sprite","node":{"__id__":4},"_materials":[{"__uuid__":"ecpdLyjvZBwrvm+cedCcQy"}],"_spriteFrame":{"__uuid__":"56mzHtS1xMq7+u4xE0zwC8"},"_sizeMode":0},{"__type__":"cc.Widget","node":{"__id__":4},"_alignFlags":45,"_originalWidth":100,"_originalHeight":100}],"_contentSize":{"__type__":"cc.Size","width":1080,"height":1920}},{"__type__":"cc.Node","_name":"title","_parent":{"__id__":2},"_level":2,"_components":[{"__type__":"cc.Sprite","node":{"__id__":5},"_materials":[{"__uuid__":"ecpdLyjvZBwrvm+cedCcQy"}],"_spriteFrame":{"__uuid__":"abehMkviJFqpJasawlnuwh"}}],"_contentSize":{"__type__":"cc.Size","width":978,"height":126},"_position":{"__type__":"cc.Vec3","y":492.361}},{"__type__":"cc.Node","_name":"title","_parent":{"__id__":2},"_active":false,"_level":2,"_components":[{"__type__":"cc.Label","node":{"__id__":6},"_materials":[{"__uuid__":"ecpdLyjvZBwrvm+cedCcQy"}],"_useOriginalSize":false,"_string":"小鸟向前飞","_N$string":"小鸟向前飞","_fontSize":90,"_lineHeight":95,"_N$file":{"__uuid__":"99DVh4v4xGpYxa4AyiDwE8"},"_isSystemFontUsed":false,"_N$horizontalAlign":1,"_N$verticalAlign":1}],"_contentSize":{"__type__":"cc.Size","width":450,"height":119.7},"_position":{"__type__":"cc.Vec3","y":499}},{"__type__":"cc.Node","_name":"bird","_parent":{"__id__":2},"_level":2,"_components":[{"__type__":"cc.Sprite","node":{"__id__":7},"_materials":[{"__uuid__":"ecpdLyjvZBwrvm+cedCcQy"}],"_spriteFrame":{"__uuid__":"13G+oz4jJLUq0T5zy15RhB"},"_sizeMode":0}],"_contentSize":{"__type__":"cc.Size","width":90,"height":90},"_position":{"__type__":"cc.Vec3","x":-25.322,"y":38.482}},{"__type__":"cc.Node","_name":"high-score","_parent":{"__id__":2},"_children":[{"__id__":9}],"_active":false,"_level":2,"_components":[{"__type__":"cc.Label","node":{"__id__":8},"_materials":[{"__uuid__":"ecpdLyjvZBwrvm+cedCcQy"}],"_useOriginalSize":false,"_string":"最高分:","_N$string":"最高分:","_lineHeight":45,"_N$file":{"__uuid__":"99DVh4v4xGpYxa4AyiDwE8"},"_isSystemFontUsed":false,"_N$horizontalAlign":1,"_N$verticalAlign":1}],"_contentSize":{"__type__":"cc.Size","width":130.63,"height":56.7},"_position":{"__type__":"cc.Vec3","x":-18,"y":133}},{"__type__":"cc.Node","_name":"New Label","_parent":{"__id__":8},"_level":4,"_components":[{"__id__":10}],"_contentSize":{"__type__":"cc.Size","width":44.49,"height":50.4},"_anchorPoint":{"__type__":"cc.Vec2","y":0.5},"_position":{"__type__":"cc.Vec3","x":80}},{"__type__":"cc.Label","node":{"__id__":9},"_materials":[{"__uuid__":"ecpdLyjvZBwrvm+cedCcQy"}],"_useOriginalSize":false,"_string":"55","_N$string":"55","_N$horizontalAlign":1,"_N$verticalAlign":1},{"__type__":"cc.Node","_name":"btn_play","_parent":{"__id__":2},"_children":[{"__id__":12}],"_level":2,"_components":[{"__type__":"cc.Sprite","node":{"__id__":11},"_materials":[{"__uuid__":"ecpdLyjvZBwrvm+cedCcQy"}],"_spriteFrame":{"__uuid__":"62t+E42ONDp7Kp8YSg5BPt"},"_type":1,"_sizeMode":0},{"__id__":13}],"_contentSize":{"__type__":"cc.Size","width":300,"height":146},"_position":{"__type__":"cc.Vec3","y":-355.04}},{"__type__":"cc.Node","_name":"Label","_parent":{"__id__":11},"_components":[{"__type__":"cc.Label","node":{"__id__":12},"_materials":[{"__uuid__":"ecpdLyjvZBwrvm+cedCcQy"}],"_useOriginalSize":false,"_string":"Play","_N$string":"Play","_fontSize":84.39999999999999,"_lineHeight":81.8,"_enableWrapText":false,"_N$file":{"__uuid__":"08qsiyJRZLqI5J68oFvsKG"},"_isSystemFontUsed":false,"_N$horizontalAlign":1,"_N$verticalAlign":1}],"_color":{"__type__":"cc.Color","r":86,"g":108,"b":223},"_contentSize":{"__type__":"cc.Size","width":184.08,"height":102.06},"_position":{"__type__":"cc.Vec3","y":14.411}},{"__type__":"cc.Button","node":{"__id__":11},"_N$transition":3,"transition":3,"_N$pressedColor":{"__type__":"cc.Color","r":255,"g":255,"b":255},"pressedColor":{"__type__":"cc.Color","r":255,"g":255,"b":255},"_N$disabledColor":{"__type__":"cc.Color","r":255,"g":255,"b":255},"_N$normalSprite":{"__uuid__":"62t+E42ONDp7Kp8YSg5BPt"},"_N$pressedSprite":{"__uuid__":"e97GVMl6JHh5Ml5qEDdSGa"},"pressedSprite":{"__uuid__":"e97GVMl6JHh5Ml5qEDdSGa"},"_N$hoverSprite":{"__uuid__":"f0BIwQ8D5Ml7nTNQbh1YlS"},"hoverSprite":{"__uuid__":"f0BIwQ8D5Ml7nTNQbh1YlS"},"_N$disabledSprite":{"__uuid__":"29FYIk+N1GYaeWH/q1NxQO"},"_N$target":{"__id__":11}},{"__type__":"cc.Node","_name":"btn_exit","_parent":{"__id__":2},"_children":[{"__id__":15}],"_level":2,"_components":[{"__type__":"cc.Sprite","node":{"__id__":14},"_materials":[{"__uuid__":"ecpdLyjvZBwrvm+cedCcQy"}],"_spriteFrame":{"__uuid__":"2bfmuaHv5L6LFi5TbYVjCH"},"_type":1,"_sizeMode":0},{"__id__":16}],"_contentSize":{"__type__":"cc.Size","width":300,"height":146},"_position":{"__type__":"cc.Vec3","y":-537.182}},{"__type__":"cc.Node","_name":"Label","_parent":{"__id__":14},"_components":[{"__type__":"cc.Label","node":{"__id__":15},"_materials":[{"__uuid__":"ecpdLyjvZBwrvm+cedCcQy"}],"_useOriginalSize":false,"_string":"Exit","_N$string":"Exit","_fontSize":84.39999999999999,"_lineHeight":81.8,"_enableWrapText":false,"_N$file":{"__uuid__":"08qsiyJRZLqI5J68oFvsKG"},"_isSystemFontUsed":false,"_N$horizontalAlign":1,"_N$verticalAlign":1}],"_contentSize":{"__type__":"cc.Size","width":181.54,"height":102.06},"_position":{"__type__":"cc.Vec3","y":14.411}},{"__type__":"cc.Button","node":{"__id__":14},"_N$transition":3,"transition":3,"_N$pressedColor":{"__type__":"cc.Color","r":255,"g":255,"b":255},"pressedColor":{"__type__":"cc.Color","r":255,"g":255,"b":255},"_N$disabledColor":{"__type__":"cc.Color","r":255,"g":255,"b":255},"_N$normalSprite":{"__uuid__":"2bfmuaHv5L6LFi5TbYVjCH"},"_N$pressedSprite":{"__uuid__":"e97GVMl6JHh5Ml5qEDdSGa"},"pressedSprite":{"__uuid__":"e97GVMl6JHh5Ml5qEDdSGa"},"_N$hoverSprite":{"__uuid__":"f0BIwQ8D5Ml7nTNQbh1YlS"},"hoverSprite":{"__uuid__":"f0BIwQ8D5Ml7nTNQbh1YlS"},"_N$disabledSprite":{"__uuid__":"29FYIk+N1GYaeWH/q1NxQO"},"_N$target":{"__id__":14}}],{"__type__":"cc.SpriteFrame","content":{"name":"BG","texture":"15RmDDsGpFzYKdx9rycf6E","rect":[0,0,1320,2868],"offset":[0,0],"originalSize":[1320,2868],"capInsets":[0,0,0,0]}},{"__type__":"cc.SpriteFrame","content":{"name":"Button01_145_Yellow","texture":"31vkh2vDpJ4oZ5W+Craapy","rect":[0,0,55,145],"offset":[0,0],"originalSize":[55,145],"capInsets":[25,0,25,0]}},{"__type__":"cc.SpriteFrame","content":{"name":"title","texture":"beFegfm55DZalOtZQhY6hR","rect":[0,0,978,126],"offset":[0,0],"originalSize":[978,126],"capInsets":[0,0,0,0]}},{"__type__":"cc.SpriteFrame","content":{"name":"default_btn_pressed","texture":"b4P/PCArtIdIH38t6mlw8Y","rect":[0,0,40,40],"offset":[0,0],"originalSize":[40,40],"capInsets":[12,12,12,12]}},{"__type__":"cc.SpriteFrame","content":{"name":"default_btn_normal","texture":"e8Ueib+qJEhL6mXAHdnwbi","rect":[0,0,40,40],"offset":[0,0],"originalSize":[40,40],"capInsets":[12,12,12,12]}}]