{"importBase":"import","nativeBase":"native","name":"main","deps":["internal"],"uuids":["07veRFOMFPB5DAQBjvGr/4","0fK5ShbehJp7HhERLy8fA9","35Osn2gFZA85Qj2f4zxpo3","4fszqPGbRLt7JpriKSzrei","6fAc9/gb9Kfr1dCvwZaWSA@b47c0@40c10","6fAc9/gb9Kfr1dCvwZaWSA@b47c0@74afd","6fAc9/gb9Kfr1dCvwZaWSA@b47c0@7d38f","6fAc9/gb9Kfr1dCvwZaWSA@b47c0@8fd34","6fAc9/gb9Kfr1dCvwZaWSA@b47c0@bb97f","6fAc9/gb9Kfr1dCvwZaWSA@b47c0@e9a6d","baIUdvKGZPgZxNbjWTFuRI","bcR+1551hJNYQq4NzNa1YB","d0MqyYBeFAkIi762QNy1/B@b47c0@40c10","d0MqyYBeFAkIi762QNy1/B@b47c0@74afd","d0MqyYBeFAkIi762QNy1/B@b47c0@7d38f","d0MqyYBeFAkIi762QNy1/B@b47c0@8fd34","d0MqyYBeFAkIi762QNy1/B@b47c0@bb97f","d0MqyYBeFAkIi762QNy1/B@b47c0@e9a6d","fdjsU2o1RKF5x0TziDw3jI","026c2b0ab","0314e19c0","062021ab0","0e14e06f2","0fK5ShbehJp7HhERLy8fA9@6c48a","0fK5ShbehJp7HhERLy8fA9@f9941","6fAc9/gb9Kfr1dCvwZaWSA@b47c0","7e2w/JeSNJq6X8c6q4VGNq","bcR+1551hJNYQq4NzNa1YB@6c48a","bcR+1551hJNYQq4NzNa1YB@f9941","d0MqyYBeFAkIi762QNy1/B@b47c0"],"paths":{"10":["db:/internal/physics/default-physics-material",1],"18":["db:/internal/default_renderpipeline/builtin-forward",0]},"scenes":{"db://assets/LoadScene/StartScene.scene":0,"db://assets/LoadScene/SceneLoader.scene":2},"packs":{"026c2b0ab":["0","24","25","4","5","6","7","8","9","26","28","29","12","13","14","15","16","17"],"0314e19c0":["2","3"],"062021ab0":["1","11"],"0e14e06f2":["23","27"]},"versions":{"import":[19,"be251",20,"75e96",21,"d8f07",22,"6061b",18,"731f4"],"native":[1,"63817",4,"6f2af",5,"459f6",6,"6a9df",7,"dabf1",8,"ea0b7",9,"9e658",11,"fe76c",12,"d8477",13,"66393",14,"a5757",15,"2b5b1",16,"8000e",17,"3645b",3,"5165c"]},"redirect":[10,"0"],"debug":false,"extensionMap":{},"hasPreloadScript":true,"types":["cc.RenderPipeline","cc.PhysicsMaterial"]}