[[{"__type__":"cc.SceneAsset","_name":"game","scene":{"__id__":1},"asyncLoadAssets":null},{"__type__":"cc.Scene","_name":"New Node","_children":[{"__id__":2}],"_anchorPoint":{"__type__":"cc.Vec2"},"autoReleaseAssets":false},{"__type__":"cc.Node","_name":"Canvas","_parent":{"__id__":1},"_children":[{"__id__":3},{"__id__":4},{"__id__":11},{"__id__":7},{"__id__":12}],"_components":[{"__type__":"cc.Canvas","node":{"__id__":2},"_designResolution":{"__type__":"cc.Size","width":1920,"height":1080}},{"__type__":"cc.Widget","node":{"__id__":2},"_alignFlags":45}],"_contentSize":{"__type__":"cc.Size","width":1920,"height":1080},"_position":{"__type__":"cc.Vec3","x":960,"y":540},"_id":"a5esZu+45LA5mBpvttspPD"},{"__type__":"cc.Node","_name":"Main Camera","_parent":{"__id__":2},"_components":[{"__type__":"cc.Camera","node":{"__id__":3},"_clearFlags":7,"_depth":-1}],"_contentSize":{"__type__":"cc.Size","width":1920,"height":1080},"_position":{"__type__":"cc.Vec3","z":367.19477120460203}},{"__type__":"cc.Node","_name":"LoadGame","_parent":{"__id__":2},"_level":1,"_components":[{"__type__":"b72620rjAZKXbmov/tWu8Dt","node":{"__id__":4},"loadingLabel":{"__id__":5},"loadingBar":{"__id__":10}}]},{"__type__":"cc.Label","node":{"__id__":6},"_materials":[{"__uuid__":"ecpdLyjvZBwrvm+cedCcQy"}],"_useOriginalSize":false,"_string":"Downloading","_N$string":"Downloading","_N$file":{"__uuid__":"24fObuTvpAzJ/eMPrx0KTu"},"_isSystemFontUsed":false,"_N$verticalAlign":1},{"__type__":"cc.Node","_name":"label loading","_parent":{"__id__":7},"_level":2,"_components":[{"__id__":5},{"__type__":"cc.Widget","node":{"__id__":6},"alignMode":2,"_alignFlags":1,"_left":913.830625,"_right":548.2993749999999,"_top":-100,"_bottom":251.10000000000002,"_verticalCenter":73.86,"_originalWidth":97.87,"_originalHeight":50.4}],"_color":{"__type__":"cc.Color","r":204,"g":204,"b":204},"_contentSize":{"__type__":"cc.Size","width":257.44,"height":50.4},"_position":{"__type__":"cc.Vec3","y":113.3}},{"__type__":"cc.Node","_name":"New ProgressBar","_parent":{"__id__":2},"_children":[{"__id__":6},{"__id__":8}],"_level":1,"_components":[{"__type__":"cc.Sprite","node":{"__id__":7},"_materials":[{"__uuid__":"ecpdLyjvZBwrvm+cedCcQy"}],"_spriteFrame":{"__uuid__":"994fSfg9RP25vUq2Bqxc1c"},"_type":1,"_sizeMode":0},{"__id__":10},{"__type__":"cc.Widget","node":{"__id__":7},"_alignFlags":4,"_bottom":149.55}],"_contentSize":{"__type__":"cc.Size","width":1672,"height":77},"_position":{"__type__":"cc.Vec3","y":-351.95}},{"__type__":"cc.Node","_name":"bar","_parent":{"__id__":7},"_components":[{"__id__":9}],"_contentSize":{"__type__":"cc.Size","width":1659,"height":62},"_anchorPoint":{"__type__":"cc.Vec2","y":0.5},"_position":{"__type__":"cc.Vec3","x":-831}},{"__type__":"cc.Sprite","node":{"__id__":8},"_materials":[{"__uuid__":"ecpdLyjvZBwrvm+cedCcQy"}],"_spriteFrame":{"__uuid__":"e3cjzfRHFJGKdNnaFDc4Ld"},"_type":1,"_fillRange":1},{"__type__":"cc.ProgressBar","node":{"__id__":7},"_N$totalLength":831,"_N$barSprite":{"__id__":9},"_N$progress":0},{"__type__":"cc.Node","_name":"New Sprite","_parent":{"__id__":2},"_level":1,"_components":[{"__type__":"cc.Sprite","node":{"__id__":11},"_materials":[{"__uuid__":"ecpdLyjvZBwrvm+cedCcQy"}],"_spriteFrame":{"__uuid__":"3bY980VtpF/J00Mq2xlH4n"},"_sizeMode":0},{"__type__":"cc.Widget","node":{"__id__":11},"_alignFlags":45,"_originalWidth":40,"_originalHeight":36}],"_contentSize":{"__type__":"cc.Size","width":1920,"height":1080}},{"__type__":"cc.Node","_name":"New Label","_parent":{"__id__":2},"_level":1,"_components":[{"__type__":"cc.Label","node":{"__id__":12},"_materials":[{"__uuid__":"ecpdLyjvZBwrvm+cedCcQy"}],"_useOriginalSize":false,"_string":"Race Maze","_N$string":"Race Maze","_fontSize":150,"_lineHeight":150,"_N$file":{"__uuid__":"24fObuTvpAzJ/eMPrx0KTu"},"_isSystemFontUsed":false,"_N$horizontalAlign":1,"_N$verticalAlign":1},{"__type__":"cc.Widget","node":{"__id__":12},"_alignFlags":18,"_bottom":-25.200000000000045,"_verticalCenter":161.958},{"__type__":"cc.LabelShadow","node":{"__id__":12},"_color":{"__type__":"cc.Color","g":102,"b":255},"_offset":{"__type__":"cc.Vec2","x":5,"y":-10},"_blur":0}],"_contentSize":{"__type__":"cc.Size","width":836.7,"height":189},"_position":{"__type__":"cc.Vec3","y":161.958}}],{"__type__":"cc.SpriteFrame","content":{"name":"icon","texture":"a1nPIc2fJMno98BSCfI+Q9","rect":[0,0,2048,2048],"offset":[0,0],"originalSize":[2048,2048],"capInsets":[0,0,0,0]}},{"__type__":"cc.SpriteFrame","content":{"name":"bg","texture":"ebKHhh18lGoLNkYbkJdzGH","rect":[4,6,1662,72],"offset":[-1,1.5],"originalSize":[1672,87],"capInsets":[0,0,0,0]}},{"__type__":"cc.SpriteFrame","content":{"name":"blue","texture":"bbaL8Fc1xI3oeCenhMutlh","rect":[7,21,1659,62],"offset":[0.5,1.5],"originalSize":[1672,107],"capInsets":[0,0,0,0]}}]