[1,["7e2w/JeSNJq6X8c6q4VGNq","d0MqyYBeFAkIi762QNy1/B@b47c0","6fAc9/gb9Kfr1dCvwZaWSA@b47c0","a8AlCX8lVF9aKMsahVyPLq@f9941","e0Vq5R9iVIR6GqtCBSct3v@f9941","a8AlCX8lVF9aKMsahVyPLq@6c48a","e0Vq5R9iVIR6GqtCBSct3v@6c48a"],["node","root","_spriteFrame","_textureSource","_cameraComponent","scene","_parent","asset","_envmapHDR","_envmapLDR","data"],["cc.ImageAsset",["cc.Node",["_name","_layer","_id","_objFlags","__editorExtras__","_components","_parent","_prefab","_children","_lpos"],-2,9,1,4,2,5],"cc.TextureCube","cc.SpriteFrame",["cc.UITransform",["node","_contentSize","__prefab"],3,1,5,4],["cc.Widget",["_alignFlags","_top","_bottom","_originalWidth","_originalHeight","node","__prefab"],-2,1,4],["cc.SceneAsset",["_name"],2],["cc.Node",["_name","_parent","_components","_lpos"],2,1,2,5],["cc.Canvas",["node","_cameraComponent"],3,1,1],["cc.TargetInfo",["localID"],2],["cc.Scene",["_name","_children","_prefab","_globals"],2,2,4,4],["cc.PrefabInfo",["root","asset","fileId","instance","targetOverrides","nestedPrefabInstanceRoots"],-2,2],["cc.PrefabInfo",["fileId","targetOverrides","nestedPrefabInstanceRoots","root","instance","asset"],0,1,4,6],["cc.PrefabInfo",["fileId","instance","targetOverrides","nestedPrefabInstanceRoots","root","asset"],-1,1,1],["cc.SceneGlobals",["ambient","shadows","_skybox","fog","octree","lightProbeInfo"],3,4,4,4,4,4,4],["cc.AmbientInfo",["_skyIllumLDR","_skyColorHDR","_skyColorLDR","_groundAlbedoLDR"],2,5,5,5],["cc.ShadowsInfo",["_shadowColor"],3,5],["cc.SkyboxInfo",["_enabled","_envmapHDR","_envmapLDR"],2,6,6],["cc.FogInfo",[],3],["cc.OctreeInfo",[],3],["cc.LightProbeInfo",[],3],["cc.Label",["_string","_actualFontSize","_fontSize","_lineHeight","_isItalic","_isBold","node"],-3,1],["cc.PrefabInstance",["fileId","prefabRootNode","propertyOverrides"],1,9],["CCPropertyOverrideInfo",["value","propertyPath","targetInfo"],1,1],["CCPropertyOverrideInfo",["propertyPath","targetInfo","value"],2,1,8],["2fac3Nf965B8IvTxQxaHqF5",["node"],3,1],["cc.Camera",["_projection","_priority","_orthoHeight","_far","_visibility","node","_color"],-2,1,5],["cc.Prefab",["_name"],2],["cc.CompPrefabInfo",["fileId"],2],["cc.Sprite",["node","__prefab","_spriteFrame"],3,1,4,6]],[[28,0,2],[24,0,1,2,2],[4,0,1,1],[4,0,2,1,1],[13,0,1,2,3,4,5,5],[29,0,1,2,1],[6,0,2],[1,0,1,2,8,5,9,4],[1,0,1,6,5,3],[1,3,4,6,7,3],[1,0,2,6,5,3],[1,0,1,8,5,7,3],[1,0,1,6,5,7,3],[7,0,1,2,3,2],[8,0,1,1],[5,0,1,2,5,4],[5,0,3,4,5,6,4],[9,0,2],[10,0,1,2,3,2],[11,0,1,2,3,4,5,6],[12,0,1,2,3,4,5,4],[14,0,1,2,3,4,5,1],[15,0,1,2,3,2],[16,0,1],[17,0,1,2,2],[18,1],[19,1],[20,1],[21,0,1,2,3,4,5,6,7],[22,0,1,2,3],[23,0,1,2,3],[25,0,1],[26,0,1,2,3,4,5,6,6],[27,0,2]],[[[[6,"StartScene"],[7,"Canvas",33554432,"8bRXFHfDdHqIuQPSmgb/GK",[-5,-6,-7],[[2,-1,[5,1080,1920]],[14,-3,-2],[15,45,1.1368683772161603e-13,1.1368683772161603e-13,-4]],[1,540,960.0000000000001,0]],[17,["22GNrM9vRDUIXKY9cYvHRu"]],[18,"StartScene",[-9,1],[19,null,null,"07bde445-38c1-4f07-90c0-4018ef1abff8",null,null,[-8]],[21,[22,0.8,[2,0.2,0.5,0.8,0.520833125],[2,0.452588,0.607642,0.755699,0],[2,0.618555,0.577848,0.544564,0]],[23,[4,4283190348]],[24,true,1,2],[25],[26],[27]]],[8,"Label",33554432,1,[[2,-10,[5,510.3645249135912,126]],[28,"CHECKING...",80,80,100,true,true,-11]]],[9,0,{},1,[20,"22GNrM9vRDUIXKY9cYvHRu",null,null,-12,[29,"c1+SWzcvNLb4dfNOhkic+u",null,[[30,"BG",["_name"],2],[1,["_lpos"],2,[1,0,0,0]],[1,["_lrot"],2,[3,0,0,0,1]],[1,["_euler"],2,[1,0,0,0]]]],0]],[10,"Checker","68RCIYRyhCRpcmlEucOq9o",3,[[31,-13]]],[13,"Camera",1,[-14],[1,0,0,1000]],[32,0,1073741824,780.0000000000001,2000,41943040,7,[4,4287770478]]],0,[0,0,1,0,4,8,0,0,1,0,0,1,0,-1,7,0,-2,4,0,-3,5,0,-1,5,0,-1,6,0,0,4,0,0,4,0,1,5,0,0,6,0,-1,8,0,5,3,1,6,3,14],[0,0,0],[7,8,9],[0,1,2]],[[{"base":"2,2,0,0,2,0","rgbe":false,"mipmaps":[{"front":"6fAc9/gb9Kfr1dCvwZaWSA@b47c0@e9a6d","back":"6fAc9/gb9Kfr1dCvwZaWSA@b47c0@40c10","left":"6fAc9/gb9Kfr1dCvwZaWSA@b47c0@8fd34","right":"6fAc9/gb9Kfr1dCvwZaWSA@b47c0@74afd","top":"6fAc9/gb9Kfr1dCvwZaWSA@b47c0@bb97f","bottom":"6fAc9/gb9Kfr1dCvwZaWSA@b47c0@7d38f"}]}],[2],0,[],[],[]],[[{"fmt":"0","w":0,"h":0},-1],[0],0,[],[],[]],[[{"fmt":"0","w":0,"h":0},-1],[0],0,[],[],[]],[[{"fmt":"0","w":0,"h":0},-1],[0],0,[],[],[]],[[{"fmt":"0","w":0,"h":0},-1],[0],0,[],[],[]],[[{"fmt":"0","w":0,"h":0},-1],[0],0,[],[],[]],[[{"fmt":"0","w":0,"h":0},-1],[0],0,[],[],[]],[[[33,"BG"],[11,"BG",33554432,[-5],[[3,-2,[0,"f88qrMYrtI7alYjFZRd8de"],[5,1080,1920]],[5,-3,[0,"c8RnIGkXdMCLxHKAWqGCwu"],1],[16,45,1080,1920,-4,[0,"86RjU/hWBFZqgKk41RvuU/"]]],[4,"22GNrM9vRDUIXKY9cYvHRu",null,null,null,-1,0]],[12,"loo",33554432,1,[[3,-6,[0,"aednHDJJBC76H2gaoBGisS"],[5,939,166]],[5,-7,[0,"81z8wafZBBDKE/ETxRQOFA"],0]],[4,"fdz7M5x6xI8YuMDFS8/NSa",null,null,null,1,0]]],0,[0,1,1,0,0,1,0,0,1,0,0,1,0,-1,2,0,0,2,0,0,2,0,10,1,7],[0,0],[2,2],[3,4]],[[{"name":"logo","rect":{"x":0,"y":0,"width":939,"height":166},"offset":{"x":0,"y":0},"originalSize":{"width":939,"height":166},"rotated":false,"capInsets":[0,0,0,0],"vertices":{"rawPosition":[-469.5,-83,0,469.5,-83,0,-469.5,83,0,469.5,83,0],"indexes":[0,1,2,2,1,3],"uv":[0,166,939,166,0,0,939,0],"nuv":[0,0,1,0,0,1,1,1],"minPos":{"x":-469.5,"y":-83,"z":0},"maxPos":{"x":469.5,"y":83,"z":0}},"packable":true,"pixelsToUnit":100,"pivot":{"x":0.5,"y":0.5},"meshType":0}],[3],0,[0],[3],[5]],[[{"base":"2,2,0,0,2,0","rgbe":true,"mipmaps":[{"front":"d0MqyYBeFAkIi762QNy1/B@b47c0@e9a6d","back":"d0MqyYBeFAkIi762QNy1/B@b47c0@40c10","left":"d0MqyYBeFAkIi762QNy1/B@b47c0@8fd34","right":"d0MqyYBeFAkIi762QNy1/B@b47c0@74afd","top":"d0MqyYBeFAkIi762QNy1/B@b47c0@bb97f","bottom":"d0MqyYBeFAkIi762QNy1/B@b47c0@7d38f"}]}],[2],0,[],[],[]],[[{"fmt":"0","w":0,"h":0},-1],[0],0,[],[],[]],[[{"fmt":"0","w":0,"h":0},-1],[0],0,[],[],[]],[[{"fmt":"0","w":0,"h":0},-1],[0],0,[],[],[]],[[{"fmt":"0","w":0,"h":0},-1],[0],0,[],[],[]],[[{"fmt":"0","w":0,"h":0},-1],[0],0,[],[],[]],[[{"fmt":"0","w":0,"h":0},-1],[0],0,[],[],[]],[[{"name":"bg1","rect":{"x":0,"y":0,"width":1080,"height":1920},"offset":{"x":0,"y":0},"originalSize":{"width":1080,"height":1920},"rotated":false,"capInsets":[0,0,0,0],"vertices":{"rawPosition":[-540,-960,0,540,-960,0,-540,960,0,540,960,0],"indexes":[0,1,2,2,1,3],"uv":[0,1920,1080,1920,0,0,1080,0],"nuv":[0,0,1,0,0,1,1,1],"minPos":{"x":-540,"y":-960,"z":0},"maxPos":{"x":540,"y":960,"z":0}},"packable":true,"pixelsToUnit":100,"pivot":{"x":0.5,"y":0.5},"meshType":0}],[3],0,[0],[3],[6]]]]
