[[{"__type__":"cc.Prefab","_name":"platform_orange","data":{"__id__":1}},{"__type__":"cc.Node","_name":"platform_blue","_level":1,"_components":[{"__type__":"cc.Sprite","node":{"__id__":1},"_materials":[{"__uuid__":"ecpdLyjvZBwrvm+cedCcQy"}],"_spriteFrame":{"__uuid__":"c0gG2FPYBD9qmpCQ1CUdhx"},"_sizeMode":0},{"__type__":"cc.BoxCollider","node":{"__id__":1},"tag":1,"_offset":{"__type__":"cc.Vec2","x":75,"y":15},"_size":{"__type__":"cc.Size","width":150,"height":30}},{"__type__":"f1ddbBH4nBFAZtJgG07gOOv","node":{"__id__":1}}],"_prefab":{"__type__":"cc.PrefabInfo","root":{"__id__":1},"asset":{"__uuid__":"5bNgaiA6xD/a1QaRDjlxR8"},"fileId":"3bpYl6HzNI3qYLNB9ZryFQ"},"_contentSize":{"__type__":"cc.Size","width":150,"height":30},"_anchorPoint":{"__type__":"cc.Vec2"},"_position":{"__type__":"cc.Vec3","x":156,"y":360},"groupIndex":2}],{"__type__":"cc.SpriteFrame","content":{"name":"rock","texture":"14zG9Z9f5PvZ5YJhWRnitJ","rect":[0,0,249,44],"offset":[0,0],"originalSize":[249,44],"capInsets":[0,0,0,0]}}]