{"importBase":"import","nativeBase":"native","name":"main","deps":["internal"],"uuids":["07veRFOMFPB5DAQBjvGr/4","29BpvqoeREZo0VKN2UzYPg","2dcD0zEudE4qjABSQaU9Lk","35Osn2gFZA85Qj2f4zxpo3","4fszqPGbRLt7JpriKSzrei","6fAc9/gb9Kfr1dCvwZaWSA@b47c0@40c10","6fAc9/gb9Kfr1dCvwZaWSA@b47c0@74afd","6fAc9/gb9Kfr1dCvwZaWSA@b47c0@7d38f","6fAc9/gb9Kfr1dCvwZaWSA@b47c0@8fd34","6fAc9/gb9Kfr1dCvwZaWSA@b47c0@bb97f","6fAc9/gb9Kfr1dCvwZaWSA@b47c0@e9a6d","a8AlCX8lVF9aKMsahVyPLq","baIUdvKGZPgZxNbjWTFuRI","bblex12kNAkY8qeVpNbY6s","d0MqyYBeFAkIi762QNy1/B@b47c0@40c10","d0MqyYBeFAkIi762QNy1/B@b47c0@74afd","d0MqyYBeFAkIi762QNy1/B@b47c0@7d38f","d0MqyYBeFAkIi762QNy1/B@b47c0@8fd34","d0MqyYBeFAkIi762QNy1/B@b47c0@bb97f","d0MqyYBeFAkIi762QNy1/B@b47c0@e9a6d","e0Vq5R9iVIR6GqtCBSct3v","fdjsU2o1RKF5x0TziDw3jI","04b402eeb","06eaf03a7","0da0b8d4e","0fa1028b3","29BpvqoeREZo0VKN2UzYPg@6c48a","29BpvqoeREZo0VKN2UzYPg@f9941","2dcD0zEudE4qjABSQaU9Lk@6c48a","2dcD0zEudE4qjABSQaU9Lk@f9941","6fAc9/gb9Kfr1dCvwZaWSA@b47c0","7e2w/JeSNJq6X8c6q4VGNq","a8AlCX8lVF9aKMsahVyPLq@6c48a","a8AlCX8lVF9aKMsahVyPLq@f9941","bblex12kNAkY8qeVpNbY6s@6c48a","bblex12kNAkY8qeVpNbY6s@f9941","d0MqyYBeFAkIi762QNy1/B@b47c0","e0Vq5R9iVIR6GqtCBSct3v@6c48a","e0Vq5R9iVIR6GqtCBSct3v@f9941"],"paths":{"12":["db:/internal/physics/default-physics-material",1],"21":["db:/internal/default_renderpipeline/builtin-forward",0]},"scenes":{"db://assets/LoadScene/StartScene.scene":0,"db://assets/LoadScene/SceneLoader.scene":3},"packs":{"04b402eeb":["27","29","3","4","35"],"06eaf03a7":["0","30","5","6","7","8","9","10","31","33","36","14","15","16","17","18","19","38"],"0da0b8d4e":["2","1","11","13","20"],"0fa1028b3":["28","26","32","34","37"]},"versions":{"import":[22,"32c6a",23,"ebc61",24,"4a561",25,"fb3d6",21,"731f4"],"native":[1,"02561",2,"6b2c6",5,"6f2af",6,"459f6",7,"6a9df",8,"dabf1",9,"ea0b7",10,"9e658",11,"f8d64",13,"ef16d",14,"d8477",15,"66393",16,"a5757",17,"2b5b1",18,"8000e",19,"3645b",20,"e916f",4,"5165c"]},"redirect":[12,"0"],"debug":false,"extensionMap":{},"hasPreloadScript":true,"types":["cc.RenderPipeline","cc.PhysicsMaterial"]}