{"importBase":"import","nativeBase":"native","name":"main","deps":["internal"],"uuids":["07veRFOMFPB5DAQBjvGr/4","35Osn2gFZA85Qj2f4zxpo3","552OoJW01EvqzkAOT3OfwI","6fAc9/gb9Kfr1dCvwZaWSA@b47c0@40c10","6fAc9/gb9Kfr1dCvwZaWSA@b47c0@74afd","6fAc9/gb9Kfr1dCvwZaWSA@b47c0@7d38f","6fAc9/gb9Kfr1dCvwZaWSA@b47c0@8fd34","6fAc9/gb9Kfr1dCvwZaWSA@b47c0@bb97f","6fAc9/gb9Kfr1dCvwZaWSA@b47c0@e9a6d","9f1EOmGxJBDYcDgYWKZ289","baIUdvKGZPgZxNbjWTFuRI","d0MqyYBeFAkIi762QNy1/B@b47c0@40c10","d0MqyYBeFAkIi762QNy1/B@b47c0@74afd","d0MqyYBeFAkIi762QNy1/B@b47c0@7d38f","d0MqyYBeFAkIi762QNy1/B@b47c0@8fd34","d0MqyYBeFAkIi762QNy1/B@b47c0@bb97f","d0MqyYBeFAkIi762QNy1/B@b47c0@e9a6d","f0A7W6dnNPYI9xnXl0gRfn","fdjsU2o1RKF5x0TziDw3jI","042ca877e","094d17cd0","099a5189a","0bddbf0de","552OoJW01EvqzkAOT3OfwI@6c48a","552OoJW01EvqzkAOT3OfwI@f9941","6fAc9/gb9Kfr1dCvwZaWSA@b47c0","9f1EOmGxJBDYcDgYWKZ289@6c48a","9f1EOmGxJBDYcDgYWKZ289@f9941","d0MqyYBeFAkIi762QNy1/B@b47c0","d7o+pKeyNIZp2KX3h+oC3n","f0A7W6dnNPYI9xnXl0gRfn@6c48a","f0A7W6dnNPYI9xnXl0gRfn@f9941"],"paths":{"10":["db:/internal/physics/default-physics-material",1],"18":["db:/internal/default_renderpipeline/builtin-forward",0]},"scenes":{"db://assets/LoadScene/StartScene.scene":0,"db://assets/LoadScene/SceneLoader.scene":1},"packs":{"042ca877e":["26","23","30"],"094d17cd0":["0","24","25","3","4","5","6","7","8","27","28","11","12","13","14","15","16","29"],"099a5189a":["9","2","17"],"0bddbf0de":["1","31"]},"versions":{"import":[19,"62818",20,"03d7f",21,"8ebdd",22,"60e22",18,"731f4"],"native":[2,"e916f",3,"6f2af",4,"459f6",5,"6a9df",6,"dabf1",7,"ea0b7",8,"9e658",9,"f8d64",11,"d8477",12,"66393",13,"a5757",14,"2b5b1",15,"8000e",16,"3645b",17,"d9657"]},"redirect":[10,"0"],"debug":false,"extensionMap":{},"hasPreloadScript":true,"types":["cc.RenderPipeline","cc.PhysicsMaterial"]}