[{"__type__":"cc.SpriteAtlas","_name":"shoot_background.plist","_spriteFrames":{"background":{"__uuid__":"ebC63emL9LXIndcO3U4+xT"},"btn_finish":{"__uuid__":"62etiAEOpMr62QfCYAW6F+"},"game_loading1":{"__uuid__":"e03wxdGZ5Nz6Jvt7sNcBZ7"},"game_loading2":{"__uuid__":"b7OG95BnNB7KTN0GvUlgv9"},"game_loading3":{"__uuid__":"70/nh43u5Gxr5y9stg1ml7"},"game_loading4":{"__uuid__":"97C/wz2CNA7I8MZlAieoRB"},"gameover":{"__uuid__":"bc7RVzdY5PLL4zL6GvJVbJ"},"shoot_copyright":{"__uuid__":"3cBWEy08pDbIh+1pXlKwz/"}}},{"__type__":"cc.SpriteFrame","content":{"name":"shoot_copyright","texture":"430PrAMW1IxK1fgRNXLiHa","rect":[2,1710,429,189],"offset":[-1,-15],"originalSize":[441,225],"capInsets":[0,0,0,0]}},{"__type__":"cc.SpriteFrame","content":{"name":"btn_finish","texture":"430PrAMW1IxK1fgRNXLiHa","rect":[2,1901,140,48],"offset":[0,0],"originalSize":[150,48],"rotated":1,"capInsets":[0,0,0,0]}},{"__type__":"cc.SpriteFrame","content":{"name":"game_loading3","texture":"430PrAMW1IxK1fgRNXLiHa","rect":[433,1748,176,36],"offset":[4,0],"originalSize":[186,38],"rotated":1,"capInsets":[0,0,0,0]}},{"__type__":"cc.SpriteFrame","content":{"name":"game_loading4","texture":"430PrAMW1IxK1fgRNXLiHa","rect":[484,2,2,4],"offset":[-51,-8],"originalSize":[114,28],"rotated":1,"capInsets":[0,0,0,0]}},{"__type__":"cc.SpriteFrame","content":{"name":"game_loading2","texture":"430PrAMW1IxK1fgRNXLiHa","rect":[52,1901,108,37],"offset":[-35,0],"originalSize":[186,37],"rotated":1,"capInsets":[0,0,0,0]}},{"__type__":"cc.SpriteFrame","content":{"name":"gameover","texture":"430PrAMW1IxK1fgRNXLiHa","rect":[2,2,480,852],"offset":[0,0],"originalSize":[480,852],"capInsets":[0,0,0,0]}},{"__type__":"cc.SpriteFrame","content":{"name":"game_loading1","texture":"430PrAMW1IxK1fgRNXLiHa","rect":[433,1710,48,36],"offset":[-69,0],"originalSize":[186,38],"capInsets":[0,0,0,0]}},{"__type__":"cc.SpriteFrame","content":{"name":"background","texture":"430PrAMW1IxK1fgRNXLiHa","rect":[2,856,480,852],"offset":[0,0],"originalSize":[480,852],"capInsets":[0,0,0,0]}}]