{"importBase":"import","nativeBase":"native","name":"main","deps":["internal"],"uuids":["0557bb206","0f810308e","43bxvgo/FOfq8LaBryDn2P","baIUdvKGZPgZxNbjWTFuRI","43bxvgo/FOfq8LaBryDn2P@6c48a","43bxvgo/FOfq8LaBryDn2P@f9941","65u/hsDp5FGY5sCahTxlQL","65u/hsDp5FGY5sCahTxlQL@6c48a","65u/hsDp5FGY5sCahTxlQL@f9941","92j+5IJ39EE5+d9IgyZqH4","a3lol1KPZL+ZZISDLzTw7O","92j+5IJ39EE5+d9IgyZqH4@6c48a","92j+5IJ39EE5+d9IgyZqH4@f9941","fdjsU2o1RKF5x0TziDw3jI","fdoJXLgx1GAa2UhGATlj3o"],"paths":{"3":["db:/internal/physics/default-physics-material",2,1],"10":["db:/assets/LoadScene/LoadScene",0,1],"13":["db:/internal/default_renderpipeline/builtin-forward",1,1]},"scenes":{"db://assets/LoadScene/LoadScene.scene":10},"packs":{"0557bb206":[7,4,11],"0f810308e":[5,8,12,10]},"versions":{"import":[],"native":[]},"redirect":[3,"0",14,"0"],"debug":false,"extensionMap":{},"hasPreloadScript":true,"dependencyRelationships":{},"types":["cc.SceneAsset","cc.RenderPipeline","cc.PhysicsMaterial"],"encrypted":true}
