[1,["13419113b@6c48a","91XUqvRPNFJr5w0P7Ox3f+","24KdfgIRBF4aHEQ4r0Vl6v","1cfVgBIvtFa4wapjHrXpAN@6c48a","65NAKk8phLKaXUiZLQXGgy@6c48a","1cfVgBIvtFa4wapjHrXpAN@f9941","65NAKk8phLKaXUiZLQXGgy@f9941","9cTNDtNA1Dxpwt3Bn3bqiU@f9941","0fR2C5375Hkq3RCcYKL14J@f9941","c9ge4Y4GtL87P++Ej4LAnu@f9941","69auESftVD55aL8pnnOc0n@f9941"],["node","_textureSource","_spriteFrame","_font","_parent","_cameraComponent","hotUpdate","scene","_barSprite"],[["cc.Node",["_name","_objFlags","_layer","_id","_active","_components","_parent","_children","_lpos","_lscale"],-2,9,1,2,5,5],"cc.SpriteFrame",["cc.Widget",["_alignFlags","_left","_right","_originalWidth","_originalHeight","_bottom","_top","_alignMode","node","_target"],-5,1,1],["cc.Node",["_name","_objFlags","_layer","_parent","_components","_lpos","_children","_lscale"],0,1,12,5,2,5],"cc.ImageAsset","cc.Texture2D",["cc.UITransform",["node","_contentSize","_anchorPoint"],3,1,5,5],["cc.Sprite",["_sizeMode","_type","node","_spriteFrame"],1,1,6],["cc.Node",["_name","_objFlags","_id","_parent","_components","_lpos"],0,1,2,5],["cc.Label",["_string","_horizontalAlign","_actualFontSize","_fontSize","_lineHeight","_isSystemFontUsed","_cacheMode","node","_color"],-4,1,5],["RenderQueueDesc",["stages","isTransparent","sortMode"],0],["cc.TTFFont",["_name","_native"],1],["cc.SceneAsset",["_name"],2],["cc.Canvas",["node","_cameraComponent"],3,1,1],["cc.Scene",["_name","autoReleaseAssets","_children","_globals"],1,2,4],["cc.SceneGlobals",["ambient","shadows","_skybox","fog","octree","lightProbeInfo"],3,4,4,4,4,4,4],["cc.AmbientInfo",["_skyColorHDR","_groundAlbedoHDR"],3,5,5],["cc.ShadowsInfo",["_shadowColor","_size"],3,5,5],["cc.SkyboxInfo",[],3],["cc.FogInfo",[],3],["cc.OctreeInfo",[],3],["cc.LightProbeInfo",[],3],["cc.LabelOutline",["_width","node","_color"],2,1,5],["sp.Skeleton",["_preCacheMode","_premultipliedAlpha","defaultSkin","defaultAnimation","node"],-1,1],["cc.ProgressBar",["_totalLength","_progress","node"],1,1],["e99a147vehJk5yv6DDN1Msd",["node","hotUpdate","progressBar","lbProgress"],3,1,1,1,1],["26a48SGBIFIVqOGyEhP4d/B",["node","lbVersion","lbInfo","lbMessage","progressBar","lbProgress"],3,1,1,1,1,1,1],["cc.Camera",["_projection","_orthoHeight","_near","_visibility","_color"],-1,5],["4f5aeeX+p5CL51WshoCuY2Y",["node","panel"],3,1,1],["27b7cewVU5EXKZgU3HSV+++",["version","node"],2,1],["cc.PhysicsMaterial",["_name","_friction","_rollingFriction","_spinningFriction","_restitution"],-2],["ForwardPipeline",["_flows"],3,9],["ShadowFlow",["_name","_stages"],2,9],["ShadowStage",["_name"],2],["ForwardFlow",["_name","_priority","_stages"],1,9],["ForwardStage",["_name","renderQueues"],2,9]],[[6,0,1,1],[0,0,1,2,6,7,5,4],[3,0,1,2,3,4,5,7,4],[6,0,1,2,1],[6,0,1],[7,2,3,1],[22,0,1,2,2],[9,0,1,2,3,4,5,6,7,8,8],[11,0,1,3],[3,0,1,2,3,6,4,5,4],[7,0,2,3,2],[12,0,2],[0,0,1,2,3,7,5,8,5],[0,0,1,2,6,5,4],[0,0,1,4,2,6,5,8,5],[0,0,1,2,7,5,8,9,4],[0,0,1,2,6,5,9,4],[0,0,4,2,6,5,8,9,4],[0,0,2,6,5,8,9,3],[0,0,1,2,6,7,5,8,4],[0,0,1,7,5,3],[0,0,1,3,6,7,4],[0,0,1,3,6,5,4],[3,0,1,2,3,6,4,5,7,4],[3,0,1,2,3,4,5,4],[8,0,1,2,3,4,5,4],[8,0,1,3,4,3],[13,0,1,1],[2,0,1,2,8,4],[2,0,3,4,8,9,4],[2,0,1,5,8,9,4],[2,0,3,4,8,4],[2,0,1,2,6,5,3,4,8,9,8],[2,0,2,7,8,9,4],[14,0,1,2,3,3],[15,0,1,2,3,4,5,1],[16,0,1,1],[17,0,1,1],[18,1],[19,1],[20,1],[21,1],[7,1,0,2,3],[23,0,1,2,3,4,5],[24,0,1,2,3],[9,0,1,2,3,4,5,6,7,8],[25,0,1,2,3,1],[26,0,1,2,3,4,5,1],[27,0,1,2,3,4,5],[28,0,1,1],[29,0,1,2],[30,0,1,2,3,4,6],[31,0,1],[32,0,1,2],[33,0,2],[34,0,1,2,3],[35,0,1,2],[10,0,2],[10,1,2,0,4]],[[[{"name":"Light","rect":{"x":3,"y":60,"width":209,"height":81},"offset":{"x":0,"y":0},"originalSize":{"width":211,"height":83},"rotated":false,"capInsets":[0,0,0,0],"packable":true,"pixelsToUnit":100,"pivot":{"x":0.5,"y":0.5},"meshType":0}],[1],0,[0],[1],[0]],[[{"fmt":"0","w":651,"h":694},-1],[4],0,[],[],[]],[[{"base":"2,2,0,0,0,0","mipmaps":["13419113b"]}],[5],0,[],[],[]],[[{"fmt":"1","w":0,"h":0},-1],[4],0,[],[],[]],[[{"base":"2,2,2,2,0,0","mipmaps":["1cfVgBIvtFa4wapjHrXpAN"]}],[5],0,[],[],[]],[[{"name":"BG_Game_1","rect":{"x":0,"y":0,"width":1280,"height":720},"offset":{"x":0,"y":0},"originalSize":{"width":1280,"height":720},"rotated":false,"capInsets":[0,0,0,0],"vertices":{"rawPosition":[-640,-360,0,640,-360,0,-640,360,0,640,360,0],"indexes":[0,1,2,2,1,3],"uv":[0,720,1280,720,0,0,1280,0],"nuv":[0,0,1,0,0,1,1,1],"minPos":{"x":-640,"y":-360,"z":0},"maxPos":{"x":640,"y":360,"z":0}},"packable":true,"pixelsToUnit":100,"pivot":{"x":0.5,"y":0.5},"meshType":0}],[1],0,[0],[1],[3]],[[[8,"Inter-SemiBold","Inter-SemiBold.ttf"],-1],0,0,[],[],[]],[[{"fmt":"1","w":0,"h":0},-1],[4],0,[],[],[]],[[{"base":"2,2,2,2,0,0","mipmaps":["65NAKk8phLKaXUiZLQXGgy"]}],[5],0,[],[],[]],[[{"name":"BG_Game_2","rect":{"x":31,"y":0,"width":1871,"height":1046},"offset":{"x":8.5,"y":0},"originalSize":{"width":1916,"height":1046},"rotated":false,"capInsets":[0,0,0,0],"vertices":{"rawPosition":[-935.5,-523,0,935.5,-523,0,-935.5,523,0,935.5,523,0],"indexes":[0,1,2,2,1,3],"uv":[31,1046,1902,1046,31,0,1902,0],"nuv":[0.016179540709812108,0,0.9926931106471816,0,0.016179540709812108,1,0.9926931106471816,1],"minPos":{"x":-935.5,"y":-523,"z":0},"maxPos":{"x":935.5,"y":523,"z":0}},"packable":true,"pixelsToUnit":100,"pivot":{"x":0.5,"y":0.5},"meshType":0}],[1],0,[0],[1],[4]],[[{"name":"11","rect":{"x":3,"y":3,"width":318,"height":51},"offset":{"x":0,"y":-0.5},"originalSize":{"width":318,"height":52},"rotated":false,"capInsets":[30,2,36,0],"packable":true,"pixelsToUnit":100,"pivot":{"x":0.5,"y":0.5},"meshType":0}],[1],0,[0],[1],[0]],[[[11,"Loading"],[12,"Canvas",512,33554432,"beI88Z2HpFELqR4T5EMHpg",[-5,-6],[[0,-1,[5,1920,1080]],[27,-3,-2],[28,45,-1.1368683772161603e-13,-1.1368683772161603e-13,-4]],[1,959.9999999999999,540,0]],[1,"Container",512,33554432,1,[-9,-10,-11,-12,-13],[[0,-7,[5,1920,1080]],[29,45,100,100,-8,1]]],[34,"Loading",true,[1,-14,-15,-16],[35,[36,[2,0,0,0,0.520833125],[2,0,0,0,0]],[37,[4,4283190348],[0,512,512]],[38],[39],[40],[41]]],[23,"ProgressBar Loading",512,33554432,2,[-20],[[[0,-17,[5,558,48]],[5,-18,4],-19],4,4,1],[1,0,-388.351,0],[1,1.5,1.5,1]],[9,"Bar",512,33554432,4,[-23],[[[3,-21,[5,0,51],[0,0,0.5]],-22],4,1],[1,-276.265,0.725,0]],[9,"HotUpdatePanel",512,33554432,2,[-26,-27],[[[4,-24],-25],4,1],[1,0,-85.004,0]],[2,"lbVersion",512,33554432,6,[[[3,-28,[5,751.17,138],[0,0,0.5]],-29,[6,6,-30,[4,4278263619]],[30,12,65,28.428999999999974,-31,1]],4,1,4,4],[1,-895,-411.387,0],[1,0.22,0.22,1]],[1,"Background group",512,33554432,2,[-34],[[0,-32,[5,1920,1080]],[31,45,100,100,-33]]],[13,"background",512,33554432,8,[[0,-35,[5,2720,1880]],[10,0,-36,1],[32,45,-400,-400,-400,-400,860,651,-37,1]]],[1,"Logo Group",512,33554432,2,[-39,-40],[[0,-38,[5,1920,1080]]]],[14,"Light",512,false,33554432,5,[[0,-41,[5,209,81]],[5,-42,3],[33,32,-35.654000000000025,1,-43,5]],[1,321.754,2,0]],[15,"lbLoading",512,33554432,[-45,-46],[[4,-44]],[1,0,50.408,0],[1,1.5,1.5,1]],[2,"lbProgress",512,33554432,12,[[[0,-47,[5,157.9,132]],-48,[6,3,-49,[4,4294967295]]],4,1,4],[1,0,-64.701,0],[1,0.34,0.34,1]],[2,"lbInfo",512,33554432,12,[[[0,-50,[5,706.28,138]],-51,[6,6,-52,[4,4278263619]]],4,1,4],[1,0,60,0],[1,0.22,0.22,1]],[16,"BG",512,33554432,1,[[0,-53,[5,1280,720]],[10,0,-54,0]],[1,5,5,1]],[17,"LOGO ONE88",false,33554432,10,[[3,-55,[5,2530,824],[0,0.4815849802371542,0.047075242718446604]],[43,0,false,"default","animation",-56]],[1,0,-90.131,0],[1,0.6,0.6,1]],[18,"logo",33554432,10,[[0,-57,[5,645,490]],[5,-58,2]],[1,8.14,69.258,0],[1,1.2,1.2,1]],[44,558,0,4],[19,"lbLoading",512,33554432,2,[12],[[4,-59]],[1,0,-420.777,0]],[7,"0%",0,100,100,100,false,1,13,[4,4280927200]],[24,"lbMessage",512,33554432,6,[[[0,-60,[5,448.16,25.2]],-61],4,1],[1,0,-238.862,0]],[20,"@controller",512,[-64],[[46,-63,-62,18,20]]],[42,2,0,5],[7,"Loading Game",0,100,100,100,false,1,14,[4,4289133311]],[7,"Version: 1.0.0.0",0,100,100,100,false,1,7,[4,4289133311]],[45,"No local manifest file found, hot update skipped.",0,20,20,20,false,1,21],[47,6,25,24,26,18,20],[48,0,540,0,1108344832,[4,4278190080]],[25,"Camera",512,"ebFwiq8gBFaYpqYbdoDODe",3,[28],[1,959.9999999999999,540,1000]],[21,"-----System-----",512,"06saqgpUNOY5I1H8vmWq8C",3,[22]],[26,"HotUpdate",512,22,[-65]],[49,31,27],[22,"SettingGame",512,"f5SSiBLLVK07YvOEgFu1oA",3,[[50,"1.0.0.0",-66]]]],0,[0,0,1,0,5,28,0,0,1,0,0,1,0,-1,15,0,-2,2,0,0,2,0,0,2,0,-1,8,0,-2,10,0,-3,4,0,-4,19,0,-5,6,0,-2,29,0,-3,30,0,-4,33,0,0,4,0,0,4,0,-3,18,0,-1,5,0,0,5,0,-2,23,0,-1,11,0,0,6,0,-2,27,0,-1,7,0,-2,21,0,0,7,0,-2,25,0,0,7,0,0,7,0,0,8,0,0,8,0,-1,9,0,0,9,0,0,9,0,0,9,0,0,10,0,-1,16,0,-2,17,0,0,11,0,0,11,0,0,11,0,0,12,0,-1,13,0,-2,14,0,0,13,0,-2,20,0,0,13,0,0,14,0,-2,24,0,0,14,0,0,15,0,0,15,0,0,16,0,0,16,0,0,17,0,0,17,0,0,19,0,0,21,0,-2,26,0,6,32,0,0,22,0,-1,31,0,-1,32,0,0,33,0,7,3,1,4,3,12,4,19,18,8,23,22,4,30,28,0,29,66],[0,0,0,0,0,23,20,24,25,26],[2,2,2,2,2,2,3,3,3,3],[5,6,7,8,9,10,1,2,2,1]],[[[8,"Acumin-BdPro","Acumin-BdPro.ttf"],-1],0,0,[],[],[]],[[{"name":"logo","rect":{"x":3,"y":201,"width":645,"height":490},"offset":{"x":0,"y":-3.5},"originalSize":{"width":645,"height":645},"rotated":false,"capInsets":[0,0,0,0],"packable":true,"pixelsToUnit":100,"pivot":{"x":0.5,"y":0.5},"meshType":0}],[1],0,[0],[1],[0]],[[[51,"default-physics-material",0.8,0.1,0.1,0.1]],0,0,[],[],[]],[[{"name":"loadingbar_base","rect":{"x":3,"y":147,"width":558,"height":48},"offset":{"x":0,"y":0},"originalSize":{"width":558,"height":48},"rotated":false,"capInsets":[50,10,50,10],"packable":true,"pixelsToUnit":100,"pivot":{"x":0.5,"y":0.5},"meshType":0}],[1],0,[0],[1],[0]],[[[52,[[53,"ShadowFlow",[[54,"ShadowStage"]]],[55,"ForwardFlow",1,[[56,"ForwardStage",[[57,["default"]],[58,true,1,["default"]]]]]]]]],0,0,[],[],[]]]]
