[1,["bblex12kNAkY8qeVpNbY6s@f9941","29BpvqoeREZo0VKN2UzYPg@6c48a","2dcD0zEudE4qjABSQaU9Lk@6c48a","7e2w/JeSNJq6X8c6q4VGNq","2dcD0zEudE4qjABSQaU9Lk@f9941","29BpvqoeREZo0VKN2UzYPg@f9941","4fszqPGbRLt7JpriKSzrei","bblex12kNAkY8qeVpNbY6s@6c48a"],["node","_textureSource","_cameraComponent","loadingLabel","root","scene","_parent","_spriteFrame","asset","_font"],["cc.SpriteFrame",["cc.Node",["_name","_layer","_id","_objFlags","__editorExtras__","_components","_parent","_children","_lpos","_lscale","_prefab"],-2,9,1,2,5,5,4],["cc.Widget",["_alignFlags","_top","_bottom","_left","_right","_originalWidth","_originalHeight","node","_target"],-4,1,1],["cc.SceneAsset",["_name"],2],["cc.Node",["_name","_layer","_parent","_components","_lpos"],1,1,12,5],["cc.Node",["_name","_parent","_components","_lpos"],2,1,2,5],["cc.UITransform",["node","_contentSize"],3,1,5],["cc.Canvas",["node","_cameraComponent"],3,1,1],["b5049GmvGJLpK0Kp6DG9vNi",["node","listBG","loadingLabel"],3,1,3,1],["cc.TargetInfo",["localID"],2],["cc.Sprite",["node","_spriteFrame"],3,1,6],["cc.PrefabInfo",["fileId","targetOverrides","nestedPrefabInstanceRoots","root","instance","asset"],0,1,4,6],["cc.PrefabInfo",["root","asset","fileId","instance","targetOverrides","nestedPrefabInstanceRoots"],-2,2],["cc.PrefabInstance",["fileId","prefabRootNode","propertyOverrides"],1,9],["CCPropertyOverrideInfo",["value","propertyPath","targetInfo"],1,1],["CCPropertyOverrideInfo",["propertyPath","targetInfo","value"],2,1,8],["cc.Scene",["_name","_children","_prefab","_globals"],2,2,4,4],["cc.SceneGlobals",["ambient","shadows","_skybox","fog","octree","lightProbeInfo"],3,4,4,4,4,4,4],["cc.AmbientInfo",["_skyIllumLDR","_skyColorHDR","_skyColorLDR","_groundAlbedoLDR"],2,5,5,5],["cc.ShadowsInfo",["_shadowColor"],3,5],["cc.SkyboxInfo",[],3],["cc.FogInfo",[],3],["cc.OctreeInfo",[],3],["cc.LightProbeInfo",[],3],["cc.Camera",["_projection","_priority","_orthoHeight","_far","_clearFlags","_visibility","node","_color"],-3,1,5],["cc.Label",["_string","_actualFontSize","_fontSize","_overflow","_isSystemFontUsed","_isBold","node"],-3,1],["cc.TTFFont",["_name","_native"],1]],[[6,0,1,1],[15,0,1,2,2],[3,0,2],[1,0,1,2,7,5,8,4],[1,0,1,6,5,9,3],[1,3,4,6,10,3],[4,0,1,2,3,4,3],[5,0,1,2,3,2],[7,0,1,1],[2,0,1,2,7,4],[2,0,3,4,1,2,5,6,7,8,8],[8,0,1,2,1],[9,0,2],[10,0,1,1],[11,0,1,2,3,4,5,4],[12,0,1,2,3,4,5,6],[13,0,1,2,3],[14,0,1,2,3],[16,0,1,2,3,2],[17,0,1,2,3,4,5,1],[18,0,1,2,3,2],[19,0,1],[20,1],[21,1],[22,1],[23,1],[24,0,1,2,3,4,5,6,7,7],[25,0,1,2,3,4,5,6,7],[26,0,1,3]],[[[{"name":"bg-3","rect":{"x":0,"y":0,"width":1560,"height":720},"offset":{"x":0,"y":0},"originalSize":{"width":1560,"height":720},"rotated":false,"capInsets":[0,0,0,0],"vertices":{"rawPosition":[-780,-360,0,780,-360,0,-780,360,0,780,360,0],"indexes":[0,1,2,2,1,3],"uv":[0,720,1560,720,0,0,1560,0],"nuv":[0,0,1,0,0,1,1,1],"minPos":{"x":-780,"y":-360,"z":0},"maxPos":{"x":780,"y":360,"z":0}},"packable":true,"pixelsToUnit":100,"pivot":{"x":0.5,"y":0.5},"meshType":0}],[0],0,[0],[1],[1]],[[{"name":"bg-2","rect":{"x":0,"y":0,"width":1560,"height":720},"offset":{"x":0,"y":0},"originalSize":{"width":1560,"height":720},"rotated":false,"capInsets":[0,0,0,0],"vertices":{"rawPosition":[-780,-360,0,780,-360,0,-780,360,0,780,360,0],"indexes":[0,1,2,2,1,3],"uv":[0,720,1560,720,0,0,1560,0],"nuv":[0,0,1,0,0,1,1,1],"minPos":{"x":-780,"y":-360,"z":0},"maxPos":{"x":780,"y":360,"z":0}},"packable":true,"pixelsToUnit":100,"pivot":{"x":0.5,"y":0.5},"meshType":0}],[0],0,[0],[1],[2]],[[[2,"SceneLoader"],[3,"Canvas",33554432,"f3a5zjj99IwbSu9+QJo93J",[-7,-8,-9,-10],[[0,-1,[5,1080,1920]],[8,-3,-2],[9,45,1.1368683772161603e-13,1.1368683772161603e-13,-4],[11,-6,[2,3,4],-5]],[1,540,960.0000000000001,0]],[12,["22GNrM9vRDUIXKY9cYvHRu"]],[6,"Label",33554432,1,[[[0,-11,[5,720,100]],-12,[10,20,180,180,910,300,720,100,-13,1]],4,1,4],[1,0,-610,0]],[4,"Sprite",33554432,1,[[0,-14,[5,1560,720]],[13,-15,0]],[1,3,3,1]],[5,0,{},1,[14,"22GNrM9vRDUIXKY9cYvHRu",null,null,-16,[16,"93k3u/S6tPBplbEqmWru+i",null,[[17,"BG",["_name"],2],[1,["_lpos"],2,[1,0,0,0]],[1,["_lrot"],2,[3,0,0,0,1]],[1,["_euler"],2,[1,0,0,0]]]],1]],[18,"SceneLoader",[1],[15,null,null,"353ac9f6-8056-40f3-9423-d9fe33c69a37",null,null,[5]],[19,[20,0.8,[2,0.2,0.5,0.8,0.520833125],[2,0.452588,0.607642,0.755699,0],[2,0.618555,0.577848,0.544564,0]],[21,[4,4283190348]],[22],[23],[24],[25]]],[7,"Camera",1,[-17],[1,0,0,1000]],[26,0,1073741824,960,2000,6,41943040,7,[4,4278190080]],[27,"Loading... 100%",51,50,2,false,true,3]],0,[0,0,1,0,2,8,0,0,1,0,0,1,0,3,9,0,0,1,0,-1,7,0,-2,4,0,-3,5,0,-4,3,0,0,3,0,-2,9,0,0,3,0,0,4,0,0,4,0,4,5,0,-1,8,0,5,6,1,6,6,17],[0,0,0,0,0,9],[7,8,-1,-2,-3,9],[0,3,0,4,5,6]],[[[28,"FredokaOne-Regular","FredokaOne-Regular.ttf"],-1],0,0,[],[],[]],[[{"name":"bg-1","rect":{"x":0,"y":0,"width":1560,"height":720},"offset":{"x":0,"y":0},"originalSize":{"width":1560,"height":720},"rotated":false,"capInsets":[0,0,0,0],"vertices":{"rawPosition":[-780,-360,0,780,-360,0,-780,360,0,780,360,0],"indexes":[0,1,2,2,1,3],"uv":[0,720,1560,720,0,0,1560,0],"nuv":[0,0,1,0,0,1,1,1],"minPos":{"x":-780,"y":-360,"z":0},"maxPos":{"x":780,"y":360,"z":0}},"packable":true,"pixelsToUnit":100,"pivot":{"x":0.5,"y":0.5},"meshType":0}],[0],0,[0],[1],[7]]]]
