[{"__type__":"cc.SpriteFrame","content":{"name":"default_btn_disabled","texture":"71VhFCTINJM6/Ky3oX9nBT","rect":[0,0,40,40],"offset":[0,0],"originalSize":[40,40],"capInsets":[12,12,12,12]}},{"__type__":"cc.SpriteFrame","content":{"name":"slime","texture":"e2X3DgfCZNXKQq6A7BaRQP","rect":[0,0,188,196],"offset":[0,0],"originalSize":[188,196],"capInsets":[0,0,0,0]}},{"__type__":"cc.SpriteFrame","content":{"name":"Button_Square03_White","texture":"c83I+6mUZBfLL5beZxNgc6","rect":[0,0,54,54],"offset":[0,0],"originalSize":[54,54],"capInsets":[27,27,27,27]}},{"__type__":"cc.SpriteFrame","content":{"name":"default_sprite_splash","texture":"02delMVqdBD70a/HSD99FK","rect":[0,0,2,2],"offset":[0,0],"originalSize":[2,2],"capInsets":[0,0,0,0]}},{"__type__":"cc.SpriteFrame","content":{"name":"ball","texture":"0dv/3IeL5H+b3z7sszckwV","rect":[0,0,320,320],"offset":[0,0],"originalSize":[320,320],"capInsets":[0,0,0,0]}},{"__type__":"cc.SpriteFrame","content":{"name":"grass","texture":"215rOOxVVI15Sms0W65CO1","rect":[0,0,249,59],"offset":[0,0],"originalSize":[249,59],"capInsets":[0,0,0,0]}},{"__type__":"cc.SpriteFrame","content":{"name":"default_btn_pressed","texture":"b4P/PCArtIdIH38t6mlw8Y","rect":[0,0,40,40],"offset":[0,0],"originalSize":[40,40],"capInsets":[12,12,12,12]}},{"__type__":"cc.SpriteFrame","content":{"name":"table","texture":"d9UMzkysJKYps4sj4ZnCB/","rect":[0,0,580,122],"offset":[0,0],"originalSize":[580,122],"capInsets":[0,0,0,0]}},{"__type__":"cc.SpriteFrame","content":{"name":"default_btn_normal","texture":"e8Ueib+qJEhL6mXAHdnwbi","rect":[0,0,40,40],"offset":[0,0],"originalSize":[40,40],"capInsets":[12,12,12,12]}},[{"__type__":"cc.SceneAsset","_name":"game","scene":{"__id__":1},"asyncLoadAssets":null},{"__type__":"cc.Scene","_name":"New Node","_children":[{"__id__":2}],"_active":false,"_anchorPoint":{"__type__":"cc.Vec2"},"autoReleaseAssets":false},{"__type__":"cc.Node","_name":"Canvas","_parent":{"__id__":1},"_children":[{"__id__":3},{"__id__":4},{"__id__":7},{"__id__":13},{"__id__":29},{"__id__":24},{"__id__":34}],"_level":1,"_components":[{"__type__":"cc.Canvas","node":{"__id__":2},"_designResolution":{"__type__":"cc.Size","width":750,"height":1334}},{"__type__":"3fdc27kyBdNcIDIXOWb5OCB","node":{"__id__":2},"start_pos":{"__id__":30},"high_pos":{"__id__":32},"distance_text":{"__id__":51}}],"_contentSize":{"__type__":"cc.Size","width":750,"height":1334},"_position":{"__type__":"cc.Vec3","x":375,"y":667},"_id":"1cGaO8mW5GqZdn+WNjuJuA"},{"__type__":"cc.Node","_name":"Main Camera","_parent":{"__id__":2},"_level":2,"_components":[{"__type__":"cc.Camera","node":{"__id__":3},"_clearFlags":7,"_depth":-1}],"_position":{"__type__":"cc.Vec3","z":383.640017328599}},{"__type__":"cc.Node","_name":"background","_parent":{"__id__":2},"_children":[{"__id__":5},{"__id__":6}],"_level":2,"_components":[{"__type__":"cc.Widget","node":{"__id__":4},"_alignFlags":45},{"__type__":"1034diRRPREpoH+cvWLXLy1","node":{"__id__":4},"bg":[{"__id__":5},{"__id__":6}]}],"_contentSize":{"__type__":"cc.Size","width":750,"height":1334},"_anchorPoint":{"__type__":"cc.Vec2"},"_position":{"__type__":"cc.Vec3","x":-375,"y":-667}},{"__type__":"cc.Node","_name":"bg","_parent":{"__id__":4},"_level":3,"_components":[{"__type__":"cc.Sprite","node":{"__id__":5},"_materials":[{"__uuid__":"ecpdLyjvZBwrvm+cedCcQy"}],"_spriteFrame":{"__uuid__":"a2MjXRFdtLlYQ5ouAFv/+R"},"_sizeMode":0},{"__type__":"cc.Widget","node":{"__id__":5},"_alignFlags":45,"_originalWidth":480,"_originalHeight":852}],"_color":{"__type__":"cc.Color","r":223,"g":241,"b":255},"_contentSize":{"__type__":"cc.Size","width":750,"height":1334},"_anchorPoint":{"__type__":"cc.Vec2"}},{"__type__":"cc.Node","_name":"bg","_parent":{"__id__":4},"_level":3,"_components":[{"__type__":"cc.Sprite","node":{"__id__":6},"_materials":[{"__uuid__":"ecpdLyjvZBwrvm+cedCcQy"}],"_spriteFrame":{"__uuid__":"a2MjXRFdtLlYQ5ouAFv/+R"},"_sizeMode":0},{"__type__":"cc.Widget","node":{"__id__":6},"_alignFlags":45,"_top":-1334,"_bottom":1334,"_originalWidth":480,"_originalHeight":852}],"_color":{"__type__":"cc.Color","r":223,"g":241,"b":255},"_contentSize":{"__type__":"cc.Size","width":750,"height":1334},"_anchorPoint":{"__type__":"cc.Vec2"},"_position":{"__type__":"cc.Vec3","y":1334}},{"__type__":"cc.Node","_name":"player","_parent":{"__id__":2},"_children":[{"__id__":8}],"_level":2,"_components":[{"__type__":"cc.Widget","node":{"__id__":7},"_alignFlags":45}],"_contentSize":{"__type__":"cc.Size","width":750,"height":1334},"_anchorPoint":{"__type__":"cc.Vec2"},"_position":{"__type__":"cc.Vec3","x":-375,"y":-667}},{"__type__":"cc.Node","_name":"ball","_parent":{"__id__":7},"_children":[{"__id__":9},{"__id__":10},{"__id__":11},{"__id__":12}],"_level":3,"_components":[{"__type__":"cc.Sprite","node":{"__id__":8},"_materials":[{"__uuid__":"ecpdLyjvZBwrvm+cedCcQy"}],"_spriteFrame":{"__uuid__":"45a+fQt+BNE7KlLkdq+vSb"},"_sizeMode":0},{"__type__":"48a8dp9fIFA+oxMzl8a5OdZ","node":{"__id__":8},"platform_node":{"__id__":13}},{"__type__":"cc.CircleCollider","node":{"__id__":8},"_offset":{"__type__":"cc.Vec2","x":27,"y":27},"_radius":27}],"_contentSize":{"__type__":"cc.Size","width":54,"height":54},"_anchorPoint":{"__type__":"cc.Vec2"},"_position":{"__type__":"cc.Vec3","x":335.98,"y":185},"groupIndex":1},{"__type__":"cc.Node","_name":"player_particle_static","_parent":{"__id__":8},"_active":false,"_level":4,"_components":[{"__type__":"cc.ParticleSystem","node":{"__id__":9},"_materials":[{"__uuid__":"ecpdLyjvZBwrvm+cedCcQy"}],"_dstBlendFactor":1,"_custom":true,"_file":{"__uuid__":"b2aHrECZ5APKGS/0d2hvT1"},"_spriteFrame":{"__uuid__":"b1IJrZ0qFEsJicsl74MkqV"},"totalParticles":30,"emissionRate":999,"life":0.2,"lifeVar":0.2,"_startColor":{"__type__":"cc.Color","r":202,"g":200,"b":86,"a":163},"_startColorVar":{"__type__":"cc.Color","r":229,"g":255,"b":173,"a":198},"_endColor":{"__type__":"cc.Color","r":173,"g":161,"b":19,"a":214},"_endColorVar":{"__type__":"cc.Color","r":107,"g":249,"b":249,"a":188},"angleVar":0,"startSize":15,"startSizeVar":15,"endSize":10,"endSizeVar":10,"posVar":{"__type__":"cc.Vec2","x":20},"_positionType":1,"positionType":1,"speed":-500,"speedVar":0,"tangentialAccel":0,"rotationIsDir":true}],"_anchorPoint":{"__type__":"cc.Vec2"},"_position":{"__type__":"cc.Vec3","x":27,"y":27}},{"__type__":"cc.Node","_name":"player_motion","_parent":{"__id__":8},"_level":4,"_components":[{"__type__":"cc.MotionStreak","node":{"__id__":10},"_materials":[{"__uuid__":"ecpdLyjvZBwrvm+cedCcQy"}],"_fadeTime":0.3,"_minSeg":0,"_stroke":54,"_texture":{"__uuid__":"c9OY9661RP9JV42NWKrgyP"},"_color":{"__type__":"cc.Color","r":245,"g":162,"b":228}}],"_anchorPoint":{"__type__":"cc.Vec2"},"_position":{"__type__":"cc.Vec3","x":27,"y":16.137}},{"__type__":"cc.Node","_name":"player_particle_move","_parent":{"__id__":8},"_active":false,"_level":4,"_components":[{"__type__":"cc.ParticleSystem","node":{"__id__":11},"_materials":[{"__uuid__":"ecpdLyjvZBwrvm+cedCcQy"}],"_dstBlendFactor":1,"_custom":true,"_file":{"__uuid__":"48Q10ex4JBPqIoeLRQjmIc"},"totalParticles":200,"emissionRate":999.999985098839,"life":0.20000000298023224,"lifeVar":0.5,"_startColor":{"__type__":"cc.Color","r":202,"g":200,"b":86,"a":163},"_startColorVar":{"__type__":"cc.Color","r":229,"g":255,"b":173,"a":198},"_endColor":{"__type__":"cc.Color","r":173,"g":161,"b":19,"a":214},"_endColorVar":{"__type__":"cc.Color","r":107,"g":249,"b":249,"a":188},"angle":360,"angleVar":360,"startSize":3.369999885559082,"startSizeVar":50,"endSize":30.31999969482422,"startSpin":-47.369998931884766,"endSpin":-47.369998931884766,"endSpinVar":-142.11000061035156,"posVar":{"__type__":"cc.Vec2","x":7,"y":7},"_positionType":1,"positionType":1,"gravity":{"__type__":"cc.Vec2","x":0.25,"y":0.8600000143051147},"speed":0,"speedVar":190.7899932861328,"tangentialAccel":-92.11000061035156,"tangentialAccelVar":65.79000091552734,"radialAccel":-671.0499877929688,"radialAccelVar":65.79000091552734}],"_anchorPoint":{"__type__":"cc.Vec2"},"_position":{"__type__":"cc.Vec3","x":27,"y":27}},{"__type__":"cc.Node","_name":"player_particle_test","_parent":{"__id__":8},"_active":false,"_level":4,"_components":[{"__type__":"cc.ParticleSystem","node":{"__id__":12},"_materials":[{"__uuid__":"ecpdLyjvZBwrvm+cedCcQy"}],"_dstBlendFactor":1,"_custom":true,"_file":{"__uuid__":"d5EKnDfBRH0pWbmea9KOOV"},"_spriteFrame":{"__uuid__":"b1IJrZ0qFEsJicsl74MkqV"},"totalParticles":50,"emissionRate":200,"life":0.3,"lifeVar":0.4,"_startColor":{"__type__":"cc.Color","r":255,"g":255,"b":255},"_startColorVar":{"__type__":"cc.Color","b":51,"a":25},"_endColor":{"__type__":"cc.Color"},"_endColorVar":{"__type__":"cc.Color","a":0},"angle":-180,"angleVar":0,"startSize":54,"startSizeVar":10,"endSize":10,"_positionType":1,"positionType":1,"gravity":{"__type__":"cc.Vec2","y":-1500},"speed":0,"speedVar":0,"tangentialAccel":0}],"_anchorPoint":{"__type__":"cc.Vec2"},"_position":{"__type__":"cc.Vec3","x":27,"y":27}},{"__type__":"cc.Node","_name":"platform","_parent":{"__id__":2},"_children":[{"__id__":14},{"__id__":15},{"__id__":16},{"__id__":17},{"__id__":18},{"__id__":19},{"__id__":20},{"__id__":21}],"_level":2,"_components":[{"__type__":"cc.Widget","node":{"__id__":13},"_alignFlags":45},{"__type__":"20381TF7lFOCqtwWRsKzHB6","node":{"__id__":13},"platform_green":{"__uuid__":"6c2rKBgQJKg5qp8Ds7gCp/"},"node_pool":[{"__id__":22},{"__id__":26},{"__id__":28}]}],"_contentSize":{"__type__":"cc.Size","width":750,"height":1334},"_anchorPoint":{"__type__":"cc.Vec2"},"_position":{"__type__":"cc.Vec3","x":-375,"y":-667}},{"__type__":"cc.Node","_name":"platform_green_origin","_parent":{"__id__":13},"_level":3,"_components":[{"__type__":"cc.Sprite","node":{"__id__":14},"_materials":[{"__uuid__":"ecpdLyjvZBwrvm+cedCcQy"}],"_spriteFrame":{"__uuid__":"ebVvvfVh9GxarZyIx5S0Lh"},"_sizeMode":0},{"__type__":"cc.BoxCollider","node":{"__id__":14},"tag":1,"_offset":{"__type__":"cc.Vec2","x":375,"y":99},"_size":{"__type__":"cc.Size","width":750,"height":198}},{"__type__":"f1ddbBH4nBFAZtJgG07gOOv","node":{"__id__":14},"collisionTimes":1}],"_contentSize":{"__type__":"cc.Size","width":750,"height":200},"_anchorPoint":{"__type__":"cc.Vec2"},"_position":{"__type__":"cc.Vec3","y":-16.675},"groupIndex":2},{"__type__":"cc.Node","_name":"platform_green","_parent":{"__id__":13},"_level":3,"_components":[{"__type__":"cc.Sprite","_name":"platform_green<Sprite>","node":{"__id__":15},"_materials":[{"__uuid__":"ecpdLyjvZBwrvm+cedCcQy"}],"_spriteFrame":{"__uuid__":"b7d2JRDD5CrI4VZb22KuZa"},"_sizeMode":0},{"__type__":"cc.BoxCollider","node":{"__id__":15},"tag":1,"_offset":{"__type__":"cc.Vec2","x":75,"y":15},"_size":{"__type__":"cc.Size","width":150,"height":30}},{"__type__":"f1ddbBH4nBFAZtJgG07gOOv","node":{"__id__":15}}],"_prefab":{"__type__":"cc.PrefabInfo","root":{"__id__":15},"asset":{"__uuid__":"6c2rKBgQJKg5qp8Ds7gCp/"},"fileId":"3bpYl6HzNI3qYLNB9ZryFQ"},"_contentSize":{"__type__":"cc.Size","width":150,"height":30},"_anchorPoint":{"__type__":"cc.Vec2"},"_position":{"__type__":"cc.Vec3","x":156,"y":330},"groupIndex":2},{"__type__":"cc.Node","_name":"platform_green","_parent":{"__id__":13},"_level":3,"_components":[{"__type__":"cc.Sprite","_name":"platform_green<Sprite>","node":{"__id__":16},"_materials":[{"__uuid__":"ecpdLyjvZBwrvm+cedCcQy"}],"_spriteFrame":{"__uuid__":"b7d2JRDD5CrI4VZb22KuZa"},"_sizeMode":0},{"__type__":"cc.BoxCollider","node":{"__id__":16},"tag":1,"_offset":{"__type__":"cc.Vec2","x":75,"y":15},"_size":{"__type__":"cc.Size","width":150,"height":30}},{"__type__":"f1ddbBH4nBFAZtJgG07gOOv","node":{"__id__":16}}],"_prefab":{"__type__":"cc.PrefabInfo","root":{"__id__":16},"asset":{"__uuid__":"6c2rKBgQJKg5qp8Ds7gCp/"},"fileId":"3bpYl6HzNI3qYLNB9ZryFQ"},"_contentSize":{"__type__":"cc.Size","width":150,"height":30},"_anchorPoint":{"__type__":"cc.Vec2"},"_position":{"__type__":"cc.Vec3","x":429,"y":510},"groupIndex":2},{"__type__":"cc.Node","_name":"platform_green","_parent":{"__id__":13},"_level":3,"_components":[{"__type__":"cc.Sprite","_name":"platform_green<Sprite>","node":{"__id__":17},"_materials":[{"__uuid__":"ecpdLyjvZBwrvm+cedCcQy"}],"_spriteFrame":{"__uuid__":"b7d2JRDD5CrI4VZb22KuZa"},"_sizeMode":0},{"__type__":"cc.BoxCollider","node":{"__id__":17},"tag":1,"_offset":{"__type__":"cc.Vec2","x":75,"y":15},"_size":{"__type__":"cc.Size","width":150,"height":30}},{"__type__":"f1ddbBH4nBFAZtJgG07gOOv","node":{"__id__":17}}],"_prefab":{"__type__":"cc.PrefabInfo","root":{"__id__":17},"asset":{"__uuid__":"6c2rKBgQJKg5qp8Ds7gCp/"},"fileId":"3bpYl6HzNI3qYLNB9ZryFQ"},"_contentSize":{"__type__":"cc.Size","width":150,"height":30},"_anchorPoint":{"__type__":"cc.Vec2"},"_position":{"__type__":"cc.Vec3","x":290,"y":690},"groupIndex":2},{"__type__":"cc.Node","_name":"platform_green","_parent":{"__id__":13},"_level":3,"_components":[{"__type__":"cc.Sprite","_name":"platform_green<Sprite>","node":{"__id__":18},"_materials":[{"__uuid__":"ecpdLyjvZBwrvm+cedCcQy"}],"_spriteFrame":{"__uuid__":"b7d2JRDD5CrI4VZb22KuZa"},"_sizeMode":0},{"__type__":"cc.BoxCollider","node":{"__id__":18},"tag":1,"_offset":{"__type__":"cc.Vec2","x":75,"y":15},"_size":{"__type__":"cc.Size","width":150,"height":30}},{"__type__":"f1ddbBH4nBFAZtJgG07gOOv","node":{"__id__":18}}],"_prefab":{"__type__":"cc.PrefabInfo","root":{"__id__":18},"asset":{"__uuid__":"6c2rKBgQJKg5qp8Ds7gCp/"},"fileId":"3bpYl6HzNI3qYLNB9ZryFQ"},"_contentSize":{"__type__":"cc.Size","width":150,"height":30},"_anchorPoint":{"__type__":"cc.Vec2"},"_position":{"__type__":"cc.Vec3","x":159,"y":870},"groupIndex":2},{"__type__":"cc.Node","_name":"platform_green","_parent":{"__id__":13},"_level":3,"_components":[{"__type__":"cc.Sprite","_name":"platform_green<Sprite>","node":{"__id__":19},"_materials":[{"__uuid__":"ecpdLyjvZBwrvm+cedCcQy"}],"_spriteFrame":{"__uuid__":"b7d2JRDD5CrI4VZb22KuZa"},"_sizeMode":0},{"__type__":"cc.BoxCollider","node":{"__id__":19},"tag":1,"_offset":{"__type__":"cc.Vec2","x":75,"y":15},"_size":{"__type__":"cc.Size","width":150,"height":30}},{"__type__":"f1ddbBH4nBFAZtJgG07gOOv","node":{"__id__":19}}],"_prefab":{"__type__":"cc.PrefabInfo","root":{"__id__":19},"asset":{"__uuid__":"6c2rKBgQJKg5qp8Ds7gCp/"},"fileId":"3bpYl6HzNI3qYLNB9ZryFQ"},"_contentSize":{"__type__":"cc.Size","width":150,"height":30},"_anchorPoint":{"__type__":"cc.Vec2"},"_position":{"__type__":"cc.Vec3","x":475,"y":1050},"groupIndex":2},{"__type__":"cc.Node","_name":"platform_green","_parent":{"__id__":13},"_level":3,"_components":[{"__type__":"cc.Sprite","_name":"platform_green<Sprite>","node":{"__id__":20},"_materials":[{"__uuid__":"ecpdLyjvZBwrvm+cedCcQy"}],"_spriteFrame":{"__uuid__":"b7d2JRDD5CrI4VZb22KuZa"},"_sizeMode":0},{"__type__":"cc.BoxCollider","node":{"__id__":20},"tag":1,"_offset":{"__type__":"cc.Vec2","x":75,"y":15},"_size":{"__type__":"cc.Size","width":150,"height":30}},{"__type__":"f1ddbBH4nBFAZtJgG07gOOv","node":{"__id__":20}}],"_prefab":{"__type__":"cc.PrefabInfo","root":{"__id__":20},"asset":{"__uuid__":"6c2rKBgQJKg5qp8Ds7gCp/"},"fileId":"3bpYl6HzNI3qYLNB9ZryFQ"},"_contentSize":{"__type__":"cc.Size","width":150,"height":30},"_anchorPoint":{"__type__":"cc.Vec2"},"_position":{"__type__":"cc.Vec3","x":181,"y":1230},"groupIndex":2},{"__type__":"cc.Node","_name":"platform_green","_parent":{"__id__":13},"_level":3,"_components":[{"__type__":"cc.Sprite","_name":"platform_green<Sprite>","node":{"__id__":21},"_materials":[{"__uuid__":"ecpdLyjvZBwrvm+cedCcQy"}],"_spriteFrame":{"__uuid__":"b7d2JRDD5CrI4VZb22KuZa"},"_sizeMode":0},{"__type__":"cc.BoxCollider","node":{"__id__":21},"tag":1,"_offset":{"__type__":"cc.Vec2","x":75,"y":15},"_size":{"__type__":"cc.Size","width":150,"height":30}},{"__type__":"f1ddbBH4nBFAZtJgG07gOOv","node":{"__id__":21}}],"_prefab":{"__type__":"cc.PrefabInfo","root":{"__id__":21},"asset":{"__uuid__":"6c2rKBgQJKg5qp8Ds7gCp/"},"fileId":"3bpYl6HzNI3qYLNB9ZryFQ"},"_contentSize":{"__type__":"cc.Size","width":150,"height":30},"_anchorPoint":{"__type__":"cc.Vec2"},"_position":{"__type__":"cc.Vec3","x":414,"y":1410},"groupIndex":2},{"__type__":"a97c9YZwGJAqrM/N27bV+XZ","node":{"__id__":23},"nodePoolName":"platform_green","initPollCount":10,"prefab":{"__uuid__":"6c2rKBgQJKg5qp8Ds7gCp/"}},{"__type__":"cc.Node","_name":"green_platform","_parent":{"__id__":24},"_level":3,"_components":[{"__id__":22}]},{"__type__":"cc.Node","_name":"platform_nodepool","_parent":{"__id__":2},"_children":[{"__id__":23},{"__id__":25},{"__id__":27}],"_level":2},{"__type__":"cc.Node","_name":"blue_platform","_parent":{"__id__":24},"_level":3,"_components":[{"__id__":26}]},{"__type__":"a97c9YZwGJAqrM/N27bV+XZ","node":{"__id__":25},"nodePoolName":"platform_blue","initPollCount":10,"prefab":{"__uuid__":"96YSBwRzJALYaNNzvyNGW0"}},{"__type__":"cc.Node","_name":"orange_platform","_parent":{"__id__":24},"_level":3,"_components":[{"__id__":28}]},{"__type__":"a97c9YZwGJAqrM/N27bV+XZ","node":{"__id__":27},"nodePoolName":"platform_orange","initPollCount":10,"prefab":{"__uuid__":"5bNgaiA6xD/a1QaRDjlxR8"}},{"__type__":"cc.Node","_name":"any_pos","_parent":{"__id__":2},"_children":[{"__id__":30},{"__id__":32}],"_level":2,"_components":[{"__type__":"cc.Widget","node":{"__id__":29},"_alignFlags":45}],"_contentSize":{"__type__":"cc.Size","width":750,"height":1334},"_anchorPoint":{"__type__":"cc.Vec2"},"_position":{"__type__":"cc.Vec3","x":-375,"y":-667}},{"__type__":"cc.Node","_name":"platform_start_node","_parent":{"__id__":29},"_children":[{"__id__":31}],"_active":false,"_level":3,"_position":{"__type__":"cc.Vec3","x":760,"y":150}},{"__type__":"cc.Node","_name":"New Sprite(Splash)","_parent":{"__id__":30},"_active":false,"_level":4,"_components":[{"__type__":"cc.Sprite","node":{"__id__":31},"_materials":[{"__uuid__":"ecpdLyjvZBwrvm+cedCcQy"}],"_spriteFrame":{"__uuid__":"a2MjXRFdtLlYQ5ouAFv/+R"},"_sizeMode":0}],"_contentSize":{"__type__":"cc.Size","width":100,"height":100},"_anchorPoint":{"__type__":"cc.Vec2"},"_position":{"__type__":"cc.Vec3","x":-95}},{"__type__":"cc.Node","_name":"ball_high_node","_parent":{"__id__":29},"_children":[{"__id__":33}],"_active":false,"_level":3,"_position":{"__type__":"cc.Vec3","x":802,"y":460}},{"__type__":"cc.Node","_name":"New Sprite(Splash)","_parent":{"__id__":32},"_active":false,"_level":4,"_components":[{"__type__":"cc.Sprite","node":{"__id__":33},"_materials":[{"__uuid__":"ecpdLyjvZBwrvm+cedCcQy"}],"_spriteFrame":{"__uuid__":"a2MjXRFdtLlYQ5ouAFv/+R"},"_sizeMode":0}],"_contentSize":{"__type__":"cc.Size","width":100,"height":100},"_anchorPoint":{"__type__":"cc.Vec2"},"_position":{"__type__":"cc.Vec3","x":-138}},{"__type__":"cc.Node","_name":"result","_parent":{"__id__":2},"_children":[{"__id__":35},{"__id__":50}],"_level":2,"_components":[{"__type__":"cc.Widget","node":{"__id__":34},"_alignFlags":45},{"__type__":"a5510M8hg5LLaJPlz0cy9Iq","node":{"__id__":34},"btn_return":{"__id__":40},"btn_restart":{"__id__":43},"score":{"__id__":51},"cur_score":{"__id__":49},"his_score":{"__id__":46}}],"_contentSize":{"__type__":"cc.Size","width":750,"height":1334},"_anchorPoint":{"__type__":"cc.Vec2"},"_position":{"__type__":"cc.Vec3","x":-375,"y":-667}},{"__type__":"cc.Node","_name":"result_bg","_parent":{"__id__":34},"_children":[{"__id__":36}],"_active":false,"_level":3,"_components":[{"__type__":"cc.Widget","node":{"__id__":35},"_alignFlags":45},{"__type__":"cc.BlockInputEvents","node":{"__id__":35}}],"_contentSize":{"__type__":"cc.Size","width":750,"height":1334},"_position":{"__type__":"cc.Vec3","x":375,"y":667}},{"__type__":"cc.Node","_name":"gameover","_parent":{"__id__":35},"_children":[{"__id__":37},{"__id__":38},{"__id__":41},{"__id__":44},{"__id__":47}],"_level":4,"_components":[{"__type__":"cc.Sprite","node":{"__id__":36},"_materials":[{"__uuid__":"ecpdLyjvZBwrvm+cedCcQy"}],"_spriteFrame":{"__uuid__":"69LAfKz7xOaYqPGJAxZu3k"},"_type":1,"_sizeMode":0},{"__type__":"cc.Widget","node":{"__id__":36},"_alignFlags":18}],"_contentSize":{"__type__":"cc.Size","width":400,"height":500}},{"__type__":"cc.Node","_name":"text","_parent":{"__id__":36},"_level":4,"_components":[{"__type__":"cc.Label","node":{"__id__":37},"_materials":[{"__uuid__":"ecpdLyjvZBwrvm+cedCcQy"}],"_useOriginalSize":false,"_string":"Game Over","_N$string":"Game Over","_fontSize":50,"_lineHeight":55,"_N$file":{"__uuid__":"e0ZM/UcOVKnogJYAczxC4r"},"_isSystemFontUsed":false,"_N$horizontalAlign":1,"_N$verticalAlign":1}],"_color":{"__type__":"cc.Color","r":180,"g":109,"b":109},"_contentSize":{"__type__":"cc.Size","width":266.45,"height":69.3},"_position":{"__type__":"cc.Vec3","y":183}},{"__type__":"cc.Node","_name":"btn_return","_parent":{"__id__":36},"_children":[{"__id__":39}],"_level":4,"_components":[{"__type__":"cc.Sprite","node":{"__id__":38},"_materials":[{"__uuid__":"ecpdLyjvZBwrvm+cedCcQy"}],"_spriteFrame":{"__uuid__":"69LAfKz7xOaYqPGJAxZu3k"},"_type":1,"_sizeMode":0},{"__id__":40}],"_contentSize":{"__type__":"cc.Size","width":150,"height":60},"_position":{"__type__":"cc.Vec3","x":-100,"y":-192}},{"__type__":"cc.Node","_name":"Label","_parent":{"__id__":38},"_components":[{"__type__":"cc.Label","node":{"__id__":39},"_materials":[{"__uuid__":"ecpdLyjvZBwrvm+cedCcQy"}],"_useOriginalSize":false,"_string":"Home","_N$string":"Home","_fontSize":30,"_enableWrapText":false,"_N$file":{"__uuid__":"e0ZM/UcOVKnogJYAczxC4r"},"_isSystemFontUsed":false,"_N$horizontalAlign":1,"_N$verticalAlign":1,"_N$overflow":1,"_N$cacheMode":1}],"_color":{"__type__":"cc.Color","r":180,"g":109,"b":109},"_contentSize":{"__type__":"cc.Size","width":100,"height":40}},{"__type__":"cc.Button","node":{"__id__":38},"_N$transition":3,"transition":3,"_N$pressedColor":{"__type__":"cc.Color","r":255,"g":255,"b":255},"pressedColor":{"__type__":"cc.Color","r":255,"g":255,"b":255},"_N$disabledColor":{"__type__":"cc.Color","r":255,"g":255,"b":255},"_N$normalSprite":{"__uuid__":"69LAfKz7xOaYqPGJAxZu3k"},"_N$pressedSprite":{"__uuid__":"e97GVMl6JHh5Ml5qEDdSGa"},"pressedSprite":{"__uuid__":"e97GVMl6JHh5Ml5qEDdSGa"},"_N$hoverSprite":{"__uuid__":"f0BIwQ8D5Ml7nTNQbh1YlS"},"hoverSprite":{"__uuid__":"f0BIwQ8D5Ml7nTNQbh1YlS"},"_N$disabledSprite":{"__uuid__":"29FYIk+N1GYaeWH/q1NxQO"},"_N$target":{"__id__":38}},{"__type__":"cc.Node","_name":"btn_restart","_parent":{"__id__":36},"_children":[{"__id__":42}],"_level":4,"_components":[{"__type__":"cc.Sprite","node":{"__id__":41},"_materials":[{"__uuid__":"ecpdLyjvZBwrvm+cedCcQy"}],"_spriteFrame":{"__uuid__":"69LAfKz7xOaYqPGJAxZu3k"},"_type":1,"_sizeMode":0},{"__id__":43}],"_contentSize":{"__type__":"cc.Size","width":150,"height":60},"_position":{"__type__":"cc.Vec3","x":100,"y":-192}},{"__type__":"cc.Node","_name":"Label","_parent":{"__id__":41},"_components":[{"__type__":"cc.Label","node":{"__id__":42},"_materials":[{"__uuid__":"ecpdLyjvZBwrvm+cedCcQy"}],"_useOriginalSize":false,"_string":"Restart","_N$string":"Restart","_fontSize":30,"_enableWrapText":false,"_N$file":{"__uuid__":"e0ZM/UcOVKnogJYAczxC4r"},"_isSystemFontUsed":false,"_N$horizontalAlign":1,"_N$verticalAlign":1,"_N$overflow":1,"_N$cacheMode":1}],"_color":{"__type__":"cc.Color","r":180,"g":109,"b":109},"_contentSize":{"__type__":"cc.Size","width":130,"height":40}},{"__type__":"cc.Button","node":{"__id__":41},"_N$transition":3,"transition":3,"_N$pressedColor":{"__type__":"cc.Color","r":255,"g":255,"b":255},"pressedColor":{"__type__":"cc.Color","r":255,"g":255,"b":255},"_N$disabledColor":{"__type__":"cc.Color","r":255,"g":255,"b":255},"_N$normalSprite":{"__uuid__":"69LAfKz7xOaYqPGJAxZu3k"},"_N$pressedSprite":{"__uuid__":"e97GVMl6JHh5Ml5qEDdSGa"},"pressedSprite":{"__uuid__":"e97GVMl6JHh5Ml5qEDdSGa"},"_N$hoverSprite":{"__uuid__":"f0BIwQ8D5Ml7nTNQbh1YlS"},"hoverSprite":{"__uuid__":"f0BIwQ8D5Ml7nTNQbh1YlS"},"_N$disabledSprite":{"__uuid__":"29FYIk+N1GYaeWH/q1NxQO"},"_N$target":{"__id__":41}},{"__type__":"cc.Node","_name":"his_score","_parent":{"__id__":36},"_children":[{"__id__":45}],"_level":4,"_components":[{"__type__":"cc.Label","node":{"__id__":44},"_materials":[{"__uuid__":"ecpdLyjvZBwrvm+cedCcQy"}],"_useOriginalSize":false,"_string":"Highest ","_N$string":"Highest ","_fontSize":30,"_N$file":{"__uuid__":"e0ZM/UcOVKnogJYAczxC4r"},"_isSystemFontUsed":false,"_N$horizontalAlign":1,"_N$verticalAlign":1,"_N$cacheMode":1}],"_color":{"__type__":"cc.Color","r":255,"g":184},"_contentSize":{"__type__":"cc.Size","width":120.87,"height":50.4},"_position":{"__type__":"cc.Vec3","y":-12}},{"__type__":"cc.Node","_name":"New Label","_parent":{"__id__":44},"_level":5,"_components":[{"__id__":46}],"_color":{"__type__":"cc.Color","r":255,"g":184},"_contentSize":{"__type__":"cc.Size","width":25.64,"height":50.4},"_position":{"__type__":"cc.Vec3","y":-40}},{"__type__":"cc.Label","node":{"__id__":45},"_materials":[{"__uuid__":"ecpdLyjvZBwrvm+cedCcQy"}],"_useOriginalSize":false,"_string":"0","_N$string":"0","_N$file":{"__uuid__":"e0ZM/UcOVKnogJYAczxC4r"},"_isSystemFontUsed":false,"_N$horizontalAlign":1,"_N$verticalAlign":1,"_N$cacheMode":1},{"__type__":"cc.Node","_name":"cur_score","_parent":{"__id__":36},"_children":[{"__id__":48}],"_level":4,"_components":[{"__type__":"cc.Label","node":{"__id__":47},"_materials":[{"__uuid__":"ecpdLyjvZBwrvm+cedCcQy"}],"_useOriginalSize":false,"_string":"Your score","_N$string":"Your score","_fontSize":30,"_N$file":{"__uuid__":"e0ZM/UcOVKnogJYAczxC4r"},"_isSystemFontUsed":false,"_N$horizontalAlign":1,"_N$verticalAlign":1,"_N$cacheMode":1}],"_color":{"__type__":"cc.Color","r":180,"g":109,"b":109},"_contentSize":{"__type__":"cc.Size","width":157.59,"height":50.4},"_position":{"__type__":"cc.Vec3","y":81}},{"__type__":"cc.Node","_name":"New Label","_parent":{"__id__":47},"_level":5,"_components":[{"__id__":49}],"_color":{"__type__":"cc.Color","r":180,"g":109,"b":109},"_contentSize":{"__type__":"cc.Size","width":25.64,"height":50.4},"_position":{"__type__":"cc.Vec3","y":-41}},{"__type__":"cc.Label","node":{"__id__":48},"_materials":[{"__uuid__":"ecpdLyjvZBwrvm+cedCcQy"}],"_useOriginalSize":false,"_string":"0","_N$string":"0","_N$file":{"__uuid__":"e0ZM/UcOVKnogJYAczxC4r"},"_isSystemFontUsed":false,"_N$horizontalAlign":1,"_N$verticalAlign":1,"_N$cacheMode":1},{"__type__":"cc.Node","_name":"distance","_parent":{"__id__":34},"_level":3,"_components":[{"__id__":51},{"__type__":"cc.Widget","node":{"__id__":50},"_alignFlags":17,"_top":0.0783358320839581,"_isAbsTop":false},{"__type__":"cc.LabelOutline","node":{"__id__":50},"_width":0.5}],"_color":{"__type__":"cc.Color","r":180,"g":109,"b":109},"_contentSize":{"__type__":"cc.Size","width":134.07,"height":95.5},"_position":{"__type__":"cc.Vec3","x":375,"y":1181.75}},{"__type__":"cc.Label","node":{"__id__":50},"_materials":[{"__uuid__":"ecpdLyjvZBwrvm+cedCcQy"}],"_useOriginalSize":false,"_string":"34m","_N$string":"34m","_fontSize":70,"_lineHeight":75,"_N$file":{"__uuid__":"e0ZM/UcOVKnogJYAczxC4r"},"_isSystemFontUsed":false,"_N$horizontalAlign":1,"_N$verticalAlign":1}]]