[1,["7e2w/JeSNJq6X8c6q4VGNq","d0MqyYBeFAkIi762QNy1/B@b47c0","6fAc9/gb9Kfr1dCvwZaWSA@b47c0","087OUfd/9NkLlWHtZdmm/S@6c48a","087OUfd/9NkLlWHtZdmm/S@f9941","bcR+1551hJNYQq4NzNa1YB@f9941","bcR+1551hJNYQq4NzNa1YB@6c48a"],["node","root","_textureSource","_spriteFrame","_cameraComponent","scene","_parent","asset","_envmapHDR","_envmapLDR","data"],["cc.ImageAsset",["cc.Node",["_name","_layer","_id","_objFlags","__editorExtras__","_components","_parent","_prefab","_children","_lpos"],-2,9,1,4,2,5],"cc.SpriteFrame","cc.TextureCube",["cc.UITransform",["node","_contentSize","__prefab"],3,1,5,4],["cc.Widget",["_alignFlags","_top","_bottom","_originalWidth","_originalHeight","node","__prefab"],-2,1,4],["cc.SceneAsset",["_name"],2],["cc.Node",["_name","_parent","_components","_lpos"],2,1,2,5],["cc.Canvas",["node","_cameraComponent"],3,1,1],["cc.TargetInfo",["localID"],2],["cc.Scene",["_name","_children","_prefab","_globals"],2,2,4,4],["cc.PrefabInfo",["root","asset","fileId","instance","targetOverrides","nestedPrefabInstanceRoots"],-2,2],["cc.PrefabInfo",["fileId","targetOverrides","nestedPrefabInstanceRoots","root","instance","asset"],0,1,4,6],["cc.PrefabInfo",["fileId","instance","targetOverrides","nestedPrefabInstanceRoots","root","asset"],-1,1,1],["cc.SceneGlobals",["ambient","shadows","_skybox","fog","octree","lightProbeInfo"],3,4,4,4,4,4,4],["cc.AmbientInfo",["_skyIllumLDR","_skyColorHDR","_skyColorLDR","_groundAlbedoLDR"],2,5,5,5],["cc.ShadowsInfo",["_shadowColor"],3,5],["cc.SkyboxInfo",["_enabled","_envmapHDR","_envmapLDR"],2,6,6],["cc.FogInfo",[],3],["cc.OctreeInfo",[],3],["cc.LightProbeInfo",[],3],["cc.PrefabInstance",["fileId","prefabRootNode","propertyOverrides"],1,9],["CCPropertyOverrideInfo",["value","propertyPath","targetInfo"],1,1],["CCPropertyOverrideInfo",["propertyPath","targetInfo","value"],2,1,8],["2fac3Nf965B8IvTxQxaHqF5",["node"],3,1],["cc.Camera",["_projection","_priority","_orthoHeight","_far","_visibility","node","_color"],-2,1,5],["cc.Prefab",["_name"],2],["cc.CompPrefabInfo",["fileId"],2],["cc.Sprite",["node","__prefab","_spriteFrame"],3,1,4,6]],[[27,0,2],[23,0,1,2,2],[4,0,2,1,1],[13,0,1,2,3,4,5,5],[28,0,1,2,1],[6,0,2],[1,0,1,2,8,5,9,4],[1,3,4,6,7,3],[1,0,2,6,5,3],[1,0,1,8,5,7,3],[1,0,1,6,5,7,3],[7,0,1,2,3,2],[4,0,1,1],[8,0,1,1],[5,0,1,2,5,4],[5,0,3,4,5,6,4],[9,0,2],[10,0,1,2,3,2],[11,0,1,2,3,4,5,6],[12,0,1,2,3,4,5,4],[14,0,1,2,3,4,5,1],[15,0,1,2,3,2],[16,0,1],[17,0,1,2,2],[18,1],[19,1],[20,1],[21,0,1,2,3],[22,0,1,2,3],[24,0,1],[25,0,1,2,3,4,5,6,6],[26,0,2]],[[[[5,"StartScene"],[6,"Canvas",33554432,"8bRXFHfDdHqIuQPSmgb/GK",[-5,-6],[[12,-1,[5,1080,1920]],[13,-3,-2],[14,45,1.1368683772161603e-13,1.1368683772161603e-13,-4]],[1,540,960.0000000000001,0]],[16,["22GNrM9vRDUIXKY9cYvHRu"]],[17,"StartScene",[-8,1],[18,null,null,"07bde445-38c1-4f07-90c0-4018ef1abff8",null,null,[-7]],[20,[21,0.8,[2,0.2,0.5,0.8,0.520833125],[2,0.452588,0.607642,0.755699,0],[2,0.618555,0.577848,0.544564,0]],[22,[4,4283190348]],[23,true,1,2],[24],[25],[26]]],[7,0,{},1,[19,"22GNrM9vRDUIXKY9cYvHRu",null,null,-9,[27,"c1+SWzcvNLb4dfNOhkic+u",null,[[28,"BG",["_name"],2],[1,["_lpos"],2,[1,0,0,0]],[1,["_lrot"],2,[3,0,0,0,1]],[1,["_euler"],2,[1,0,0,0]]]],0]],[8,"Checker","68RCIYRyhCRpcmlEucOq9o",3,[[29,-10]]],[11,"Camera",1,[-11],[1,0,0,1000]],[30,0,1073741824,960,2000,41943040,6,[4,4287770478]]],0,[0,0,1,0,4,7,0,0,1,0,0,1,0,-1,6,0,-2,4,0,-1,4,0,-1,5,0,1,4,0,0,5,0,-1,7,0,5,3,1,6,3,11],[0,0,0],[7,8,9],[0,1,2]],[[{"name":"logo","rect":{"x":7,"y":2,"width":839,"height":419},"offset":{"x":0.5,"y":2},"originalSize":{"width":852,"height":427},"rotated":false,"capInsets":[0,0,0,0],"vertices":{"rawPosition":[-419.5,-209.5,0,419.5,-209.5,0,-419.5,209.5,0,419.5,209.5,0],"indexes":[0,1,2,2,1,3],"uv":[7,425,846,425,7,6,846,6],"nuv":[0.008215962441314555,0.01405152224824356,0.9929577464788732,0.01405152224824356,0.008215962441314555,0.9953161592505855,0.9929577464788732,0.9953161592505855],"minPos":{"x":-419.5,"y":-209.5,"z":0},"maxPos":{"x":419.5,"y":209.5,"z":0}},"packable":true,"pixelsToUnit":100,"pivot":{"x":0.5,"y":0.5},"meshType":0}],[2],0,[0],[2],[3]],[[{"base":"2,2,0,0,2,0","rgbe":false,"mipmaps":[{"front":"6fAc9/gb9Kfr1dCvwZaWSA@b47c0@e9a6d","back":"6fAc9/gb9Kfr1dCvwZaWSA@b47c0@40c10","left":"6fAc9/gb9Kfr1dCvwZaWSA@b47c0@8fd34","right":"6fAc9/gb9Kfr1dCvwZaWSA@b47c0@74afd","top":"6fAc9/gb9Kfr1dCvwZaWSA@b47c0@bb97f","bottom":"6fAc9/gb9Kfr1dCvwZaWSA@b47c0@7d38f"}]}],[3],0,[],[],[]],[[{"fmt":"0","w":0,"h":0},-1],[0],0,[],[],[]],[[{"fmt":"0","w":0,"h":0},-1],[0],0,[],[],[]],[[{"fmt":"0","w":0,"h":0},-1],[0],0,[],[],[]],[[{"fmt":"0","w":0,"h":0},-1],[0],0,[],[],[]],[[{"fmt":"0","w":0,"h":0},-1],[0],0,[],[],[]],[[{"fmt":"0","w":0,"h":0},-1],[0],0,[],[],[]],[[[31,"BG"],[9,"BG",33554432,[-5],[[2,-2,[0,"f88qrMYrtI7alYjFZRd8de"],[5,1080,1920]],[4,-3,[0,"c8RnIGkXdMCLxHKAWqGCwu"],1],[15,45,1080,1920,-4,[0,"86RjU/hWBFZqgKk41RvuU/"]]],[3,"22GNrM9vRDUIXKY9cYvHRu",null,null,null,-1,0]],[10,"loo",33554432,1,[[2,-6,[0,"aednHDJJBC76H2gaoBGisS"],[5,839,419]],[4,-7,[0,"81z8wafZBBDKE/ETxRQOFA"],0]],[3,"fdz7M5x6xI8YuMDFS8/NSa",null,null,null,1,0]]],0,[0,1,1,0,0,1,0,0,1,0,0,1,0,-1,2,0,0,2,0,0,2,0,10,1,7],[0,0],[3,3],[4,5]],[[{"name":"BG1","rect":{"x":0,"y":0,"width":1080,"height":1920},"offset":{"x":0,"y":0},"originalSize":{"width":1080,"height":1920},"rotated":false,"capInsets":[0,0,0,0],"vertices":{"rawPosition":[-540,-960,0,540,-960,0,-540,960,0,540,960,0],"indexes":[0,1,2,2,1,3],"uv":[0,1920,1080,1920,0,0,1080,0],"nuv":[0,0,1,0,0,1,1,1],"minPos":{"x":-540,"y":-960,"z":0},"maxPos":{"x":540,"y":960,"z":0}},"packable":true,"pixelsToUnit":100,"pivot":{"x":0.5,"y":0.5},"meshType":0}],[2],0,[0],[2],[6]],[[{"base":"2,2,0,0,2,0","rgbe":true,"mipmaps":[{"front":"d0MqyYBeFAkIi762QNy1/B@b47c0@e9a6d","back":"d0MqyYBeFAkIi762QNy1/B@b47c0@40c10","left":"d0MqyYBeFAkIi762QNy1/B@b47c0@8fd34","right":"d0MqyYBeFAkIi762QNy1/B@b47c0@74afd","top":"d0MqyYBeFAkIi762QNy1/B@b47c0@bb97f","bottom":"d0MqyYBeFAkIi762QNy1/B@b47c0@7d38f"}]}],[3],0,[],[],[]],[[{"fmt":"0","w":0,"h":0},-1],[0],0,[],[],[]],[[{"fmt":"0","w":0,"h":0},-1],[0],0,[],[],[]],[[{"fmt":"0","w":0,"h":0},-1],[0],0,[],[],[]],[[{"fmt":"0","w":0,"h":0},-1],[0],0,[],[],[]],[[{"fmt":"0","w":0,"h":0},-1],[0],0,[],[],[]],[[{"fmt":"0","w":0,"h":0},-1],[0],0,[],[],[]]]]
