[{"__type__":"cc.SpriteFrame","content":{"name":"food1","texture":"0dY+WAI8FLxZVpl1TU7Z2Q","rect":[0,0,175,160],"offset":[0,0],"originalSize":[175,160],"capInsets":[0,0,0,0]}},[{"__type__":"cc.Prefab","_name":"food1","data":{"__id__":1}},{"__type__":"cc.Node","_name":"food1","_components":[{"__type__":"cc.Sprite","node":{"__id__":1},"_materials":[{"__uuid__":"ecpdLyjvZBwrvm+cedCcQy"}],"_spriteFrame":{"__uuid__":"92v/wxWoJAz5eLPgesirtq"}},{"__type__":"cc.RigidBody","node":{"__id__":1}},{"__type__":"cc.PhysicsPolygonCollider","node":{"__id__":1},"_friction":0.4,"points":[{"__type__":"cc.Vec2","x":-4.5,"y":80},{"__type__":"cc.Vec2","x":-59.5,"y":50},{"__type__":"cc.Vec2","x":-84.5,"y":20},{"__type__":"cc.Vec2","x":-84.5,"y":-25},{"__type__":"cc.Vec2","x":-66.5,"y":-50},{"__type__":"cc.Vec2","x":-14.5,"y":-79},{"__type__":"cc.Vec2","x":45.5,"y":-74},{"__type__":"cc.Vec2","x":82.5,"y":-45},{"__type__":"cc.Vec2","x":87.5,"y":5},{"__type__":"cc.Vec2","x":85.5,"y":36},{"__type__":"cc.Vec2","x":66.5,"y":62}]}],"_prefab":{"__type__":"cc.PrefabInfo","root":{"__id__":1},"asset":{"__uuid__":"abS0Lb6JZL9pvYSUYjVCOw"},"fileId":"21zY+HaG5BNo3YK8oh3TiS"},"_contentSize":{"__type__":"cc.Size","width":175,"height":160},"groupIndex":1}]]