[1,["f0A7W6dnNPYI9xnXl0gRfn@f9941","e39mq07G5MaK3Lr3pm5NTd@f9941","6fAc9/gb9Kfr1dCvwZaWSA@b47c0","d0MqyYBeFAkIi762QNy1/B@b47c0","f0A7W6dnNPYI9xnXl0gRfn@6c48a"],["node","_spriteFrame","_cameraComponent","progressBar","transform","scene","_parent","_envmapHDR","_envmapLDR","_textureSource"],[["cc.Sprite",["_sizeMode","_type","_fillRange","node","_color","_spriteFrame"],0,1,5,6],["cc.Node",["_name","_layer","_id","_components","_lpos","_children","_parent"],0,12,5,2,1],["cc.Widget",["_alignFlags","_top","_bottom","_originalHeight","_left","_right","_originalWidth","node"],-4,1],["cc.Node",["_name","_layer","_parent","_components","_lpos"],1,1,9,5],["cc.UITransform",["node","_contentSize","_anchorPoint"],3,1,5,5],"cc.SpriteFrame",["cc.SceneAsset",["_name"],2],["cc.Node",["_name","_parent","_components","_lpos"],2,1,2,5],["cc.Canvas",["node","_cameraComponent"],3,1,1],["b5049GmvGJLpK0Kp6DG9vNi",["listBG","node","background","loadingLabel","transform","progressBar"],2,1,4,4,1,1],["cc.Label",["_string","_actualFontSize","_fontSize","_overflow","_isBold"],-2],["cc.Scene",["_name","_children","_prefab","_globals"],2,2,4,4],["cc.PrefabInfo",["root","asset","fileId","instance","targetOverrides","nestedPrefabInstanceRoots"],-3],["cc.SceneGlobals",["ambient","shadows","_skybox","fog","octree","lightProbeInfo"],3,4,4,4,4,4,4],["cc.AmbientInfo",["_skyIllumLDR","_skyColorHDR","_groundAlbedoHDR","_skyColorLDR","_groundAlbedoLDR"],2,5,5,5,5],["cc.ShadowsInfo",["_shadowColor"],3,5],["cc.SkyboxInfo",["_envmapHDR","_envmapLDR"],3,6,6],["cc.FogInfo",["_fogDensity","_fogRange"],1],["cc.OctreeInfo",[],3],["cc.LightProbeInfo",[],3],["cc.Camera",["_projection","_priority","_orthoHeight","_far","_visibility","node","_color"],-2,1,5],["cc.ProgressBar",["_mode","_progress","node","_barSprite"],1,1,1]],[[4,0,1,1],[4,0,1,2,1],[6,0,2],[1,0,1,2,5,3,4,4],[1,0,1,6,5,3,4,3],[1,0,1,6,3,4,3],[3,0,1,2,3,3],[3,0,1,2,3,4,3],[7,0,1,2,3,2],[8,0,1,1],[2,0,4,5,1,2,7,6],[2,0,1,2,3,7,5],[2,0,6,3,7,4],[9,0,1,2,3,4,5,2],[0,1],[0,1,0,3,4,5,3],[0,0,3,5,2],[0,1,0,2,3,4,5,4],[0,1,0,3,4,3],[10,0,1,2,3,4,6],[11,0,1,2,3,2],[12,0,1,2,3,4,5,7],[13,0,1,2,3,4,5,1],[14,0,1,2,3,4,2],[15,0,1],[16,0,1,1],[17,0,1,3],[18,1],[19,1],[20,0,1,2,3,4,5,6,6],[21,0,1,2,3,3]],[[[[2,"SceneLoader"],[3,"Canvas",33554432,"f3a5zjj99IwbSu9+QJo93J",[-8,-9,-10],[[-1,[9,-3,-2],[10,45,5.684341886080802e-14,5.684341886080802e-14,1.1368683772161603e-13,1.1368683772161603e-13,-4],[13,[null,null,null],-7,[14],[19,"ĐANG TẢI...",51,50,2,true],-6,-5]],1,4,4,4],[1,540,960.0000000000001,0]],[4,"ProgressBar",33554432,1,[-15,-16],[[[0,-11,[5,1005.2,47.7]],[15,1,0,-12,[4,2768303615],2],-13,[11,20,772.5,137.44699999999972,15,-14]],4,4,1,4],[1,0,-798.7030000000003,0]],[6,"BG",33554432,1,[[0,-17,[5,1080,1920]],[16,0,-18,0],[12,45,1920,1080,-19]]],[7,"BgBar",33554432,2,[[1,-20,[5,992,31],[0,0,0.5]],[17,3,0,1,-21,[4,4284045658],1]],[1,-496.85,0.05,0]],[5,"Bar",33554432,2,[[[1,-22,[5,992,31],[0,0,0.5]],-23],4,1],[1,-496.85,0.05,0]],[20,"SceneLoader",[1],[21,null,null,"353ac9f6-8056-40f3-9423-d9fe33c69a37",null,null,null],[22,[23,0.800000011920929,[2,0.4525879919528961,0.6076419949531555,0.7556989789009094,0.520833125],[2,0.6185550093650818,0.5778480172157288,0.5445640087127686,0],[2,0.4525879919528961,0.6076419949531555,0.7556989789009094,0],[2,0.6185550093650818,0.5778480172157288,0.5445640087127686,0]],[24,[4,4283190348]],[25,3,4],[26,0.30000001192092896,1.2000000476837158],[27],[28]]],[8,"Camera",1,[-24],[1,0,0,1000]],[29,0,1073741824,960.0000000000001,2000,41943040,7,[4,4290156800]],[18,3,0,5,[4,4278248703]],[30,2,0,2,9],[0,1,[5,1080,1920]]],0,[0,-1,11,0,2,8,0,0,1,0,0,1,0,3,10,0,4,11,0,0,1,0,-1,7,0,-2,3,0,-3,2,0,0,2,0,0,2,0,-3,10,0,0,2,0,-1,4,0,-2,5,0,0,3,0,0,3,0,0,3,0,0,4,0,0,4,0,0,5,0,-2,9,0,-1,8,0,5,6,1,6,6,24],[0,0,0,0,0,9],[1,1,1,7,8,1],[1,0,0,2,3,0]],[[{"name":"loading bar","rect":{"x":0,"y":0,"width":1106,"height":41},"offset":{"x":0,"y":0},"originalSize":{"width":1106,"height":41},"rotated":false,"capInsets":[0,0,0,0],"vertices":{"rawPosition":[-553,-20.5,0,553,-20.5,0,-553,20.5,0,553,20.5,0],"indexes":[0,1,2,2,1,3],"uv":[0,41,1106,41,0,0,1106,0],"nuv":[0,0,1,0,0,1,1,1],"minPos":{"x":-553,"y":-20.5,"z":0},"maxPos":{"x":553,"y":20.5,"z":0}},"packable":true,"pixelsToUnit":100,"pivot":{"x":0.5,"y":0.5},"meshType":0}],[5],0,[0],[9],[4]]]]
