[[{"__type__":"cc.SceneAsset","_name":"loading","scene":{"__id__":1},"asyncLoadAssets":null},{"__type__":"cc.Scene","_name":"New Node","_children":[{"__id__":2}],"_anchorPoint":{"__type__":"cc.Vec2"},"autoReleaseAssets":false},{"__type__":"cc.Node","_name":"Canvas","_parent":{"__id__":1},"_children":[{"__id__":3},{"__id__":4},{"__id__":5}],"_components":[{"__type__":"cc.Canvas","node":{"__id__":2},"_designResolution":{"__type__":"cc.Size","width":1080,"height":1920},"_fitWidth":true},{"__type__":"6fc77m+xdZEQZoo2aJnrLUy","node":{"__id__":2},"label":{"__id__":6}}],"_contentSize":{"__type__":"cc.Size","width":1080,"height":1920},"_position":{"__type__":"cc.Vec3","x":540,"y":960},"_id":"1fY0+e7+RMJa9smPu8WgLk"},{"__type__":"cc.Node","_name":"Main Camera","_parent":{"__id__":2},"_level":1,"_components":[{"__type__":"cc.Camera","node":{"__id__":3},"_clearFlags":7,"_depth":-1}],"_position":{"__type__":"cc.Vec3","z":383.640017328599}},{"__type__":"cc.Node","_name":"New Sprite","_parent":{"__id__":2},"_level":1,"_components":[{"__type__":"cc.Sprite","node":{"__id__":4},"_materials":[{"__uuid__":"ecpdLyjvZBwrvm+cedCcQy"}],"_spriteFrame":{"__uuid__":"a2MjXRFdtLlYQ5ouAFv/+R"},"_sizeMode":0},{"__type__":"cc.Widget","node":{"__id__":4},"_alignFlags":45,"_top":-2785,"_bottom":-2785,"_originalWidth":1080,"_originalHeight":1920}],"_color":{"__type__":"cc.Color","r":223,"g":241,"b":255},"_contentSize":{"__type__":"cc.Size","width":1080,"height":7490}},{"__type__":"cc.Node","_name":"New Label","_parent":{"__id__":2},"_level":1,"_components":[{"__id__":6}],"_contentSize":{"__type__":"cc.Size","width":97.87,"height":50.4},"_position":{"__type__":"cc.Vec3","x":-540,"y":-960}},{"__type__":"cc.Label","node":{"__id__":5},"_materials":[{"__uuid__":"ecpdLyjvZBwrvm+cedCcQy"}],"_useOriginalSize":false,"_string":"Label","_N$string":"Label","_N$horizontalAlign":1,"_N$verticalAlign":1}],{"__type__":"cc.SpriteFrame","content":{"name":"default_sprite_splash","texture":"02delMVqdBD70a/HSD99FK","rect":[0,0,2,2],"offset":[0,0],"originalSize":[2,2],"capInsets":[0,0,0,0]}}]