[1,["e39mq07G5MaK3Lr3pm5NTd@f9941","d0MqyYBeFAkIi762QNy1/B@b47c0","6fAc9/gb9Kfr1dCvwZaWSA@b47c0","e39mq07G5MaK3Lr3pm5NTd@6c48a"],["node","_cameraComponent","scene","_parent","_spriteFrame","_envmapHDR","_envmapLDR","_textureSource"],["cc.ImageAsset",["cc.Node",["_name","_layer","_id","_components","_parent","_children","_lpos"],0,9,1,2,5],"cc.TextureCube",["cc.Widget",["_alignFlags","_left","_right","_top","_bottom","_originalWidth","_originalHeight","node"],-4,1],"cc.SpriteFrame",["cc.SceneAsset",["_name"],2],["cc.Node",["_name","_parent","_components","_lpos"],2,1,2,5],["cc.UITransform",["node","_contentSize"],3,1,5],["cc.Canvas",["node","_cameraComponent"],3,1,1],["cc.Sprite",["_sizeMode","node","_spriteFrame"],2,1,6],["cc.Scene",["_name","_children","_prefab","_globals"],2,2,4,4],["cc.PrefabInfo",["root","asset","fileId","instance","targetOverrides","nestedPrefabInstanceRoots"],-3],["cc.SceneGlobals",["ambient","shadows","_skybox","fog","octree","lightProbeInfo"],3,4,4,4,4,4,4],["cc.AmbientInfo",["_skyIllumLDR","_skyColorHDR","_skyColorLDR","_groundAlbedoLDR"],2,5,5,5],["cc.ShadowsInfo",["_shadowColor"],3,5],["cc.SkyboxInfo",["_enabled","_envmapHDR","_envmapLDR"],2,6,6],["cc.FogInfo",["_fogDensity","_fogRange"],1],["cc.OctreeInfo",[],3],["cc.LightProbeInfo",[],3],["2fac3Nf965B8IvTxQxaHqF5",["node"],3,1],["cc.Camera",["_projection","_priority","_orthoHeight","_far","_visibility","node","_color"],-2,1,5]],[[7,0,1,1],[5,0,2],[1,0,1,2,5,3,6,4],[1,0,1,4,3,3],[1,0,2,4,3,3],[6,0,1,2,3,2],[8,0,1,1],[3,0,1,2,3,4,7,6],[3,0,5,6,7,4],[9,0,1,2,2],[10,0,1,2,3,2],[11,0,1,2,3,4,5,7],[12,0,1,2,3,4,5,1],[13,0,1,2,3,2],[14,0,1],[15,0,1,2,2],[16,0,1,3],[17,1],[18,1],[19,0,1],[20,0,1,2,3,4,5,6,6]],[[[[1,"StartScene"],[2,"Canvas",33554432,"8bRXFHfDdHqIuQPSmgb/GK",[-5,-6],[[0,-1,[5,1080,1920]],[6,-3,-2],[7,45,5.684341886080802e-14,5.684341886080802e-14,1.1368683772161603e-13,1.1368683772161603e-13,-4]],[1,540,960.0000000000001,0]],[3,"BG",33554432,1,[[0,-7,[5,1080,1920]],[9,0,-8,0],[8,45,1920,1080,-9]]],[10,"StartScene",[-10,1],[11,null,null,"07bde445-38c1-4f07-90c0-4018ef1abff8",null,null,null],[12,[13,0.800000011920929,[2,0.20000000298023224,0.5,0.800000011920929,0.520833125],[2,0.4525879919528961,0.6076419949531555,0.7556989789009094,0],[2,0.6185550093650818,0.5778480172157288,0.5445640087127686,0]],[14,[4,4283190348]],[15,true,1,2],[16,0.30000001192092896,1.2000000476837158],[17],[18]]],[4,"Checker","68RCIYRyhCRpcmlEucOq9o",3,[[19,-11]]],[5,"Camera",1,[-12],[1,0,0,1000]],[20,0,1073741824,960.0000000000001,2000,41943040,5,[4,4290222080]]],0,[0,0,1,0,1,6,0,0,1,0,0,1,0,-1,5,0,-2,2,0,0,2,0,0,2,0,0,2,0,-1,4,0,0,4,0,-1,6,0,2,3,1,3,3,12],[0,0,0],[4,5,6],[0,1,2]],[[{"base":"2,2,0,0,2,0","rgbe":false,"mipmaps":[{"front":"6fAc9/gb9Kfr1dCvwZaWSA@b47c0@e9a6d","back":"6fAc9/gb9Kfr1dCvwZaWSA@b47c0@40c10","left":"6fAc9/gb9Kfr1dCvwZaWSA@b47c0@8fd34","right":"6fAc9/gb9Kfr1dCvwZaWSA@b47c0@74afd","top":"6fAc9/gb9Kfr1dCvwZaWSA@b47c0@bb97f","bottom":"6fAc9/gb9Kfr1dCvwZaWSA@b47c0@7d38f"}]}],[2],0,[],[],[]],[[{"fmt":"0","w":0,"h":0},-1],[0],0,[],[],[]],[[{"fmt":"0","w":0,"h":0},-1],[0],0,[],[],[]],[[{"fmt":"0","w":0,"h":0},-1],[0],0,[],[],[]],[[{"fmt":"0","w":0,"h":0},-1],[0],0,[],[],[]],[[{"fmt":"0","w":0,"h":0},-1],[0],0,[],[],[]],[[{"fmt":"0","w":0,"h":0},-1],[0],0,[],[],[]],[[{"base":"2,2,0,0,2,0","rgbe":true,"mipmaps":[{"front":"d0MqyYBeFAkIi762QNy1/B@b47c0@e9a6d","back":"d0MqyYBeFAkIi762QNy1/B@b47c0@40c10","left":"d0MqyYBeFAkIi762QNy1/B@b47c0@8fd34","right":"d0MqyYBeFAkIi762QNy1/B@b47c0@74afd","top":"d0MqyYBeFAkIi762QNy1/B@b47c0@bb97f","bottom":"d0MqyYBeFAkIi762QNy1/B@b47c0@7d38f"}]}],[2],0,[],[],[]],[[{"fmt":"0","w":0,"h":0},-1],[0],0,[],[],[]],[[{"fmt":"0","w":0,"h":0},-1],[0],0,[],[],[]],[[{"fmt":"0","w":0,"h":0},-1],[0],0,[],[],[]],[[{"fmt":"0","w":0,"h":0},-1],[0],0,[],[],[]],[[{"fmt":"0","w":0,"h":0},-1],[0],0,[],[],[]],[[{"fmt":"0","w":0,"h":0},-1],[0],0,[],[],[]],[[{"name":"Bgwi","rect":{"x":0,"y":0,"width":1080,"height":1920},"offset":{"x":0,"y":0},"originalSize":{"width":1080,"height":1920},"rotated":false,"capInsets":[0,0,0,0],"vertices":{"rawPosition":[-540,-960,0,540,-960,0,-540,960,0,540,960,0],"indexes":[0,1,2,2,1,3],"uv":[0,1920,1080,1920,0,0,1080,0],"nuv":[0,0,1,0,0,1,1,1],"minPos":{"x":-540,"y":-960,"z":0},"maxPos":{"x":540,"y":960,"z":0}},"packable":true,"pixelsToUnit":100,"pivot":{"x":0.5,"y":0.5},"meshType":0}],[4],0,[0],[7],[3]]]]
