[[{"__type__":"cc.SceneAsset","_name":"LoadScene","scene":{"__id__":1},"asyncLoadAssets":null},{"__type__":"cc.Scene","_name":"New Node","_children":[{"__id__":2}],"_anchorPoint":{"__type__":"cc.Vec2"},"autoReleaseAssets":false},{"__type__":"cc.Node","_name":"Canvas","_parent":{"__id__":1},"_children":[{"__id__":3},{"__id__":4},{"__id__":7},{"__id__":9}],"_components":[{"__type__":"cc.Canvas","node":{"__id__":2},"_designResolution":{"__type__":"cc.Size","width":1560,"height":720}}],"_contentSize":{"__type__":"cc.Size","width":1560,"height":720},"_position":{"__type__":"cc.Vec3","x":780,"y":360},"_id":"0eQsJHVsdBiYvBuG3KQXbH"},{"__type__":"cc.Node","_name":"Main Camera","_parent":{"__id__":2},"_level":1,"_components":[{"__type__":"cc.Camera","node":{"__id__":3},"_clearFlags":7,"_depth":-1}],"_position":{"__type__":"cc.Vec3","z":623.5382907247958}},{"__type__":"cc.Node","_name":"LoadGameController","_parent":{"__id__":2},"_level":1,"_components":[{"__type__":"89e3bULnINAO5LStk1zefH7","node":{"__id__":4},"loadingLabel":{"__id__":5}}]},{"__type__":"cc.Label","node":{"__id__":6},"_materials":[{"__uuid__":"ecpdLyjvZBwrvm+cedCcQy"}],"_useOriginalSize":false,"_string":"Update","_N$string":"Update","_N$file":{"__uuid__":"8aIfhexotJEqblw8wUKUmc"},"_isSystemFontUsed":false,"_N$horizontalAlign":1,"_N$verticalAlign":1,"_N$overflow":1},{"__type__":"cc.Node","_name":"LbLoading","_parent":{"__id__":7},"_level":2,"_components":[{"__id__":5},{"__type__":"cc.Widget","node":{"__id__":6},"_alignFlags":18,"_bottom":50,"_verticalCenter":-280}],"_contentSize":{"__type__":"cc.Size","width":1000,"height":50.4},"_position":{"__type__":"cc.Vec3","y":-280}},{"__type__":"cc.Node","_name":"sprite","_parent":{"__id__":2},"_children":[{"__id__":8},{"__id__":6}],"_level":1,"_components":[{"__type__":"cc.Sprite","node":{"__id__":7},"_materials":[{"__uuid__":"ecpdLyjvZBwrvm+cedCcQy"}],"_spriteFrame":{"__uuid__":"c83ryYm6dJkISYX1PMSKOq"},"_type":1,"_sizeMode":0}],"_contentSize":{"__type__":"cc.Size","width":3560,"height":1080}},{"__type__":"cc.Node","_name":"sprite","_parent":{"__id__":7},"_level":2,"_components":[{"__type__":"cc.Sprite","node":{"__id__":8},"_materials":[{"__uuid__":"ecpdLyjvZBwrvm+cedCcQy"}],"_spriteFrame":{"__uuid__":"1fVEA2mhNI8ImfhbLmSK5I"}}],"_contentSize":{"__type__":"cc.Size","width":824,"height":443}},{"__type__":"cc.Node","_name":"New ProgressBar","_parent":{"__id__":2},"_children":[{"__id__":10}],"_active":false,"_level":1,"_components":[{"__type__":"cc.Sprite","node":{"__id__":9},"_materials":[{"__uuid__":"ecpdLyjvZBwrvm+cedCcQy"}],"_spriteFrame":{"__uuid__":"8855/VlrRKd6H0MSRnFxAU"},"_type":1,"_sizeMode":0},{"__type__":"cc.ProgressBar","node":{"__id__":9},"_N$totalLength":300,"_N$barSprite":{"__id__":11},"_N$progress":0}],"_contentSize":{"__type__":"cc.Size","width":300,"height":15},"_position":{"__type__":"cc.Vec3","y":-168.56}},{"__type__":"cc.Node","_name":"bar","_parent":{"__id__":9},"_components":[{"__id__":11}],"_contentSize":{"__type__":"cc.Size","height":15},"_anchorPoint":{"__type__":"cc.Vec2","y":0.5},"_position":{"__type__":"cc.Vec3","x":-150}},{"__type__":"cc.Sprite","node":{"__id__":10},"_materials":[{"__uuid__":"ecpdLyjvZBwrvm+cedCcQy"}],"_spriteFrame":{"__uuid__":"675ovJ2tVK2aLYfgPUWOMv"},"_type":1,"_sizeMode":0}],{"__type__":"cc.SpriteFrame","content":{"name":"logo","texture":"0dz9lbAJJIeo9hrDoPh3UB","rect":[0,0,824,443],"offset":[0,0],"originalSize":[824,443],"capInsets":[0,0,0,0]}},{"__type__":"cc.SpriteFrame","content":{"name":"default_progressbar","texture":"cf73jxyN9Jt47QTJU6ziYh","rect":[0,0,30,15],"offset":[0,0],"originalSize":[30,15],"capInsets":[10,4,10,4]}},{"__type__":"cc.SpriteFrame","content":{"name":"default_progressbar_bg","texture":"99FwsL0hBG8bITfZ4/IwmK","rect":[0,0,60,15],"offset":[0,0],"originalSize":[60,15],"capInsets":[10,4,10,4]}},{"__type__":"cc.SpriteFrame","content":{"name":"BG2","texture":"ccI5xRWthGeav0B33YDnaZ","rect":[0,0,1920,1080],"offset":[0,0],"originalSize":[1920,1080],"capInsets":[0,0,0,0]}}]