[{"__type__":"cc.SpriteFrame","content":{"name":"bg","texture":"65Etf4qzNNY72KBXCrHQYY","rect":[4,6,1662,72],"offset":[-1,1.5],"originalSize":[1672,87],"capInsets":[0,0,0,0]}},{"__type__":"cc.SpriteFrame","content":{"name":"starlight","texture":"3171sXWrxJXKTiaCpJzPP7","rect":[0,0,6070,3414],"offset":[0,0],"originalSize":[6070,3414],"capInsets":[0,0,0,0]}},{"__type__":"cc.SpriteFrame","content":{"name":"pink","texture":"60omiAfI5EZqmdurBeORqg","rect":[7,23,1659,61],"offset":[0.5,0],"originalSize":[1672,107],"capInsets":[0,0,0,0]}},[{"__type__":"cc.SceneAsset","_name":"main","scene":{"__id__":1},"asyncLoadAssets":null},{"__type__":"cc.Scene","_name":"New Node","_children":[{"__id__":2},{"__id__":12}],"_anchorPoint":{"__type__":"cc.Vec2"},"autoReleaseAssets":false},{"__type__":"cc.Node","_name":"UI","_parent":{"__id__":1},"_children":[{"__id__":3},{"__id__":4},{"__id__":5}],"_level":1,"_components":[{"__type__":"cc.Canvas","node":{"__id__":2},"_designResolution":{"__type__":"cc.Size","width":1920,"height":1080},"_fitWidth":true}],"_contentSize":{"__type__":"cc.Size","width":1920,"height":1080},"_position":{"__type__":"cc.Vec3","x":960,"y":540},"_id":"9ft0TixeZGTqiUup5yBnO0"},{"__type__":"cc.Node","_name":"Main Camera","_parent":{"__id__":2},"_level":2,"_components":[{"__type__":"cc.Camera","node":{"__id__":3},"_clearFlags":7,"_depth":-1}],"_position":{"__type__":"cc.Vec3","z":245.08518927099615}},{"__type__":"cc.Node","_name":"bg","_parent":{"__id__":2},"_level":2,"_components":[{"__type__":"cc.Sprite","node":{"__id__":4},"_materials":[{"__uuid__":"ecpdLyjvZBwrvm+cedCcQy"}],"_spriteFrame":{"__uuid__":"64D60lYQxGmolPJph0SMbr"}}],"_contentSize":{"__type__":"cc.Size","width":6070,"height":3414}},{"__type__":"cc.Node","_name":"progressBar","_parent":{"__id__":2},"_children":[{"__id__":6},{"__id__":7},{"__id__":9}],"_level":2,"_components":[{"__type__":"cc.Sprite","node":{"__id__":5},"_materials":[{"__uuid__":"ecpdLyjvZBwrvm+cedCcQy"}],"_spriteFrame":{"__uuid__":"0eZ2xs6k5LqontMzDj6G9p"},"_sizeMode":0,"_fillType":2,"_fillRange":1},{"__id__":11}],"_color":{"__type__":"cc.Color","r":2,"g":2,"b":2},"_contentSize":{"__type__":"cc.Size","width":1662,"height":72},"_position":{"__type__":"cc.Vec3","y":-400}},{"__type__":"cc.Node","_name":"bar inner","_parent":{"__id__":5},"_level":3,"_components":[{"__type__":"cc.Sprite","node":{"__id__":6},"_materials":[{"__uuid__":"ecpdLyjvZBwrvm+cedCcQy"}],"_spriteFrame":{"__uuid__":"0eZ2xs6k5LqontMzDj6G9p"},"_type":1,"_sizeMode":0,"_fillRange":1}],"_contentSize":{"__type__":"cc.Size","width":1650,"height":61},"_anchorPoint":{"__type__":"cc.Vec2","y":0.5},"_position":{"__type__":"cc.Vec3","x":-825.512}},{"__type__":"cc.Node","_name":"bar","_parent":{"__id__":5},"_components":[{"__id__":8}],"_contentSize":{"__type__":"cc.Size","width":1650,"height":61},"_anchorPoint":{"__type__":"cc.Vec2","y":0.5},"_position":{"__type__":"cc.Vec3","x":-825.512}},{"__type__":"cc.Sprite","node":{"__id__":7},"_materials":[{"__uuid__":"ecpdLyjvZBwrvm+cedCcQy"}],"_spriteFrame":{"__uuid__":"89LwObAptI24evWBjpXuFz"},"_type":3,"_sizeMode":0,"_fillRange":1},{"__type__":"cc.Node","_name":"loadingLabel","_parent":{"__id__":5},"_level":3,"_components":[{"__id__":10}],"_contentSize":{"__type__":"cc.Size","width":162.34,"height":50.4},"_position":{"__type__":"cc.Vec3","y":86.17}},{"__type__":"cc.Label","node":{"__id__":9},"_materials":[{"__uuid__":"ecpdLyjvZBwrvm+cedCcQy"}],"_useOriginalSize":false,"_string":"loading...","_N$string":"loading...","_N$horizontalAlign":1,"_N$verticalAlign":1},{"__type__":"cc.ProgressBar","node":{"__id__":5},"_N$barSprite":{"__id__":8},"_N$mode":2},{"__type__":"cc.Node","_name":"assetLoader","_parent":{"__id__":1},"_level":1,"_components":[{"__type__":"70021UKzs1K0oNIvxWwhjqI","node":{"__id__":12},"loadingLabel":{"__id__":10},"loadingBar":{"__id__":11}}],"_id":"a3Udi5BUZAbLjHyj4Pf/St"}]]