[{"__type__":"cc.SpriteFrame","content":{"name":"logo","texture":"843VrgSF9CZY7xiU0JLCga","rect":[0,0,1028,403],"offset":[0,0],"originalSize":[1028,403],"capInsets":[0,0,0,0]}},[{"__type__":"cc.SceneAsset","_name":"GameLoader","scene":{"__id__":1},"asyncLoadAssets":null},{"__type__":"cc.Scene","_name":"New Node","_children":[{"__id__":2},{"__id__":8}],"_anchorPoint":{"__type__":"cc.Vec2"},"autoReleaseAssets":false},{"__type__":"cc.Node","_name":"Canvas","_parent":{"__id__":1},"_children":[{"__id__":3},{"__id__":4}],"_components":[{"__type__":"cc.Canvas","node":{"__id__":2},"_designResolution":{"__type__":"cc.Size","width":1560,"height":720},"_fitWidth":true},{"__type__":"cc.Widget","node":{"__id__":2},"_alignFlags":45}],"_contentSize":{"__type__":"cc.Size","width":1560,"height":720},"_position":{"__type__":"cc.Vec3","x":780,"y":360},"_id":"a5esZu+45LA5mBpvttspPD"},{"__type__":"cc.Node","_name":"Main Camera","_parent":{"__id__":2},"_components":[{"__type__":"cc.Camera","node":{"__id__":3},"_clearFlags":7,"_depth":-1}],"_contentSize":{"__type__":"cc.Size","width":960,"height":640},"_position":{"__type__":"cc.Vec3","z":623.5382907247958}},{"__type__":"cc.Node","_name":"sprite","_parent":{"__id__":2},"_children":[{"__id__":5},{"__id__":6}],"_level":1,"_components":[{"__type__":"cc.Sprite","node":{"__id__":4},"_materials":[{"__uuid__":"ecpdLyjvZBwrvm+cedCcQy"}],"_spriteFrame":{"__uuid__":"c2ZVUIZvRJBrM+DiGt4HoV"},"_type":1,"_sizeMode":0}],"_contentSize":{"__type__":"cc.Size","width":2560,"height":1080}},{"__type__":"cc.Node","_name":"sprite","_parent":{"__id__":4},"_level":2,"_components":[{"__type__":"cc.Sprite","node":{"__id__":5},"_materials":[{"__uuid__":"ecpdLyjvZBwrvm+cedCcQy"}],"_spriteFrame":{"__uuid__":"6eQhYAteJMIpNBfhREkSlO"}}],"_contentSize":{"__type__":"cc.Size","width":1028,"height":403}},{"__type__":"cc.Node","_name":"LbLoading","_parent":{"__id__":4},"_level":2,"_components":[{"__id__":7},{"__type__":"cc.Widget","node":{"__id__":6},"_alignFlags":18,"_left":1138.32,"_right":1138.32,"_top":440,"_bottom":440,"_verticalCenter":-273.694,"_originalWidth":283.36,"_originalHeight":200}],"_contentSize":{"__type__":"cc.Size","width":1000,"height":200},"_position":{"__type__":"cc.Vec3","y":-273.694}},{"__type__":"cc.Label","node":{"__id__":6},"_materials":[{"__uuid__":"ecpdLyjvZBwrvm+cedCcQy"}],"_useOriginalSize":false,"_string":"ĐANG TẢI","_N$string":"ĐANG TẢI","_fontSize":50,"_lineHeight":60,"_N$horizontalAlign":1,"_N$verticalAlign":1,"_N$overflow":1},{"__type__":"cc.Node","_name":"LoadGameController","_parent":{"__id__":1},"_components":[{"__type__":"89e3bULnINAO5LStk1zefH7","node":{"__id__":8},"loadingLabel":{"__id__":7}}],"_id":"e9e/uY8j9H1ahk4+HzS1vY"}],{"__type__":"cc.SpriteFrame","content":{"name":"BG","texture":"f6I174GABDSqyqSEdEwoHC","rect":[0,0,1920,1080],"offset":[0,0],"originalSize":[1920,1080],"capInsets":[0,0,0,0]}}]