{"importBase":"import","nativeBase":"native","name":"main","deps":["internal"],"uuids":["0ebdb84b5","0f5ae9ac3","92JC7zUflJSYhmJwoXl1Ln","a3lol1KPZL+ZZISDLzTw7O","baIUdvKGZPgZxNbjWTFuRI","92JC7zUflJSYhmJwoXl1Ln@6c48a","92JC7zUflJSYhmJwoXl1Ln@f9941","92j+5IJ39EE5+d9IgyZqH4","92j+5IJ39EE5+d9IgyZqH4@6c48a","92j+5IJ39EE5+d9IgyZqH4@f9941","dan+jjCvJGM7nz19QxLguC","dan+jjCvJGM7nz19QxLguC@6c48a","dan+jjCvJGM7nz19QxLguC@f9941","fdjsU2o1RKF5x0TziDw3jI","fdoJXLgx1GAa2UhGATlj3o"],"paths":{"3":["db:/assets/LoadScene/LoadScene",0,1],"4":["db:/internal/physics/default-physics-material",2,1],"13":["db:/internal/default_renderpipeline/builtin-forward",1,1]},"scenes":{"db://assets/LoadScene/LoadScene.scene":3},"packs":{"0ebdb84b5":[6,9,3,12],"0f5ae9ac3":[8,5,11]},"versions":{"import":[],"native":[]},"redirect":[4,"0",14,"0"],"debug":false,"extensionMap":{},"hasPreloadScript":true,"dependencyRelationships":{},"types":["cc.SceneAsset","cc.RenderPipeline","cc.PhysicsMaterial"],"encrypted":true}
