[1,["d7o+pKeyNIZp2KX3h+oC3n","d0MqyYBeFAkIi762QNy1/B@b47c0","6fAc9/gb9Kfr1dCvwZaWSA@b47c0","281gUmDttNdoXRd0HLbrSi@6c48a","281gUmDttNdoXRd0HLbrSi@f9941"],["node","root","_cameraComponent","scene","_parent","asset","_envmapHDR","_envmapLDR","_textureSource","data","_spriteFrame"],["cc.ImageAsset",["cc.Node",["_name","_layer","_id","_objFlags","__editorExtras__","_components","_parent","_prefab","_children","_lpos"],-2,9,1,4,2,5],["cc.Widget",["_alignFlags","_left","_right","_top","_bottom","_originalWidth","_originalHeight","node","__prefab"],-4,1,4],"cc.TextureCube",["cc.UITransform",["node","_contentSize","__prefab"],3,1,5,4],["cc.Sprite",["_sizeMode","node","__prefab","_spriteFrame"],2,1,4,6],"cc.SpriteFrame",["cc.SceneAsset",["_name"],2],["cc.Node",["_name","_parent","_components","_lpos"],2,1,2,5],["cc.Canvas",["node","_cameraComponent"],3,1,1],["cc.TargetInfo",["localID"],2],["cc.Scene",["_name","_children","_prefab","_globals"],2,2,4,4],["cc.PrefabInfo",["root","asset","fileId","instance","targetOverrides","nestedPrefabInstanceRoots"],-2,2],["cc.PrefabInfo",["fileId","targetOverrides","nestedPrefabInstanceRoots","root","instance","asset"],0,1,4,6],["cc.PrefabInfo",["fileId","instance","targetOverrides","nestedPrefabInstanceRoots","root","asset"],-1,1,1],["cc.SceneGlobals",["ambient","shadows","_skybox","fog","octree","lightProbeInfo"],3,4,4,4,4,4,4],["cc.AmbientInfo",["_skyIllumLDR","_skyColorHDR","_skyColorLDR","_groundAlbedoLDR"],2,5,5,5],["cc.ShadowsInfo",["_shadowColor"],3,5],["cc.SkyboxInfo",["_enabled","_envmapHDR","_envmapLDR"],2,6,6],["cc.FogInfo",["_fogDensity","_fogRange"],1],["cc.OctreeInfo",[],3],["cc.LightProbeInfo",[],3],["cc.PrefabInstance",["fileId","prefabRootNode","propertyOverrides"],1,9],["CCPropertyOverrideInfo",["value","propertyPath","targetInfo"],1,1],["CCPropertyOverrideInfo",["propertyPath","targetInfo","value"],2,1,8],["CCPropertyOverrideInfo",["propertyPath","targetInfo","value"],2,4,8],["2fac3Nf965B8IvTxQxaHqF5",["node"],3,1],["cc.Camera",["_projection","_priority","_orthoHeight","_far","_visibility","node","_color"],-2,1,5],["cc.Prefab",["_name"],2],["cc.CompPrefabInfo",["fileId"],2]],[[29,0,2],[23,0,1,2,3],[10,0,2],[24,0,1,2,2],[4,0,2,1,1],[14,0,1,2,3,4,5,5],[7,0,2],[1,0,1,2,8,5,9,4],[1,3,4,6,7,3],[1,0,2,6,5,3],[1,0,1,8,5,7,3],[1,0,1,6,5,7,3],[8,0,1,2,3,2],[4,0,1,1],[9,0,1,1],[2,0,1,2,3,4,7,6],[2,0,1,2,3,4,5,6,7,8,8],[2,0,7,8,2],[11,0,1,2,3,2],[12,0,1,2,3,4,5,6],[13,0,1,2,3,4,5,4],[15,0,1,2,3,4,5,1],[16,0,1,2,3,2],[17,0,1],[18,0,1,2,2],[19,0,1,3],[20,1],[21,1],[22,0,1,2,3],[25,0,1,2,2],[26,0,1],[27,0,1,2,3,4,5,6,6],[28,0,2],[5,0,1,2,2],[5,1,2,3,1]],[[[[6,"StartScene"],[7,"Canvas",33554432,"8bRXFHfDdHqIuQPSmgb/GK",[-5,-6],[[13,-1,[5,1080,1920]],[14,-3,-2],[15,45,5.684341886080802e-14,5.684341886080802e-14,1.1368683772161603e-13,1.1368683772161603e-13,-4]],[1,540,960.0000000000001,0]],[2,["3a6c463d-4ea5-459e-be00-5b66f15a02cd"]],[2,["066+t5mWFEPaofIyZ2ErPt"]],[18,"StartScene",[-8,1],[19,null,null,"07bde445-38c1-4f07-90c0-4018ef1abff8",null,null,[-7]],[21,[22,0.800000011920929,[2,0.20000000298023224,0.5,0.800000011920929,0.520833125],[2,0.4525879919528961,0.6076419949531555,0.7556989789009094,0],[2,0.6185550093650818,0.5778480172157288,0.5445640087127686,0]],[23,[4,4283190348]],[24,true,1,2],[25,0.30000001192092896,1.2000000476837158],[26],[27]]],[8,0,{"editorOnly":true},1,[20,"3a6c463d-4ea5-459e-be00-5b66f15a02cd",null,null,-9,[28,"94CEsdC6dErKsLTGI8ds3n",null,[[1,"BG",["_name"],2],[3,["_lpos"],2,[1,0,0,0]],[3,["_lrot"],2,[3,0,0,0,1]],[3,["_euler"],2,[1,0,0,0]],[1,0,["_left"],3],[29,["_contentSize"],[2,["00vMLGW/lJVKenBluJFH92"]],[5,1080,1920]],[1,0,["_right"],3],[1,0,["_top"],3],[1,0,["_bottom"],3]]],0]],[9,"Checker","68RCIYRyhCRpcmlEucOq9o",4,[[30,-10]]],[12,"Camera",1,[-11],[1,0,0,1000]],[31,0,1073741824,960,2000,41943040,7,[4,4290222080]]],0,[0,0,1,0,2,8,0,0,1,0,0,1,0,-1,7,0,-2,5,0,-1,5,0,-1,6,0,1,5,0,0,6,0,-1,8,0,3,4,1,4,4,11],[0,0,0],[5,6,7],[0,1,2]],[[{"name":"ten","rect":{"x":0,"y":0,"width":910,"height":427},"offset":{"x":0,"y":0},"originalSize":{"width":910,"height":427},"rotated":false,"capInsets":[0,0,0,0],"vertices":{"rawPosition":[-455,-213.5,0,455,-213.5,0,-455,213.5,0,455,213.5,0],"indexes":[0,1,2,2,1,3],"uv":[0,427,910,427,0,0,910,0],"nuv":[0,0,1,0,0,1,1,1],"minPos":{"x":-455,"y":-213.5,"z":0},"maxPos":{"x":455,"y":213.5,"z":0}},"packable":true,"pixelsToUnit":100,"pivot":{"x":0.5,"y":0.5},"meshType":0}],[6],0,[0],[8],[3]],[[{"base":"2,2,0,0,2,0","rgbe":false,"mipmaps":[{"front":"6fAc9/gb9Kfr1dCvwZaWSA@b47c0@e9a6d","back":"6fAc9/gb9Kfr1dCvwZaWSA@b47c0@40c10","left":"6fAc9/gb9Kfr1dCvwZaWSA@b47c0@8fd34","right":"6fAc9/gb9Kfr1dCvwZaWSA@b47c0@74afd","top":"6fAc9/gb9Kfr1dCvwZaWSA@b47c0@bb97f","bottom":"6fAc9/gb9Kfr1dCvwZaWSA@b47c0@7d38f"}]}],[3],0,[],[],[]],[[{"fmt":"0","w":0,"h":0},-1],[0],0,[],[],[]],[[{"fmt":"0","w":0,"h":0},-1],[0],0,[],[],[]],[[{"fmt":"0","w":0,"h":0},-1],[0],0,[],[],[]],[[{"fmt":"0","w":0,"h":0},-1],[0],0,[],[],[]],[[{"fmt":"0","w":0,"h":0},-1],[0],0,[],[],[]],[[{"fmt":"0","w":0,"h":0},-1],[0],0,[],[],[]],[[{"base":"2,2,0,0,2,0","rgbe":true,"mipmaps":[{"front":"d0MqyYBeFAkIi762QNy1/B@b47c0@e9a6d","back":"d0MqyYBeFAkIi762QNy1/B@b47c0@40c10","left":"d0MqyYBeFAkIi762QNy1/B@b47c0@8fd34","right":"d0MqyYBeFAkIi762QNy1/B@b47c0@74afd","top":"d0MqyYBeFAkIi762QNy1/B@b47c0@bb97f","bottom":"d0MqyYBeFAkIi762QNy1/B@b47c0@7d38f"}]}],[3],0,[],[],[]],[[{"fmt":"0","w":0,"h":0},-1],[0],0,[],[],[]],[[{"fmt":"0","w":0,"h":0},-1],[0],0,[],[],[]],[[{"fmt":"0","w":0,"h":0},-1],[0],0,[],[],[]],[[{"fmt":"0","w":0,"h":0},-1],[0],0,[],[],[]],[[{"fmt":"0","w":0,"h":0},-1],[0],0,[],[],[]],[[{"fmt":"0","w":0,"h":0},-1],[0],0,[],[],[]],[[[32,"BG"],[10,"BG",33554432,[-5],[[4,-2,[0,"00vMLGW/lJVKenBluJFH92"],[5,240,2760]],[33,0,-3,[0,"6f582rAWROkIjGLPuaJQFH"]],[16,45,420,420,-420,-420,1920,1080,-4,[0,"066+t5mWFEPaofIyZ2ErPt"]]],[5,"3a6c463d-4ea5-459e-be00-5b66f15a02cd",null,null,null,-1,0]],[11,"logo",33554432,1,[[4,-6,[0,"91GLBAeoNEnpZsEMRBa5WH"],[5,910,427]],[34,-7,[0,"5aLhsIifhJa7jcKRJro13o"],0],[17,18,-8,[0,"a2h+QFq01BT62xKVOIuGRf"]]],[5,"d38243af-f578-4af9-ad85-9656a83f0095",null,null,null,1,0]]],0,[0,1,1,0,0,1,0,0,1,0,0,1,0,-1,2,0,0,2,0,0,2,0,0,2,0,9,1,8],[0],[10],[4]]]]
