[{"__type__":"cc.SpriteFrame","content":{"name":"booster","texture":"8cv5qJIXdKX4jnBWs8ZYHc","rect":[0,0,208,207],"offset":[0,0],"originalSize":[208,207],"capInsets":[0,0,0,0]}},[{"__type__":"cc.Prefab","_name":"medicine","data":{"__id__":1}},{"__type__":"cc.Node","_name":"medicine","_children":[{"__id__":2},{"__id__":4}],"_level":1,"_components":[{"__type__":"cc.Sprite","node":{"__id__":1},"_materials":[{"__uuid__":"ecpdLyjvZBwrvm+cedCcQy"}],"_spriteFrame":{"__uuid__":"3fga5X3xxCXLv/zZu/G79k"},"_sizeMode":0},{"__type__":"cc.BoxCollider","node":{"__id__":1},"tag":3,"_size":{"__type__":"cc.Size","width":80,"height":80}},{"__type__":"4fb642ofZpLObcT1H6Ip6hV","node":{"__id__":1},"medicine_name":{"__id__":3}}],"_prefab":{"__type__":"cc.PrefabInfo","root":{"__id__":1},"asset":{"__uuid__":"42vciLMuZMs67Hbc/jZXZy"},"fileId":"7dht6InBtEjowAq7gZES8M"},"_color":{"__type__":"cc.Color","g":255,"b":20},"_contentSize":{"__type__":"cc.Size","width":80,"height":80},"groupIndex":5},{"__type__":"cc.Node","_name":"New Label","_parent":{"__id__":1},"_level":3,"_components":[{"__id__":3}],"_prefab":{"__type__":"cc.PrefabInfo","root":{"__id__":1},"asset":{"__uuid__":"42vciLMuZMs67Hbc/jZXZy"},"fileId":"50xihO6TpKY65NTa80WzNs"},"_color":{"__type__":"cc.Color"},"_contentSize":{"__type__":"cc.Size","width":30,"height":50.4},"_position":{"__type__":"cc.Vec3","y":4.984}},{"__type__":"cc.Label","node":{"__id__":2},"_materials":[{"__uuid__":"ecpdLyjvZBwrvm+cedCcQy"}],"_useOriginalSize":false,"_string":"P","_N$string":"P","_N$file":{"__uuid__":"08qsiyJRZLqI5J68oFvsKG"},"_isSystemFontUsed":false,"_N$horizontalAlign":1,"_N$verticalAlign":1},{"__type__":"cc.Node","_name":"New Sprite","_parent":{"__id__":1},"_level":2,"_components":[{"__type__":"cc.Sprite","node":{"__id__":4},"_materials":[{"__uuid__":"ecpdLyjvZBwrvm+cedCcQy"}],"_spriteFrame":{"__uuid__":"d0lddvKD5KP7Vj2PkIixMr"},"_sizeMode":0}],"_prefab":{"__type__":"cc.PrefabInfo","root":{"__id__":1},"asset":{"__uuid__":"42vciLMuZMs67Hbc/jZXZy"},"fileId":"3126INNpJKPJTI8tlZWAvq"},"_contentSize":{"__type__":"cc.Size","width":158.5,"height":146}}],{"__type__":"cc.SpriteFrame","content":{"name":"booster border","texture":"5a57CWjTlATJgXvde2ULO9","rect":[0,0,315,292],"offset":[0,0],"originalSize":[315,292],"capInsets":[0,0,0,0]}}]