[{"__type__":"cc.SpriteFrame","content":{"name":"star","texture":"9fCRAp2ENEqb44PCBNF0Gn","rect":[0,0,222,222],"offset":[0,0],"originalSize":[222,222],"capInsets":[0,0,0,0]}},{"__type__":"cc.SpriteFrame","content":{"name":"default_sprite_splash","texture":"02delMVqdBD70a/HSD99FK","rect":[0,0,2,2],"offset":[0,0],"originalSize":[2,2],"capInsets":[0,0,0,0]}},[{"__type__":"cc.Prefab","_name":"barrier","data":{"__id__":1}},{"__type__":"cc.Node","_name":"barrier","_children":[{"__id__":2},{"__id__":7}],"_level":1,"_prefab":{"__type__":"cc.PrefabInfo","root":{"__id__":1},"asset":{"__uuid__":"bcdTTFEedIvbLSgWRy4xUe"},"fileId":"fbT/7t8p5DoLTV87KdSkLR"},"_contentSize":{"__type__":"cc.Size","width":145,"height":145},"_position":{"__type__":"cc.Vec3","x":72.5,"y":-5.329070518200751e-15}},{"__type__":"cc.Node","_name":"barrier","_parent":{"__id__":1},"_children":[{"__id__":3},{"__id__":4},{"__id__":5}],"_level":2,"_components":[{"__type__":"cc.Sprite","node":{"__id__":2},"_materials":[{"__uuid__":"ecpdLyjvZBwrvm+cedCcQy"}],"_spriteFrame":{"__uuid__":"d1mTR2jlVPCLWgcixN6qNo"},"_sizeMode":0},{"__type__":"cc.BoxCollider","node":{"__id__":2},"tag":1,"_size":{"__type__":"cc.Size","width":145,"height":145}},{"__type__":"8c022HY4e1HQqJTCjyhozU6","node":{"__id__":2},"particle":{"__id__":6}}],"_prefab":{"__type__":"cc.PrefabInfo","root":{"__id__":1},"asset":{"__uuid__":"bcdTTFEedIvbLSgWRy4xUe"},"fileId":"9ajX0uZHtKN56ZcqCU8lWB"},"_contentSize":{"__type__":"cc.Size","width":145,"height":145},"groupIndex":3},{"__type__":"cc.Node","_name":"bg","_parent":{"__id__":2},"_active":false,"_level":3,"_components":[{"__type__":"cc.Sprite","node":{"__id__":3},"_materials":[{"__uuid__":"ecpdLyjvZBwrvm+cedCcQy"}],"_spriteFrame":{"__uuid__":"a2MjXRFdtLlYQ5ouAFv/+R"},"_sizeMode":0},{"__type__":"cc.Widget","node":{"__id__":3},"_alignFlags":45,"_originalWidth":100,"_originalHeight":100}],"_prefab":{"__type__":"cc.PrefabInfo","root":{"__id__":1},"asset":{"__uuid__":"bcdTTFEedIvbLSgWRy4xUe"},"fileId":"ccLXv5PwBHT6KK3M8xcpJo"},"_contentSize":{"__type__":"cc.Size","width":145,"height":145}},{"__type__":"cc.Node","_name":"star","_parent":{"__id__":2},"_active":false,"_level":3,"_components":[{"__type__":"cc.Sprite","node":{"__id__":4},"_materials":[{"__uuid__":"ecpdLyjvZBwrvm+cedCcQy"}],"_spriteFrame":{"__uuid__":"92y809xHZJ9ZxiJbWZcsau"},"_sizeMode":0}],"_prefab":{"__type__":"cc.PrefabInfo","root":{"__id__":1},"asset":{"__uuid__":"bcdTTFEedIvbLSgWRy4xUe"},"fileId":"80xciyTMBOt7XGFrseVLfg"},"_contentSize":{"__type__":"cc.Size","width":115,"height":115},"_position":{"__type__":"cc.Vec3","y":-3.4}},{"__type__":"cc.Node","_name":"text","_parent":{"__id__":2},"_level":5,"_components":[{"__type__":"cc.Label","node":{"__id__":5},"_materials":[{"__uuid__":"ecpdLyjvZBwrvm+cedCcQy"}],"_useOriginalSize":false,"_string":"1","_N$string":"1","_fontSize":70,"_lineHeight":75,"_N$file":{"__uuid__":"08qsiyJRZLqI5J68oFvsKG"},"_isSystemFontUsed":false,"_N$horizontalAlign":1,"_N$verticalAlign":1}],"_prefab":{"__type__":"cc.PrefabInfo","root":{"__id__":1},"asset":{"__uuid__":"bcdTTFEedIvbLSgWRy4xUe"},"fileId":"5fAMPpbUJPs6aEc3erAeYz"},"_color":{"__type__":"cc.Color","r":66,"g":15,"b":14},"_contentSize":{"__type__":"cc.Size","width":40.74,"height":94.5},"_position":{"__type__":"cc.Vec3","y":-6}},{"__type__":"cc.ParticleSystem","node":{"__id__":7},"_materials":[{"__uuid__":"ecpdLyjvZBwrvm+cedCcQy"}],"_custom":true,"_file":{"__uuid__":"3ft5EgPfpA67xC6zjnaymS"},"_spriteFrame":{"__uuid__":"d1mTR2jlVPCLWgcixN6qNo"},"playOnLoad":false,"totalParticles":400,"duration":0.1,"emissionRate":200,"life":1.07,"lifeVar":0.2,"_startColor":{"__type__":"cc.Color","r":255},"_startColorVar":{"__type__":"cc.Color","a":0},"_endColor":{"__type__":"cc.Color","r":255,"a":127},"_endColorVar":{"__type__":"cc.Color","a":0},"angleVar":360,"startSize":29,"startSizeVar":10,"endSize":15,"endSizeVar":5,"_positionType":1,"positionType":1,"speed":82,"speedVar":271,"tangentialAccel":0},{"__type__":"cc.Node","_name":"New Particle","_parent":{"__id__":1},"_level":2,"_components":[{"__id__":6}],"_prefab":{"__type__":"cc.PrefabInfo","root":{"__id__":1},"asset":{"__uuid__":"bcdTTFEedIvbLSgWRy4xUe"},"fileId":"8aoWcqziZPx4Dr2ua+8kKV"}}],{"__type__":"cc.SpriteFrame","content":{"name":"block 6","texture":"a8/XT0a31MBYTbkUs6DRoZ","rect":[0,0,319,319],"offset":[0,0],"originalSize":[319,319],"capInsets":[30,30,30,30]}}]