[{"__type__":"cc.SpriteFrame","content":{"name":"back","texture":"29tyyq6MRHt6qfR7zZvz2P","rect":[0,0,1920,1080],"offset":[0,0],"originalSize":[1920,1080],"capInsets":[0,0,0,0]}},[{"__type__":"cc.Prefab","_name":"bg","data":{"__id__":1}},{"__type__":"cc.Node","_name":"bg","_children":[{"__id__":2}],"_level":1,"_components":[{"__type__":"cc.Sprite","_name":"bg<Sprite>","node":{"__id__":1},"_materials":[{"__uuid__":"ecpdLyjvZBwrvm+cedCcQy"}],"_spriteFrame":{"__uuid__":"3eh1QzEllNKIXi9LTZmnvY"},"_sizeMode":0},{"__type__":"cc.Widget","node":{"__id__":1},"_alignFlags":21,"_originalWidth":1920,"_originalHeight":1080}],"_prefab":{"__type__":"cc.PrefabInfo","root":{"__id__":1},"asset":{"__uuid__":"c9+XDE2ZhCYaYA8zkhzfYs"},"fileId":"e2V4Yt/wlHpKhlTsEi+S7q"},"_contentSize":{"__type__":"cc.Size","width":2960,"height":1080},"_position":{"__type__":"cc.Vec3","x":960,"y":540}},{"__type__":"cc.Node","_name":"logo","_parent":{"__id__":1},"_level":2,"_components":[{"__type__":"cc.Sprite","_name":"logo<Sprite>","node":{"__id__":2},"_materials":[{"__uuid__":"ecpdLyjvZBwrvm+cedCcQy"}],"_spriteFrame":{"__uuid__":"e0ExFhPfxLvKkMq7TgDQb5"}}],"_prefab":{"__type__":"cc.PrefabInfo","root":{"__id__":1},"asset":{"__uuid__":"c9+XDE2ZhCYaYA8zkhzfYs"},"fileId":"c4aJ2JBRROJ7nnPNNYVm/A"},"_contentSize":{"__type__":"cc.Size","width":876,"height":386}}],{"__type__":"cc.SpriteFrame","content":{"name":"iconn2","texture":"6bz/SH7tlM9KjmdruAWyv2","rect":[0,0,876,386],"offset":[0,0],"originalSize":[876,386],"capInsets":[0,0,0,0]}}]