[{"__type__":"cc.SpriteFrame","content":{"name":"loading_full color-03","texture":"07g98mdU5NJZORfVqiq7mb","rect":[0,0,1257,59],"offset":[0,0],"originalSize":[1257,59],"capInsets":[0,0,0,0]}},[{"__type__":"cc.SceneAsset","_name":"LoadScene","scene":{"__id__":1},"asyncLoadAssets":null},{"__type__":"cc.Scene","_name":"New Node","_children":[{"__id__":2},{"__id__":3},{"__id__":13}],"_anchorPoint":{"__type__":"cc.Vec2"},"autoReleaseAssets":false},{"__type__":"cc.Node","_name":"BG homescreen","_parent":{"__id__":1},"_level":1,"_components":[{"__type__":"cc.Sprite","node":{"__id__":2},"_materials":[{"__uuid__":"ecpdLyjvZBwrvm+cedCcQy"}],"_spriteFrame":{"__uuid__":"64Kha8FLpNZaYCMpRsXZNQ"}}],"_contentSize":{"__type__":"cc.Size","width":1553,"height":634},"_position":{"__type__":"cc.Vec3","x":783.448,"y":325.012},"_id":"94pEBr7LhOppIaoBOdKHSu"},{"__type__":"cc.Node","_name":"Canvas","_parent":{"__id__":1},"_children":[{"__id__":4},{"__id__":5},{"__id__":12},{"__id__":7}],"_components":[{"__type__":"cc.Canvas","node":{"__id__":3},"_designResolution":{"__type__":"cc.Size","width":1560,"height":720}}],"_contentSize":{"__type__":"cc.Size","width":1560,"height":720},"_position":{"__type__":"cc.Vec3","x":780,"y":360},"_id":"0eQsJHVsdBiYvBuG3KQXbH"},{"__type__":"cc.Node","_name":"Main Camera","_parent":{"__id__":3},"_level":1,"_components":[{"__type__":"cc.Camera","node":{"__id__":4},"_clearFlags":7,"_depth":-1}],"_position":{"__type__":"cc.Vec3","z":245.08518927099615}},{"__type__":"cc.Node","_name":"LoadGameController","_parent":{"__id__":3},"_level":1,"_components":[{"__type__":"89e3bULnINAO5LStk1zefH7","node":{"__id__":5},"loadingSprite":{"__id__":6},"loadingBar":{"__id__":10},"loadingLabel":{"__id__":11}}]},{"__type__":"cc.Sprite","node":{"__id__":7},"_materials":[{"__uuid__":"ecpdLyjvZBwrvm+cedCcQy"}],"_spriteFrame":{"__uuid__":"c05gKmGChJGp5MhW87ORzp"},"_type":1,"_sizeMode":0},{"__type__":"cc.Node","_name":"New ProgressBar","_parent":{"__id__":3},"_children":[{"__id__":8}],"_level":1,"_components":[{"__id__":6},{"__id__":10},{"__type__":"cc.Widget","node":{"__id__":7},"_alignFlags":18,"_left":480,"_verticalCenter":-253.939}],"_contentSize":{"__type__":"cc.Size","width":600,"height":29},"_position":{"__type__":"cc.Vec3","y":-253.939}},{"__type__":"cc.Node","_name":"bar","_parent":{"__id__":7},"_components":[{"__id__":9}],"_contentSize":{"__type__":"cc.Size","width":600,"height":29},"_anchorPoint":{"__type__":"cc.Vec2","y":0.5},"_position":{"__type__":"cc.Vec3","x":-300}},{"__type__":"cc.Sprite","node":{"__id__":8},"_materials":[{"__uuid__":"ecpdLyjvZBwrvm+cedCcQy"}],"_spriteFrame":{"__uuid__":"0boB2R94hNUo39Loa8lL7u"},"_type":3,"_sizeMode":0},{"__type__":"cc.ProgressBar","node":{"__id__":7},"_N$barSprite":{"__id__":9},"_N$mode":2,"_N$progress":0},{"__type__":"cc.Label","node":{"__id__":12},"_materials":[{"__uuid__":"ecpdLyjvZBwrvm+cedCcQy"}],"_useOriginalSize":false,"_N$horizontalAlign":1,"_N$verticalAlign":1},{"__type__":"cc.Node","_name":"LbLoading","_parent":{"__id__":3},"_level":1,"_components":[{"__id__":11},{"__type__":"cc.Widget","node":{"__id__":12},"_alignFlags":4,"_bottom":110}],"_contentSize":{"__type__":"cc.Size","height":50.4},"_position":{"__type__":"cc.Vec3","y":-224.8}},{"__type__":"cc.Node","_name":"title","_parent":{"__id__":1},"_level":1,"_components":[{"__type__":"cc.Sprite","node":{"__id__":13},"_materials":[{"__uuid__":"ecpdLyjvZBwrvm+cedCcQy"}],"_spriteFrame":{"__uuid__":"89pCNeJnxBd535GzIaKIZB"}}],"_contentSize":{"__type__":"cc.Size","width":1353,"height":169},"_position":{"__type__":"cc.Vec3","x":770,"y":400},"_id":"banb2wmABKLY85WIhqcnlv"}],{"__type__":"cc.SpriteFrame","content":{"name":"BG homescreen + level","texture":"0b2sn7XOpIRaY1Xz73AK3E","rect":[0,0,1553,634],"offset":[0,0],"originalSize":[1553,634],"capInsets":[0,0,0,0]}},{"__type__":"cc.SpriteFrame","content":{"name":"title","texture":"dbnjOpSANAg7yA/WjYKTWD","rect":[0,0,1353,169],"offset":[0,0],"originalSize":[1353,169],"capInsets":[0,0,0,0]}},{"__type__":"cc.SpriteFrame","content":{"name":"loading_empty bar","texture":"dfxqL6il5GRJkkjZaR7hpd","rect":[0,0,1257,59],"offset":[0,0],"originalSize":[1257,59],"capInsets":[0,0,0,0]}}]